
running 7 tests
test fixture_test_o2::array_literal_nir_materialize_wado ... ok
test fixture_test_o2::array_bounds_elim_const_wir_wado ... ok
test fixture_test_o2::const_global_dedup_wado ... ok
test fixture_test_o2::array_append_collapse_wado ... ok
test fixture_test_o2::match_1_wado ... FAILED
test fixture_test_o2::tmpl_hoist_loop_wado ... FAILED
test fixture_test_o2::opt_container_sroa_tuple_wado ... FAILED

failures:

---- fixture_test_o2::match_1_wado stdout ----

thread 'fixture_test_o2::match_1_wado' (13683) panicked at wado-compiler/src/niri.rs:1701:60:
skeleton operand
stack backtrace:
   0: __rustc::rust_begin_unwind
             at /rustc/ac68faa20c58cbccd01ee7208bf3b6e93a7d7f96/library/std/src/panicking.rs:689:5
   1: core::panicking::panic_fmt
             at /rustc/ac68faa20c58cbccd01ee7208bf3b6e93a7d7f96/library/core/src/panicking.rs:80:14
   2: core::panicking::panic_display::<&str>
             at /rustc/ac68faa20c58cbccd01ee7208bf3b6e93a7d7f96/library/core/src/panicking.rs:259:5
   3: core::option::expect_failed
             at /rustc/ac68faa20c58cbccd01ee7208bf3b6e93a7d7f96/library/core/src/option.rs:2260:5
   4: expect<wado_compiler::nir_arena::ExprId>
             at /rustc/ac68faa20c58cbccd01ee7208bf3b6e93a7d7f96/library/core/src/option.rs:971:21
   5: is_speculatable_a
             at ./src/niri.rs:1701:60
   6: rewrite_match_expr_via<wado_compiler::optimize::const_folding::EngineSink>
             at ./src/niri.rs:1317:13
   7: reduce_local_via<wado_compiler::optimize::const_folding::EngineSink>
             at ./src/niri.rs:967:14
   8: reduce_local
             at ./src/optimize/const_folding.rs:578:26
   9: visit_expr
             at ./src/optimize/const_folding.rs:545:33
  10: walk_children
             at ./src/optimize/const_folding.rs:605:43
  11: visit_stmt
             at ./src/optimize/const_folding.rs:464:32
  12: visit_block
             at ./src/optimize/const_folding.rs:442:29
  13: fold_constants_impl
             at ./src/optimize/const_folding.rs:101:21
  14: fold_constants
             at ./src/optimize/const_folding.rs:49:5
  15: {closure#16}
             at ./src/optimize.rs:530:64
  16: run_pass<wado_compiler::optimize::run_optimization_passes::{closure_env#16}>
             at ./src/optimize.rs:367:19
  17: run_optimization_passes
             at ./src/optimize.rs:530:25
  18: optimize
             at ./src/optimize.rs:265:13
  19: compile_after_load<e2e::common::FilesystemHost>
             at ./src/lib.rs:822:9
  20: {async_fn#0}<e2e::common::FilesystemHost>
             at ./src/lib.rs:427:18
  21: {closure#0}<wado_compiler::compile_with_options::{async_fn_env#0}<e2e::common::FilesystemHost>>
             at /root/.cargo/registry/src/index.crates.io-1949cf8c6b5b557f/tokio-1.52.3/src/runtime/scheduler/current_thread/mod.rs:216:65
  22: poll<core::option::Option<core::result::Result<wado_compiler::CompileResult, wado_compiler::CompileFailure>>, tokio::runtime::scheduler::current_thread::{impl#0}::block_on::{closure#0}::{closure_env#0}<wado_compiler::compile_with_options::{async_fn_env#0}<e2e::common::FilesystemHost>>>
             at /rustc/ac68faa20c58cbccd01ee7208bf3b6e93a7d7f96/library/core/src/future/poll_fn.rs:151:9
  23: {closure#0}<core::future::poll_fn::PollFn<tokio::runtime::scheduler::current_thread::{impl#0}::block_on::{closure#0}::{closure_env#0}<wado_compiler::compile_with_options::{async_fn_env#0}<e2e::common::FilesystemHost>>>>
             at /root/.cargo/registry/src/index.crates.io-1949cf8c6b5b557f/tokio-1.52.3/src/runtime/park.rs:284:71
  24: with_budget<core::task::poll::Poll<core::option::Option<core::result::Result<wado_compiler::CompileResult, wado_compiler::CompileFailure>>>, tokio::runtime::park::{impl#4}::block_on::{closure_env#0}<core::future::poll_fn::PollFn<tokio::runtime::scheduler::current_thread::{impl#0}::block_on::{closure#0}::{closure_env#0}<wado_compiler::compile_with_options::{async_fn_env#0}<e2e::common::FilesystemHost>>>>>
             at /root/.cargo/registry/src/index.crates.io-1949cf8c6b5b557f/tokio-1.52.3/src/task/coop/mod.rs:167:5
  25: budget<core::task::poll::Poll<core::option::Option<core::result::Result<wado_compiler::CompileResult, wado_compiler::CompileFailure>>>, tokio::runtime::park::{impl#4}::block_on::{closure_env#0}<core::future::poll_fn::PollFn<tokio::runtime::scheduler::current_thread::{impl#0}::block_on::{closure#0}::{closure_env#0}<wado_compiler::compile_with_options::{async_fn_env#0}<e2e::common::FilesystemHost>>>>>
             at /root/.cargo/registry/src/index.crates.io-1949cf8c6b5b557f/tokio-1.52.3/src/task/coop/mod.rs:133:5
  26: block_on<core::future::poll_fn::PollFn<tokio::runtime::scheduler::current_thread::{impl#0}::block_on::{closure#0}::{closure_env#0}<wado_compiler::compile_with_options::{async_fn_env#0}<e2e::common::FilesystemHost>>>>
             at /root/.cargo/registry/src/index.crates.io-1949cf8c6b5b557f/tokio-1.52.3/src/runtime/park.rs:284:31
  27: block_on<core::future::poll_fn::PollFn<tokio::runtime::scheduler::current_thread::{impl#0}::block_on::{closure#0}::{closure_env#0}<wado_compiler::compile_with_options::{async_fn_env#0}<e2e::common::FilesystemHost>>>>
             at /root/.cargo/registry/src/index.crates.io-1949cf8c6b5b557f/tokio-1.52.3/src/runtime/context/blocking.rs:66:14
  28: {closure#0}<wado_compiler::compile_with_options::{async_fn_env#0}<e2e::common::FilesystemHost>>
             at /root/.cargo/registry/src/index.crates.io-1949cf8c6b5b557f/tokio-1.52.3/src/runtime/scheduler/current_thread/mod.rs:211:26
  29: enter_runtime<tokio::runtime::scheduler::current_thread::{impl#0}::block_on::{closure_env#0}<wado_compiler::compile_with_options::{async_fn_env#0}<e2e::common::FilesystemHost>>, core::result::Result<wado_compiler::CompileResult, wado_compiler::CompileFailure>>
             at /root/.cargo/registry/src/index.crates.io-1949cf8c6b5b557f/tokio-1.52.3/src/runtime/context/runtime.rs:65:16
  30: block_on<wado_compiler::compile_with_options::{async_fn_env#0}<e2e::common::FilesystemHost>>
             at /root/.cargo/registry/src/index.crates.io-1949cf8c6b5b557f/tokio-1.52.3/src/runtime/scheduler/current_thread/mod.rs:193:9
  31: block_on_inner<wado_compiler::compile_with_options::{async_fn_env#0}<e2e::common::FilesystemHost>>
             at /root/.cargo/registry/src/index.crates.io-1949cf8c6b5b557f/tokio-1.52.3/src/runtime/runtime.rs:371:52
  32: block_on<wado_compiler::compile_with_options::{async_fn_env#0}<e2e::common::FilesystemHost>>
             at /root/.cargo/registry/src/index.crates.io-1949cf8c6b5b557f/tokio-1.52.3/src/runtime/runtime.rs:345:18
  33: compile_capturing_warnings
             at ./tests/common.rs:801:10
  34: run_normal_test
             at ./tests/e2e.rs:834:9
  35: run_fixture_test_with_opt
             at ./tests/e2e.rs:792:5
  36: fixture_test_o2
             at ./tests/e2e.rs:1033:5
  37: match_1_wado
             at ./tests/e2e.rs:1096:1
  38: {closure#0}
             at ./tests/e2e.rs:1112:2
  39: call_once<e2e::fixture_test_o2::match_1_wado::{closure_env#0}, ()>
             at /rustc/ac68faa20c58cbccd01ee7208bf3b6e93a7d7f96/library/core/src/ops/function.rs:250:5
  40: <fn() -> core::result::Result<(), alloc::string::String> as core::ops::function::FnOnce<()>>::call_once
             at /rustc/ac68faa20c58cbccd01ee7208bf3b6e93a7d7f96/library/core/src/ops/function.rs:250:5
note: Some details are omitted, run with `RUST_BACKTRACE=full` for a verbose backtrace.

---- fixture_test_o2::tmpl_hoist_loop_wado stdout ----

thread 'fixture_test_o2::tmpl_hoist_loop_wado' (13685) panicked at wado-compiler/tests/e2e.rs:953:13:
[tmpl_hoist_loop.wado (O2)] wir_expect:O2 failed: pattern not found in WIR
pattern: __tmpl_buf_
WIR output:
array Array<u8> (mut u8);  // TypeId(0)

struct core:prelude/string.wado//String {  // TypeId(1)
    mut repr: ref Array<u8>,
    mut used: i32,
}

struct core:prelude/format.wado//Formatter {  // TypeId(2)
    mut fill: char,
    mut align: i32,
    mut sign_plus: bool,
    mut zero_pad: bool,
    mut width: i32,
    mut precision: i32,
    mut indent: i32,
    mut buf: ref "core:prelude/string.wado//String",
}

enum core:prelude/format.wado//enum:Alignment { Left = 0, Center = 1, Right = 2 };  // TypeId(3)

type "functype//mem/realloc" = fn(i32, i32, i32, i32) -> i32;  // TypeId(4)

type "functype//wasi/stream-write" = fn(i32, i32, i32) -> i32;  // TypeId(5)

type "functype//wasi/task-return" = fn(i32);  // TypeId(6)

type "functype//wasi/waitable-join" = fn(i32, i32);  // TypeId(7)

type "functype//wasi/waitable-set-drop" = fn(i32);  // TypeId(8)

type "functype//wasi/waitable-set-new" = fn() -> i32;  // TypeId(9)

type "functype//wasi/waitable-set-wait" = fn(i32, i32) -> i32;  // TypeId(10)

type "functype//wasi/wasi:cli/Stdout::write_via_stream" = fn(i32) -> i32;  // TypeId(11)

type "functype///home/user/wado/wado-compiler/tests/fixtures/tmpl_hoist_loop.wado/run" = fn();  // TypeId(12)

type "functype///home/user/wado/wado-compiler/tests/fixtures/tmpl_hoist_loop.wado/__cm_binding__Stdout_write_via_stream" = fn(i32) -> i32;  // TypeId(13)

type "functype///home/user/wado/wado-compiler/tests/fixtures/tmpl_hoist_loop.wado/__cm_export__run" = fn();  // TypeId(14)

type "functype//core:cli/write_to_stream" = fn(i32, ref "core:prelude/string.wado//String", bool);  // TypeId(15)

type "functype//core:cli/println" = fn(ref "core:prelude/string.wado//String");  // TypeId(16)

type "functype//core:internal/gc_array_to_memory" = fn(ref Array<u8>, i32, i32);  // TypeId(17)

type "functype//core:internal/cm_lower_list_u8" = fn(ref Array<u8>, i32) -> i64;  // TypeId(18)

type "functype//core:internal/wait_for_blocked" = fn(i32) -> i32;  // TypeId(19)

type "functype//core:internal/cm_stream_write_raw_u8" = fn(i32, ref Array<u8>, i32);  // TypeId(20)

type "functype//core:prelude/primitive.wado/count_digits_i64" = fn(i64) -> i32;  // TypeId(21)

type "functype//core:prelude/primitive.wado/write_decimal_digits" = fn(ref Array<u8>, i32, i64, i32);  // TypeId(22)

type "functype//core:prelude/fpfmt.wado/__initialize_module" = fn();  // TypeId(23)

type "functype//core:prelude/primitive.wado/i32::fmt_decimal" = fn(i32, ref "core:prelude/format.wado//Formatter");  // TypeId(24)

type "functype//core:prelude/string.wado/String::grow" = fn(ref "core:prelude/string.wado//String", i32);  // TypeId(25)

type "functype//core:prelude/string.wado/String::internal_reserve_uninit" = fn(ref "core:prelude/string.wado//String", i32) -> i32;  // TypeId(26)

type "functype//core:prelude/string.wado/String::push_str" = fn(ref "core:prelude/string.wado//String", ref "core:prelude/string.wado//String");  // TypeId(27)

type "functype//core:prelude/string.wado/String::push" = fn(ref "core:prelude/string.wado//String", char);  // TypeId(28)

type "functype//core:prelude/format.wado/Formatter::write_char_n" = fn(ref "core:prelude/format.wado//Formatter", char, i32);  // TypeId(29)

type "functype//core:prelude/format.wado/Formatter::prepare_int_write" = fn(ref "core:prelude/format.wado//Formatter", bool, ref "core:prelude/string.wado//String", i32) -> i32;  // TypeId(30)

type "functype//wasi/stream-drop-writable" = fn(i32);  // TypeId(31)

type "functype//wasi/stream-new" = fn() -> i64;  // TypeId(32)

type "functype//wasi/future-drop-readable:transmission-cli" = fn(i32);  // TypeId(33)

import fn mem/realloc from "mem/realloc";
import fn wasi/stream-write from "wasi/stream-write";
import fn wasi/task-return from "wasi/task-return";
import fn wasi/waitable-join from "wasi/waitable-join";
import fn wasi/waitable-set-drop from "wasi/waitable-set-drop";
import fn wasi/waitable-set-new from "wasi/waitable-set-new";
import fn wasi/waitable-set-wait from "wasi/waitable-set-wait";
import fn wasi/wasi:cli/Stdout::write_via_stream from "wasi/wasi:cli/Stdout::write_via_stream";
import memory (1) from "mem/memory";
import fn wasi/stream-drop-writable from "wasi/stream-drop-writable";
import fn wasi/stream-new from "wasi/stream-new";
import fn wasi/future-drop-readable:transmission-cli from "wasi/future-drop-readable:transmission-cli";

global mut global:__modules_initialized: bool = 0;

fn "/home/user/wado/wado-compiler/tests/fixtures/tmpl_hoist_loop.wado/run"() with Stdout {
    let total: i32;
    let i_1: i32;
    let total2: i32;
    let i_4: i32;
    let x: i32;
    let i_7: i32;
    let __local_9: ref "core:prelude/string.wado//String";
    let __local_10: ref "core:prelude/format.wado//Formatter";
    let __local_11: ref "core:prelude/string.wado//String";
    let __local_12: ref "core:prelude/format.wado//Formatter";
    let __local_13: ref "core:prelude/string.wado//String";
    let __local_14: ref "core:prelude/format.wado//Formatter";
    let __local_15: ref "core:prelude/string.wado//String";
    let __local_16: ref "core:prelude/format.wado//Formatter";
    let __local_17: ref "core:prelude/string.wado//String";
    let __local_18: ref "core:prelude/format.wado//Formatter";
    let f_35: ref "core:prelude/format.wado//Formatter";
    let f_40: ref "core:prelude/format.wado//Formatter";
    __inline___initialize_modules_0: block {
        break_if __inline___initialize_modules_0 @likely(global:__modules_initialized);
        cold_path;
        "core:prelude/fpfmt.wado/__initialize_module"();
        global:__modules_initialized = 1;
    };
    total = 0;
    i_1 = 0;
    b0: block {
        l1: loop {
            break_if b0 i_1 >= 5;
            __local_9 = struct.new "core:prelude/string.wado//String" { repr: builtin::array_new<u8>(22), used: 0 };
            "core:prelude/string.wado/String::push"(__local_9, 118);
            "core:prelude/string.wado/String::push"(__local_9, 97);
            "core:prelude/string.wado/String::push"(__local_9, 108);
            "core:prelude/string.wado/String::push"(__local_9, 117);
            "core:prelude/string.wado/String::push"(__local_9, 101);
            "core:prelude/string.wado/String::push"(__local_9, 61);
            __local_10 = struct.new "core:prelude/format.wado//Formatter" { fill: 32, align: 2, sign_plus: 0, zero_pad: 0, width: -1, precision: -2, indent: 0, buf: __local_9 };
            "core:prelude/primitive.wado/i32::fmt_decimal"(i_1, __local_10);
            total = total + __local_9.used;
            i_1 = i_1 + 1;
            continue l1;
        };
    };
    "core:cli/println"(__local_11 = struct.new "core:prelude/string.wado//String" { repr: builtin::array_new<u8>(22), used: 0 }; "core:prelude/string.wado/String::push"(__local_11, 116); "core:prelude/string.wado/String::push"(__local_11, 111); "core:prelude/string.wado/String::push"(__local_11, 116); "core:prelude/string.wado/String::push"(__local_11, 97); "core:prelude/string.wado/String::push"(__local_11, 108); "core:prelude/string.wado/String::push"(__local_11, 61); __local_12 = struct.new "core:prelude/format.wado//Formatter" { fill: 32, align: 2, sign_plus: 0, zero_pad: 0, width: -1, precision: -2, indent: 0, buf: __local_11 }; "core:prelude/primitive.wado/i32::fmt_decimal"(total, __local_12); __local_11);
    total2 = 0;
    i_4 = 0;
    b2: block {
        l3: loop {
            break_if b2 i_4 >= 3;
            x = i_4 * 10;
            __local_13 = struct.new "core:prelude/string.wado//String" { repr: builtin::array_new<u8>(38), used: 0 };
            "core:prelude/string.wado/String::push"(__local_13, 105);
            "core:prelude/string.wado/String::push"(__local_13, 61);
            __local_14 = struct.new "core:prelude/format.wado//Formatter" { fill: 32, align: 2, sign_plus: 0, zero_pad: 0, width: -1, precision: -2, indent: 0, buf: __local_13 };
            f_35 = __local_14;
            "core:prelude/primitive.wado/i32::fmt_decimal"(i_4, f_35);
            "core:prelude/string.wado/String::push"(__local_13, 44);
            "core:prelude/string.wado/String::push"(__local_13, 32);
            "core:prelude/string.wado/String::push"(__local_13, 120);
            "core:prelude/string.wado/String::push"(__local_13, 61);
            __local_14 = struct.new "core:prelude/format.wado//Formatter" { fill: 32, align: 2, sign_plus: 0, zero_pad: 0, width: -1, precision: -2, indent: 0, buf: __local_13 };
            f_40 = __local_14;
            "core:prelude/primitive.wado/i32::fmt_decimal"(x, f_40);
            total2 = total2 + __local_13.used;
            i_4 = i_4 + 1;
            continue l3;
        };
    };
    "core:cli/println"(__local_15 = struct.new "core:prelude/string.wado//String" { repr: builtin::array_new<u8>(23), used: 0 }; "core:prelude/string.wado/String::push"(__local_15, 116); "core:prelude/string.wado/String::push"(__local_15, 111); "core:prelude/string.wado/String::push"(__local_15, 116); "core:prelude/string.wado/String::push"(__local_15, 97); "core:prelude/string.wado/String::push"(__local_15, 108); "core:prelude/string.wado/String::push"(__local_15, 50); "core:prelude/string.wado/String::push"(__local_15, 61); __local_16 = struct.new "core:prelude/format.wado//Formatter" { fill: 32, align: 2, sign_plus: 0, zero_pad: 0, width: -1, precision: -2, indent: 0, buf: __local_15 }; "core:prelude/primitive.wado/i32::fmt_decimal"(total2, __local_16); __local_15);
    i_7 = 0;
    b4: block {
        l5: loop {
            break_if b4 i_7 >= 3;
            __local_17 = struct.new "core:prelude/string.wado//String" { repr: builtin::array_new<u8>(21), used: 0 };
            "core:prelude/string.wado/String::push"(__local_17, 105);
            "core:prelude/string.wado/String::push"(__local_17, 116);
            "core:prelude/string.wado/String::push"(__local_17, 101);
            "core:prelude/string.wado/String::push"(__local_17, 109);
            "core:prelude/string.wado/String::push"(__local_17, 95);
            __local_18 = struct.new "core:prelude/format.wado//Formatter" { fill: 32, align: 2, sign_plus: 0, zero_pad: 0, width: -1, precision: -2, indent: 0, buf: __local_17 };
            "core:prelude/primitive.wado/i32::fmt_decimal"(i_7, __local_18);
            "core:cli/println"(__local_17);
            i_7 = i_7 + 1;
            continue l5;
        };
    };
}

fn "/home/user/wado/wado-compiler/tests/fixtures/tmpl_hoist_loop.wado/__cm_binding__Stdout_write_via_stream"(data) with Stdout {
    return "wasi/wasi:cli/Stdout::write_via_stream"(data);
}

fn "/home/user/wado/wado-compiler/tests/fixtures/tmpl_hoist_loop.wado/__cm_export__run"() {
    __inline___initialize_modules_0: block {
        break_if __inline___initialize_modules_0 @likely(global:__modules_initialized);
        cold_path;
        "core:prelude/fpfmt.wado/__initialize_module"();
        global:__modules_initialized = 1;
    };
    "/home/user/wado/wado-compiler/tests/fixtures/tmpl_hoist_loop.wado/run"();
    "wasi/task-return"(0);
}

fn "core:cli/write_to_stream"(tx, message, add_newline) {
    let bytes: ref Array<u8>;
    let len: i32;
    let new_repr: ref Array<u8>;
    bytes = message.repr;
    len = message.used;
    if add_newline {
        new_repr = builtin::array_new<u8>(len + 1);
        builtin::array_copy<u8>(new_repr, 0, bytes, 0, len);
        builtin::array_set_u8(new_repr, len, 10);
        "core:internal/cm_stream_write_raw_u8"(tx, new_repr, len + 1);
    } else {
        "core:internal/cm_stream_write_raw_u8"(tx, bytes, len);
    }
    "wasi/stream-drop-writable"(tx);
}

fn "core:cli/println"(message) with Stdout {
    let handle: i32;
    let __pair_temp_1: i64;
    __pair_temp_1 = "wasi/stream-new"();
    let __mv_lo_1: i32;
    let __mv_hi_1: i32;
    multivalue_bind [__mv_lo_1, __mv_hi_1] = (builtin::i32_wrap_i64(__pair_temp_1); builtin::i32_wrap_i64(__pair_temp_1 >>u 32_i64));
    handle = "/home/user/wado/wado-compiler/tests/fixtures/tmpl_hoist_loop.wado/__cm_binding__Stdout_write_via_stream"(__mv_lo_1);
    "core:cli/write_to_stream"(__mv_hi_1, message, 1);
    "wasi/future-drop-readable:transmission-cli"(handle);
}

fn "core:internal/gc_array_to_memory"(arr, ptr, len) {
    let i: i32;
    i = 0;
    b7: block {
        l8: loop {
            break_if b7 i >= len;
            builtin::store_u8(ptr + i, builtin::array_get_u8(arr, i));
            i = i + 1;
            continue l8;
        };
    };
}

fn "core:internal/cm_lower_list_u8"(data, len) {
    let ptr: i32;
    ptr = "mem/realloc"(0, 0, 1, len);
    "core:internal/gc_array_to_memory"(data, ptr, len);
    return builtin::i64_extend_i32_s(ptr) | (builtin::i64_extend_i32_s(len) << 32_i64);
}

fn "core:internal/wait_for_blocked"(handle) {
    let ws: i32;
    let evt_ptr: i32;
    let payload: i32;
    ws = "wasi/waitable-set-new"();
    "wasi/waitable-join"(handle, ws);
    evt_ptr = "mem/realloc"(0, 0, 4, 8);
    drop("wasi/waitable-set-wait"(ws, evt_ptr));
    payload = builtin::load_i32(evt_ptr + 4);
    drop("mem/realloc"(evt_ptr, 8, 4, 0));
    "wasi/waitable-set-drop"(ws);
    return payload;
}

fn "core:internal/cm_stream_write_raw_u8"(handle, data, len) {
    let packed: i64;
    let ptr: i32;
    let raw_len: i32;
    let result: i32;
    ptr = builtin::i32_wrap_i64(local.tee packed("core:internal/cm_lower_list_u8"(data, len)));
    raw_len = builtin::i32_wrap_i64(packed >> 32_i64);
    result = "wasi/stream-write"(handle, ptr, raw_len);
    if result == -1 {
        drop("core:internal/wait_for_blocked"(handle));
    }
    drop("mem/realloc"(ptr, raw_len, 1, 0));
}

fn "core:prelude/primitive.wado/count_digits_i64"(val) {
    let n: i32;
    let t: i64;
    if val == 0_i64 {
        return 1;
    }
    n = 0;
    t = val;
    b11: block {
        l12: loop {
            break_if b11 t <= 0_i64;
            n = n + 1;
            t = t / 10_i64;
            continue l12;
        };
    };
    return n;
}

fn "core:prelude/primitive.wado/write_decimal_digits"(arr, offset, abs_val, digit_count) {
    let pos: i32;
    let temp: i64;
    pos = offset + digit_count;
    if abs_val == 0_i64 {
        builtin::array_set_u8(arr, offset, 48);
    } else {
        temp = abs_val;
        b14: block {
            l15: loop {
                break_if b14 temp <= 0_i64;
                pos = pos - 1;
                builtin::array_set_u8(arr, pos, (48 + builtin::i32_wrap_i64(temp % 10_i64)) & 255);
                temp = temp / 10_i64;
                continue l15;
            };
        };
    }
}

fn "core:prelude/fpfmt.wado/__initialize_module"() {
}

fn "core:prelude/primitive.wado/i32::fmt_decimal"(self, f) {
    let is_negative: bool;
    let abs_val: i64;
    let digit_count: i32;
    let offset: i32;
    let self_6: ref "core:prelude/string.wado//String";
    is_negative = self < 0;
    digit_count = "core:prelude/primitive.wado/count_digits_i64"(local.tee abs_val(select i64(is_negative, 0_i64 - builtin::i64_extend_i32_s(self), builtin::i64_extend_i32_s(self))));
    offset = "core:prelude/format.wado/Formatter::prepare_int_write"(f, is_negative, struct.new "core:prelude/string.wado//String" { repr: builtin::array_new<u8>(0), used: 0 }, digit_count);
    "core:prelude/primitive.wado/write_decimal_digits"(self_6 = f.buf; self_6.repr, offset, abs_val, digit_count);
}

fn "core:prelude/string.wado/String::grow"(self, min_capacity) {
    let capacity: i32;
    let new_capacity: i32;
    let new_repr: ref Array<u8>;
    let a_5: i32;
    let a_7: i32;
    capacity = builtin::array_len(self.repr);
    if min_capacity <= capacity {
        return;
    }
    new_repr = builtin::array_new<u8>(local.tee new_capacity(a_7 = capacity * 2; a_5 = select i32(a_7 > min_capacity, a_7, min_capacity); select i32(a_5 > 8, a_5, 8)));
    builtin::array_copy<u8>(new_repr, 0, self.repr, 0, self.used);
    self.repr = new_repr;
}

fn "core:prelude/string.wado/String::internal_reserve_uninit"(self, n) {
    let new_used: i32;
    let start: i32;
    new_used = self.used + n;
    if @unlikely(new_used > builtin::array_len(self.repr)) {
        cold_path;
        "core:prelude/string.wado/String::grow"(self, new_used);
    }
    start = self.used;
    self.used = new_used;
    return start;
}

fn "core:prelude/string.wado/String::push_str"(self, other) {
    let other_len: i32;
    let new_used: i32;
    other_len = other.used;
    if other_len == 0 {
        return;
    }
    new_used = self.used + other_len;
    if @unlikely(new_used > builtin::array_len(self.repr)) {
        cold_path;
        "core:prelude/string.wado/String::grow"(self, new_used);
    }
    builtin::array_copy<u8>(self.repr, self.used, other.repr, 0, other_len);
    self.used = new_used;
}

fn "core:prelude/string.wado/String::push"(self, c) {
    if @unlikely((self.used + 4) > builtin::array_len(self.repr)) {
        cold_path;
        "core:prelude/string.wado/String::grow"(self, self.used + 4);
    }
    if c <u 128 {
        builtin::array_set_u8(self.repr, self.used, c & 255);
        self.used = self.used + 1;
    } else if c <u 2048 {
        builtin::array_set_u8(self.repr, self.used, (192 | (c >>u 6)) & 255);
        builtin::array_set_u8(self.repr, self.used + 1, (128 | (c & 63)) & 255);
        self.used = self.used + 2;
    } else if c <u 65536 {
        builtin::array_set_u8(self.repr, self.used, (224 | (c >>u 12)) & 255);
        builtin::array_set_u8(self.repr, self.used + 1, (128 | ((c >>u 6) & 63)) & 255);
        builtin::array_set_u8(self.repr, self.used + 2, (128 | (c & 63)) & 255);
        self.used = self.used + 3;
    } else {
        builtin::array_set_u8(self.repr, self.used, (240 | (c >>u 18)) & 255);
        builtin::array_set_u8(self.repr, self.used + 1, (128 | ((c >>u 12) & 63)) & 255);
        builtin::array_set_u8(self.repr, self.used + 2, (128 | ((c >>u 6) & 63)) & 255);
        builtin::array_set_u8(self.repr, self.used + 3, (128 | (c & 63)) & 255);
        self.used = self.used + 4;
    }
}

fn "core:prelude/format.wado/Formatter::write_char_n"(self, c, n) {
    let i: i32;
    let _licm_buf_4: ref "core:prelude/string.wado//String";
    i = 0;
    _licm_buf_4 = self.buf;
    b24: block {
        l25: loop {
            break_if b24 i >= n;
            "core:prelude/string.wado/String::push"(_licm_buf_4, c);
            i = i + 1;
            continue l25;
        };
    };
}

fn "core:prelude/format.wado/Formatter::prepare_int_write"(self, is_negative, prefix, digit_count) {
    let sign: ref "core:prelude/string.wado//String";
    let sign_len: i32;
    let prefix_len: i32;
    let content_len: i32;
    let padding: i32;
    let align: "core:prelude/format.wado//enum:Alignment";
    let offset_10: i32;
    let left_pad: i32;
    let right_pad: i32;
    let offset_13: i32;
    sign = struct.new "core:prelude/string.wado//String" { repr: builtin::array_new<u8>(0), used: 0 };
    if is_negative {
        sign = struct.new "core:prelude/string.wado//String" { repr: array.new_fixed<u8>(45), used: 1 };
    } else if self.sign_plus {
        sign = struct.new "core:prelude/string.wado//String" { repr: array.new_fixed<u8>(43), used: 1 };
    }
    sign_len = sign.used;
    prefix_len = prefix.used;
    content_len = (sign_len + prefix_len) + digit_count;
    if (if self.width <= 0 -> i32 {
        1;
    } else {
        content_len >= self.width;
    }) {
        if sign_len > 0 {
            "core:prelude/string.wado/String::push_str"(self.buf, sign);
        }
        if prefix_len > 0 {
            "core:prelude/string.wado/String::push_str"(self.buf, prefix);
        }
        return "core:prelude/string.wado/String::internal_reserve_uninit"(self.buf, digit_count);
    }
    padding = self.width - content_len;
    if self.zero_pad {
        if sign_len > 0 {
            "core:prelude/string.wado/String::push_str"(self.buf, sign);
        }
        if prefix_len > 0 {
            "core:prelude/string.wado/String::push_str"(self.buf, prefix);
        }
        "core:prelude/format.wado/Formatter::write_char_n"(self, 48, padding);
        return "core:prelude/string.wado/String::internal_reserve_uninit"(self.buf, digit_count);
    }
    align = self.align;
    if align == 0 {
        if sign_len > 0 {
            "core:prelude/string.wado/String::push_str"(self.buf, sign);
        }
        if prefix_len > 0 {
            "core:prelude/string.wado/String::push_str"(self.buf, prefix);
        }
        offset_10 = "core:prelude/string.wado/String::internal_reserve_uninit"(self.buf, digit_count);
        "core:prelude/format.wado/Formatter::write_char_n"(self, self.fill, padding);
        return offset_10;
    } else if align == 1 {
        left_pad = padding / 2;
        right_pad = padding - left_pad;
        "core:prelude/format.wado/Formatter::write_char_n"(self, self.fill, left_pad);
        if sign_len > 0 {
            "core:prelude/string.wado/String::push_str"(self.buf, sign);
        }
        if prefix_len > 0 {
            "core:prelude/string.wado/String::push_str"(self.buf, prefix);
        }
        offset_13 = "core:prelude/string.wado/String::internal_reserve_uninit"(self.buf, digit_count);
        "core:prelude/format.wado/Formatter::write_char_n"(self, self.fill, right_pad);
        return offset_13;
    } else {
        "core:prelude/format.wado/Formatter::write_char_n"(self, self.fill, padding);
        if sign_len > 0 {
            "core:prelude/string.wado/String::push_str"(self.buf, sign);
        }
        if prefix_len > 0 {
            "core:prelude/string.wado/String::push_str"(self.buf, prefix);
        }
        return "core:prelude/string.wado/String::internal_reserve_uninit"(self.buf, digit_count);
    }
}

export fn "/home/user/wado/wado-compiler/tests/fixtures/tmpl_hoist_loop.wado/__cm_export__run" as "run"

stack backtrace:
   0: __rustc::rust_begin_unwind
             at /rustc/ac68faa20c58cbccd01ee7208bf3b6e93a7d7f96/library/std/src/panicking.rs:689:5
   1: core::panicking::panic_fmt
             at /rustc/ac68faa20c58cbccd01ee7208bf3b6e93a7d7f96/library/core/src/panicking.rs:80:14
   2: run_normal_test
   3: run_fixture_test_with_opt
             at ./tests/e2e.rs:792:5
   4: fixture_test_o2
             at ./tests/e2e.rs:1033:5
   5: tmpl_hoist_loop_wado
             at ./tests/e2e.rs:1096:1
   6: {closure#0}
             at ./tests/e2e.rs:1112:2
   7: call_once<e2e::fixture_test_o2::tmpl_hoist_loop_wado::{closure_env#0}, ()>
             at /rustc/ac68faa20c58cbccd01ee7208bf3b6e93a7d7f96/library/core/src/ops/function.rs:250:5
   8: <fn() -> core::result::Result<(), alloc::string::String> as core::ops::function::FnOnce<()>>::call_once
             at /rustc/ac68faa20c58cbccd01ee7208bf3b6e93a7d7f96/library/core/src/ops/function.rs:250:5
note: Some details are omitted, run with `RUST_BACKTRACE=full` for a verbose backtrace.

---- fixture_test_o2::opt_container_sroa_tuple_wado stdout ----

thread 'fixture_test_o2::opt_container_sroa_tuple_wado' (13684) panicked at wado-compiler/tests/e2e.rs:962:13:
[opt_container_sroa_tuple.wado (O2)] wir_not_expect:O2 failed: pattern unexpectedly found in WIR
pattern: struct.new "tuple//[i32, i32]"
WIR output:
struct core:prelude/types.wado//Box<i32> {  // TypeId(0)
    mut value: i32,
}

array Array<u8> (mut u8);  // TypeId(1)

struct core:prelude/string.wado//String {  // TypeId(2)
    mut repr: ref Array<u8>,
    mut used: i32,
}

struct core:prelude/format.wado//Formatter {  // TypeId(3)
    mut fill: char,
    mut align: i32,
    mut sign_plus: bool,
    mut zero_pad: bool,
    mut width: i32,
    mut precision: i32,
    mut indent: i32,
    mut buf: ref "core:prelude/string.wado//String",
}

struct tuple//[i32, i32] {  // TypeId(4)
    mut 0: i32,
    mut 1: i32,
}

array Array<core:prelude/types.wado/Tuple<i32,i32>> (mut ref "tuple//[i32, i32]");  // TypeId(5)

array Array<i32> (mut i32);  // TypeId(6)

struct core:prelude//List<i32> {  // TypeId(7)
    mut repr: ref Array<i32>,
    mut used: i32,
}

struct core:prelude//List<core:prelude/types.wado/Tuple<i32,i32>> {  // TypeId(8)
    mut repr: ref "Array<core:prelude/types.wado/Tuple<i32,i32>>",
    mut used: i32,
}

enum core:prelude/format.wado//enum:Alignment { Left = 0, Center = 1, Right = 2 };  // TypeId(9)

type "functype//mem/realloc" = fn(i32, i32, i32, i32) -> i32;  // TypeId(10)

type "functype//wasi/stream-write" = fn(i32, i32, i32) -> i32;  // TypeId(11)

type "functype//wasi/task-return" = fn(i32);  // TypeId(12)

type "functype//wasi/waitable-join" = fn(i32, i32);  // TypeId(13)

type "functype//wasi/waitable-set-drop" = fn(i32);  // TypeId(14)

type "functype//wasi/waitable-set-new" = fn() -> i32;  // TypeId(15)

type "functype//wasi/waitable-set-wait" = fn(i32, i32) -> i32;  // TypeId(16)

type "functype//wasi/wasi:cli/Stderr::write_via_stream" = fn(i32) -> i32;  // TypeId(17)

type "functype//wasi/wasi:cli/Stdout::write_via_stream" = fn(i32) -> i32;  // TypeId(18)

type "functype///home/user/wado/wado-compiler/tests/fixtures/opt_container_sroa_tuple.wado/_force_array_i32_monomorphization" = fn() -> i32;  // TypeId(19)

type "functype///home/user/wado/wado-compiler/tests/fixtures/opt_container_sroa_tuple.wado/build_and_sum_push" = fn() -> i32;  // TypeId(20)

type "functype///home/user/wado/wado-compiler/tests/fixtures/opt_container_sroa_tuple.wado/slot_copy_pattern" = fn() -> i32;  // TypeId(21)

type "functype///home/user/wado/wado-compiler/tests/fixtures/opt_container_sroa_tuple.wado/with_capacity_init" = fn() -> i32;  // TypeId(22)

type "functype///home/user/wado/wado-compiler/tests/fixtures/opt_container_sroa_tuple.wado/run" = fn();  // TypeId(23)

type "functype///home/user/wado/wado-compiler/tests/fixtures/opt_container_sroa_tuple.wado/__cm_binding__Stdout_write_via_stream" = fn(i32) -> i32;  // TypeId(24)

type "functype///home/user/wado/wado-compiler/tests/fixtures/opt_container_sroa_tuple.wado/__cm_export__run" = fn();  // TypeId(25)

type "functype//core:cli/write_to_stream" = fn(i32, ref "core:prelude/string.wado//String", bool);  // TypeId(26)

type "functype//core:cli/println" = fn(ref "core:prelude/string.wado//String");  // TypeId(27)

type "functype//core:internal/gc_array_to_memory" = fn(ref Array<u8>, i32, i32);  // TypeId(28)

type "functype//core:internal/write_string_to_stream" = fn(i32, ref "core:prelude/string.wado//String", bool);  // TypeId(29)

type "functype//core:internal/log_stderr" = fn(ref "core:prelude/string.wado//String");  // TypeId(30)

type "functype//core:internal/panic" = fn(ref "core:prelude/string.wado//String");  // TypeId(31)

type "functype//core:internal/cm_lower_list_u8" = fn(ref Array<u8>, i32) -> i64;  // TypeId(32)

type "functype//core:internal/wait_for_blocked" = fn(i32) -> i32;  // TypeId(33)

type "functype//core:internal/cm_stream_write_raw_u8" = fn(i32, ref Array<u8>, i32);  // TypeId(34)

type "functype//core:prelude/primitive.wado/count_digits_i64" = fn(i64) -> i32;  // TypeId(35)

type "functype//core:prelude/primitive.wado/write_decimal_digits" = fn(ref Array<u8>, i32, i64, i32);  // TypeId(36)

type "functype//core:prelude/fpfmt.wado/__initialize_module" = fn();  // TypeId(37)

type "functype//core:prelude/primitive.wado/i32::fmt_decimal" = fn(i32, ref "core:prelude/format.wado//Formatter");  // TypeId(38)

type "functype//core:prelude/primitive.wado/i32^Display::fmt" = fn(ref "core:prelude/types.wado//Box<i32>", ref "core:prelude/format.wado//Formatter");  // TypeId(39)

type "functype//core:prelude/primitive.wado/i32^Inspect::inspect" = fn(ref "core:prelude/types.wado//Box<i32>", ref "core:prelude/format.wado//Formatter");  // TypeId(40)

type "functype//core:prelude/string.wado/String::with_capacity" = fn(i32) -> ref "core:prelude/string.wado//String";  // TypeId(41)

type "functype//core:prelude/string.wado/String::grow" = fn(ref "core:prelude/string.wado//String", i32);  // TypeId(42)

type "functype//core:prelude/string.wado/String::internal_reserve_uninit" = fn(ref "core:prelude/string.wado//String", i32) -> i32;  // TypeId(43)

type "functype//core:prelude/string.wado/String::push_str" = fn(ref "core:prelude/string.wado//String", ref "core:prelude/string.wado//String");  // TypeId(44)

type "functype//core:prelude/string.wado/String::push" = fn(ref "core:prelude/string.wado//String", char);  // TypeId(45)

type "functype//core:prelude/format.wado/Formatter::new" = fn(ref "core:prelude/string.wado//String") -> ref "core:prelude/format.wado//Formatter";  // TypeId(46)

type "functype//core:prelude/format.wado/Formatter::write_char_n" = fn(ref "core:prelude/format.wado//Formatter", char, i32);  // TypeId(47)

type "functype//core:prelude/format.wado/Formatter::prepare_int_write" = fn(ref "core:prelude/format.wado//Formatter", bool, ref "core:prelude/string.wado//String", i32) -> i32;  // TypeId(48)

type "functype//core:prelude/list.wado/List<core:prelude/types.wado/Tuple<i32,i32>>::push" = fn(ref "core:prelude//List<core:prelude/types.wado/Tuple<i32,i32>>", ref "tuple//[i32, i32]");  // TypeId(49)

type "functype//core:prelude/list.wado/List<i32>::push" = fn(ref "core:prelude//List<i32>", i32);  // TypeId(50)

type "functype//core:prelude/list.wado/List<i32>::grow" = fn(ref "core:prelude//List<i32>");  // TypeId(51)

type "functype//core:prelude/list.wado/List<core:prelude/types.wado/Tuple<i32,i32>>::grow" = fn(ref "core:prelude//List<core:prelude/types.wado/Tuple<i32,i32>>");  // TypeId(52)

type "functype//wasi/stream-drop-writable" = fn(i32);  // TypeId(53)

type "functype//wasi/stream-new" = fn() -> i64;  // TypeId(54)

type "functype//wasi/future-drop-readable:transmission-cli" = fn(i32);  // TypeId(55)

import fn mem/realloc from "mem/realloc";
import fn wasi/stream-write from "wasi/stream-write";
import fn wasi/task-return from "wasi/task-return";
import fn wasi/waitable-join from "wasi/waitable-join";
import fn wasi/waitable-set-drop from "wasi/waitable-set-drop";
import fn wasi/waitable-set-new from "wasi/waitable-set-new";
import fn wasi/waitable-set-wait from "wasi/waitable-set-wait";
import fn wasi/wasi:cli/Stderr::write_via_stream from "wasi/wasi:cli/Stderr::write_via_stream";
import fn wasi/wasi:cli/Stdout::write_via_stream from "wasi/wasi:cli/Stdout::write_via_stream";
import memory (1) from "mem/memory";
import fn wasi/stream-drop-writable from "wasi/stream-drop-writable";
import fn wasi/stream-new from "wasi/stream-new";
import fn wasi/future-drop-readable:transmission-cli from "wasi/future-drop-readable:transmission-cli";

global mut global:__modules_initialized: bool = 0;

fn "/home/user/wado/wado-compiler/tests/fixtures/opt_container_sroa_tuple.wado/_force_array_i32_monomorphization"() {
    let x: ref "core:prelude//List<i32>";
    let first: i32;
    let len: i32;
    let __v1_7: i32;
    let __cond_8: bool;
    let __local_5: ref "core:prelude/string.wado//String";
    let __local_6_10: ref "core:prelude/format.wado//Formatter";
    let __v1_16: i32;
    let __cond_17: bool;
    let __local_6_18: ref "core:prelude/string.wado//String";
    let __local_7: ref "core:prelude/format.wado//Formatter";
    x = struct.new "core:prelude//List<i32>" { repr: builtin::array_new<i32>(4), used: 0 };
    "core:prelude/list.wado/List<i32>::push"(x, 1);
    "core:prelude/list.wado/List<i32>::push"(x, 2);
    __v1_16 = x.used;
    __cond_17 = 0 < __v1_16;
    if @unlikely(__cond_17 == 0) {
        cold_path;
        "core:internal/panic"(__local_6_18 = "core:prelude/string.wado/String::with_capacity"(173); "core:prelude/string.wado/String::push_str"(__local_6_18, struct.new "core:prelude/string.wado//String" { repr: array.new_data<u8>("Assertion failed in "), used: 20 }); "core:prelude/string.wado/String::push_str"(__local_6_18, struct.new "core:prelude/string.wado//String" { repr: array.new_data<u8>("List::index_assign"), used: 18 }); "core:prelude/string.wado/String::push"(__local_6_18, 32); "core:prelude/string.wado/String::push"(__local_6_18, 97); "core:prelude/string.wado/String::push"(__local_6_18, 116); "core:prelude/string.wado/String::push"(__local_6_18, 32); "core:prelude/string.wado/String::push_str"(__local_6_18, struct.new "core:prelude/string.wado//String" { repr: array.new_data<u8>("core:prelude/list.wado"), used: 22 }); "core:prelude/string.wado/String::push"(__local_6_18, 58); __local_7 = "core:prelude/format.wado/Formatter::new"(__local_6_18); "core:prelude/primitive.wado/i32^Display::fmt"(struct.new "core:prelude/types.wado//Box<i32>" { value: 324 }, __local_7); "core:prelude/string.wado/String::push"(__local_6_18, 58); "core:prelude/string.wado/String::push"(__local_6_18, 32); "core:prelude/string.wado/String::push_str"(__local_6_18, struct.new "core:prelude/string.wado//String" { repr: array.new_data<u8>("index out of bounds"), used: 19 }); "core:prelude/string.wado/String::push_str"(__local_6_18, struct.new "core:prelude/string.wado//String" { repr: array.new_data<u8>("
condition: index < self.used
"), used: 30 }); "core:prelude/string.wado/String::push"(__local_6_18, 105); "core:prelude/string.wado/String::push"(__local_6_18, 110); "core:prelude/string.wado/String::push"(__local_6_18, 100); "core:prelude/string.wado/String::push"(__local_6_18, 101); "core:prelude/string.wado/String::push"(__local_6_18, 120); "core:prelude/string.wado/String::push"(__local_6_18, 58); "core:prelude/string.wado/String::push"(__local_6_18, 32); __local_7 = "core:prelude/format.wado/Formatter::new"(__local_6_18); "core:prelude/primitive.wado/i32^Inspect::inspect"(struct.new "core:prelude/types.wado//Box<i32>" { value: 0 }, __local_7); "core:prelude/string.wado/String::push"(__local_6_18, 10); "core:prelude/string.wado/String::push_str"(__local_6_18, struct.new "core:prelude/string.wado//String" { repr: array.new_data<u8>("self.used: "), used: 11 }); __local_7 = "core:prelude/format.wado/Formatter::new"(__local_6_18); "core:prelude/primitive.wado/i32^Inspect::inspect"(struct.new "core:prelude/types.wado//Box<i32>" { value: __v1_16 }, __local_7); "core:prelude/string.wado/String::push"(__local_6_18, 10); __local_6_18);
        unreachable;
    }
    builtin::array_set<i32>(x.repr, 0, 10);
    __v1_7 = x.used;
    __cond_8 = 0 < __v1_7;
    if @unlikely(__cond_8 == 0) {
        cold_path;
        "core:internal/panic"(__local_5 = "core:prelude/string.wado/String::with_capacity"(173); "core:prelude/string.wado/String::push_str"(__local_5, struct.new "core:prelude/string.wado//String" { repr: array.new_data<u8>("Assertion failed in "), used: 20 }); "core:prelude/string.wado/String::push_str"(__local_5, struct.new "core:prelude/string.wado//String" { repr: array.new_data<u8>("List::index_value"), used: 17 }); "core:prelude/string.wado/String::push"(__local_5, 32); "core:prelude/string.wado/String::push"(__local_5, 97); "core:prelude/string.wado/String::push"(__local_5, 116); "core:prelude/string.wado/String::push"(__local_5, 32); "core:prelude/string.wado/String::push_str"(__local_5, struct.new "core:prelude/string.wado//String" { repr: array.new_data<u8>("core:prelude/list.wado"), used: 22 }); "core:prelude/string.wado/String::push"(__local_5, 58); __local_6_10 = "core:prelude/format.wado/Formatter::new"(__local_5); "core:prelude/primitive.wado/i32^Display::fmt"(struct.new "core:prelude/types.wado//Box<i32>" { value: 315 }, __local_6_10); "core:prelude/string.wado/String::push"(__local_5, 58); "core:prelude/string.wado/String::push"(__local_5, 32); "core:prelude/string.wado/String::push_str"(__local_5, struct.new "core:prelude/string.wado//String" { repr: array.new_data<u8>("index out of bounds"), used: 19 }); "core:prelude/string.wado/String::push_str"(__local_5, struct.new "core:prelude/string.wado//String" { repr: array.new_data<u8>("
condition: index < self.used
"), used: 30 }); "core:prelude/string.wado/String::push"(__local_5, 105); "core:prelude/string.wado/String::push"(__local_5, 110); "core:prelude/string.wado/String::push"(__local_5, 100); "core:prelude/string.wado/String::push"(__local_5, 101); "core:prelude/string.wado/String::push"(__local_5, 120); "core:prelude/string.wado/String::push"(__local_5, 58); "core:prelude/string.wado/String::push"(__local_5, 32); __local_6_10 = "core:prelude/format.wado/Formatter::new"(__local_5); "core:prelude/primitive.wado/i32^Inspect::inspect"(struct.new "core:prelude/types.wado//Box<i32>" { value: 0 }, __local_6_10); "core:prelude/string.wado/String::push"(__local_5, 10); "core:prelude/string.wado/String::push_str"(__local_5, struct.new "core:prelude/string.wado//String" { repr: array.new_data<u8>("self.used: "), used: 11 }); __local_6_10 = "core:prelude/format.wado/Formatter::new"(__local_5); "core:prelude/primitive.wado/i32^Inspect::inspect"(struct.new "core:prelude/types.wado//Box<i32>" { value: __v1_7 }, __local_6_10); "core:prelude/string.wado/String::push"(__local_5, 10); __local_5);
        unreachable;
    }
    first = builtin::array_get<i32>(x.repr, 0);
    len = x.used;
    return first + len;
}

fn "/home/user/wado/wado-compiler/tests/fixtures/opt_container_sroa_tuple.wado/build_and_sum_push"() {
    let sum: i32;
    let i: i32;
    let __csroa_v_0: ref "core:prelude//List<i32>";
    let __csroa_v_1: ref "core:prelude//List<i32>";
    let __cond_20: bool;
    let __local_5_21: ref "core:prelude/string.wado//String";
    let __local_6_22: ref "core:prelude/format.wado//Formatter";
    let __cse_23: bool;
    let _licm_used_24: i32;
    let _licm_repr_25: ref Array<i32>;
    let _licm_used_26: i32;
    let _licm_repr_27: ref Array<i32>;
    __csroa_v_0 = struct.new "core:prelude//List<i32>" { repr: builtin::array_new<i32>(0), used: 0 };
    __csroa_v_1 = struct.new "core:prelude//List<i32>" { repr: builtin::array_new<i32>(0), used: 0 };
    "core:prelude/list.wado/List<i32>::push"(__csroa_v_0, 1);
    "core:prelude/list.wado/List<i32>::push"(__csroa_v_1, 10);
    "core:prelude/list.wado/List<i32>::push"(__csroa_v_0, 2);
    "core:prelude/list.wado/List<i32>::push"(__csroa_v_1, 20);
    "core:prelude/list.wado/List<i32>::push"(__csroa_v_0, 3);
    "core:prelude/list.wado/List<i32>::push"(__csroa_v_1, 30);
    sum = 0;
    i = 0;
    _licm_used_24 = __csroa_v_0.used;
    _licm_repr_25 = __csroa_v_0.repr;
    _licm_used_26 = __csroa_v_1.used;
    _licm_repr_27 = __csroa_v_1.repr;
    b2: block {
        l3: loop {
            __cse_23 = i < _licm_used_24;
            break_if b2 __cse_23 == 0;
            sum = sum + (builtin::array_get<i32>(_licm_repr_25, i) + __cond_20 = i < _licm_used_26; if @unlikely(__cond_20 == 0) {
                cold_path;
                "core:internal/panic"(__local_5_21 = "core:prelude/string.wado/String::with_capacity"(173); "core:prelude/string.wado/String::push_str"(__local_5_21, struct.new "core:prelude/string.wado//String" { repr: array.new_data<u8>("Assertion failed in "), used: 20 }); "core:prelude/string.wado/String::push_str"(__local_5_21, struct.new "core:prelude/string.wado//String" { repr: array.new_data<u8>("List::index_value"), used: 17 }); "core:prelude/string.wado/String::push"(__local_5_21, 32); "core:prelude/string.wado/String::push"(__local_5_21, 97); "core:prelude/string.wado/String::push"(__local_5_21, 116); "core:prelude/string.wado/String::push"(__local_5_21, 32); "core:prelude/string.wado/String::push_str"(__local_5_21, struct.new "core:prelude/string.wado//String" { repr: array.new_data<u8>("core:prelude/list.wado"), used: 22 }); "core:prelude/string.wado/String::push"(__local_5_21, 58); __local_6_22 = "core:prelude/format.wado/Formatter::new"(__local_5_21); "core:prelude/primitive.wado/i32^Display::fmt"(struct.new "core:prelude/types.wado//Box<i32>" { value: 315 }, __local_6_22); "core:prelude/string.wado/String::push"(__local_5_21, 58); "core:prelude/string.wado/String::push"(__local_5_21, 32); "core:prelude/string.wado/String::push_str"(__local_5_21, struct.new "core:prelude/string.wado//String" { repr: array.new_data<u8>("index out of bounds"), used: 19 }); "core:prelude/string.wado/String::push_str"(__local_5_21, struct.new "core:prelude/string.wado//String" { repr: array.new_data<u8>("
condition: index < self.used
"), used: 30 }); "core:prelude/string.wado/String::push"(__local_5_21, 105); "core:prelude/string.wado/String::push"(__local_5_21, 110); "core:prelude/string.wado/String::push"(__local_5_21, 100); "core:prelude/string.wado/String::push"(__local_5_21, 101); "core:prelude/string.wado/String::push"(__local_5_21, 120); "core:prelude/string.wado/String::push"(__local_5_21, 58); "core:prelude/string.wado/String::push"(__local_5_21, 32); __local_6_22 = "core:prelude/format.wado/Formatter::new"(__local_5_21); "core:prelude/primitive.wado/i32^Inspect::inspect"(struct.new "core:prelude/types.wado//Box<i32>" { value: i }, __local_6_22); "core:prelude/string.wado/String::push"(__local_5_21, 10); "core:prelude/string.wado/String::push_str"(__local_5_21, struct.new "core:prelude/string.wado//String" { repr: array.new_data<u8>("self.used: "), used: 11 }); __local_6_22 = "core:prelude/format.wado/Formatter::new"(__local_5_21); "core:prelude/primitive.wado/i32^Inspect::inspect"(struct.new "core:prelude/types.wado//Box<i32>" { value: _licm_used_26 }, __local_6_22); "core:prelude/string.wado/String::push"(__local_5_21, 10); __local_5_21);
                unreachable;
            }; builtin::array_get<i32>(_licm_repr_27, i));
            i = i + 1;
            continue l3;
        };
    };
    return sum;
}

fn "/home/user/wado/wado-compiler/tests/fixtures/opt_container_sroa_tuple.wado/slot_copy_pattern"() {
    let __b: ref "core:prelude//List<core:prelude/types.wado/Tuple<i32,i32>>";
    let __v1_8: i32;
    let __cond_9: bool;
    let __local_5_10: ref "core:prelude/string.wado//String";
    let __local_6_11: ref "core:prelude/format.wado//Formatter";
    let __v1_15: i32;
    let __cond_16: bool;
    let __local_5_17: ref "core:prelude/string.wado//String";
    let __local_6_18: ref "core:prelude/format.wado//Formatter";
    let __v1_22: i32;
    let __cond_23: bool;
    let __local_5_24: ref "core:prelude/string.wado//String";
    let __local_6_25: ref "core:prelude/format.wado//Formatter";
    let __v1_29: i32;
    let __cond_30: bool;
    let __local_5_31: ref "core:prelude/string.wado//String";
    let __local_6_32: ref "core:prelude/format.wado//Formatter";
    let __v1_36: i32;
    let __cond_37: bool;
    let __local_5_38: ref "core:prelude/string.wado//String";
    let __local_6_39: ref "core:prelude/format.wado//Formatter";
    let value_42: ref "tuple//[i32, i32]";
    let __v1_44: i32;
    let __cond_45: bool;
    let __local_6_46: ref "core:prelude/string.wado//String";
    let __local_7_47: ref "core:prelude/format.wado//Formatter";
    let value_50: ref "tuple//[i32, i32]";
    let __v1_52: i32;
    let __cond_53: bool;
    let __local_6_54: ref "core:prelude/string.wado//String";
    let __local_7_55: ref "core:prelude/format.wado//Formatter";
    __b = struct.new "core:prelude//List<core:prelude/types.wado/Tuple<i32,i32>>" { repr: builtin::array_new<ref "tuple//[i32, i32]">(0), used: 0 };
    "core:prelude/list.wado/List<core:prelude/types.wado/Tuple<i32,i32>>::push"(__b, struct.new "tuple//[i32, i32]" { 0: 1, 1: 100 });
    "core:prelude/list.wado/List<core:prelude/types.wado/Tuple<i32,i32>>::push"(__b, struct.new "tuple//[i32, i32]" { 0: 2, 1: 200 });
    "core:prelude/list.wado/List<core:prelude/types.wado/Tuple<i32,i32>>::push"(__b, struct.new "tuple//[i32, i32]" { 0: 3, 1: 300 });
    __v1_8 = __b.used;
    __cond_9 = 1 < __v1_8;
    if @unlikely(__cond_9 == 0) {
        cold_path;
        "core:internal/panic"(__local_5_10 = "core:prelude/string.wado/String::with_capacity"(173); "core:prelude/string.wado/String::push_str"(__local_5_10, struct.new "core:prelude/string.wado//String" { repr: array.new_data<u8>("Assertion failed in "), used: 20 }); "core:prelude/string.wado/String::push_str"(__local_5_10, struct.new "core:prelude/string.wado//String" { repr: array.new_data<u8>("List::index_value"), used: 17 }); "core:prelude/string.wado/String::push"(__local_5_10, 32); "core:prelude/string.wado/String::push"(__local_5_10, 97); "core:prelude/string.wado/String::push"(__local_5_10, 116); "core:prelude/string.wado/String::push"(__local_5_10, 32); "core:prelude/string.wado/String::push_str"(__local_5_10, struct.new "core:prelude/string.wado//String" { repr: array.new_data<u8>("core:prelude/list.wado"), used: 22 }); "core:prelude/string.wado/String::push"(__local_5_10, 58); __local_6_11 = "core:prelude/format.wado/Formatter::new"(__local_5_10); "core:prelude/primitive.wado/i32^Display::fmt"(struct.new "core:prelude/types.wado//Box<i32>" { value: 315 }, __local_6_11); "core:prelude/string.wado/String::push"(__local_5_10, 58); "core:prelude/string.wado/String::push"(__local_5_10, 32); "core:prelude/string.wado/String::push_str"(__local_5_10, struct.new "core:prelude/string.wado//String" { repr: array.new_data<u8>("index out of bounds"), used: 19 }); "core:prelude/string.wado/String::push_str"(__local_5_10, struct.new "core:prelude/string.wado//String" { repr: array.new_data<u8>("
condition: index < self.used
"), used: 30 }); "core:prelude/string.wado/String::push"(__local_5_10, 105); "core:prelude/string.wado/String::push"(__local_5_10, 110); "core:prelude/string.wado/String::push"(__local_5_10, 100); "core:prelude/string.wado/String::push"(__local_5_10, 101); "core:prelude/string.wado/String::push"(__local_5_10, 120); "core:prelude/string.wado/String::push"(__local_5_10, 58); "core:prelude/string.wado/String::push"(__local_5_10, 32); __local_6_11 = "core:prelude/format.wado/Formatter::new"(__local_5_10); "core:prelude/primitive.wado/i32^Inspect::inspect"(struct.new "core:prelude/types.wado//Box<i32>" { value: 1 }, __local_6_11); "core:prelude/string.wado/String::push"(__local_5_10, 10); "core:prelude/string.wado/String::push_str"(__local_5_10, struct.new "core:prelude/string.wado//String" { repr: array.new_data<u8>("self.used: "), used: 11 }); __local_6_11 = "core:prelude/format.wado/Formatter::new"(__local_5_10); "core:prelude/primitive.wado/i32^Inspect::inspect"(struct.new "core:prelude/types.wado//Box<i32>" { value: __v1_8 }, __local_6_11); "core:prelude/string.wado/String::push"(__local_5_10, 10); __local_5_10);
        unreachable;
    }
    value_42 = builtin::array_get<ref "tuple//[i32, i32]">(__b.repr, 1);
    __v1_44 = __b.used;
    __cond_45 = 2 < __v1_44;
    if @unlikely(__cond_45 == 0) {
        cold_path;
        "core:internal/panic"(__local_6_46 = "core:prelude/string.wado/String::with_capacity"(173); "core:prelude/string.wado/String::push_str"(__local_6_46, struct.new "core:prelude/string.wado//String" { repr: array.new_data<u8>("Assertion failed in "), used: 20 }); "core:prelude/string.wado/String::push_str"(__local_6_46, struct.new "core:prelude/string.wado//String" { repr: array.new_data<u8>("List::index_assign"), used: 18 }); "core:prelude/string.wado/String::push"(__local_6_46, 32); "core:prelude/string.wado/String::push"(__local_6_46, 97); "core:prelude/string.wado/String::push"(__local_6_46, 116); "core:prelude/string.wado/String::push"(__local_6_46, 32); "core:prelude/string.wado/String::push_str"(__local_6_46, struct.new "core:prelude/string.wado//String" { repr: array.new_data<u8>("core:prelude/list.wado"), used: 22 }); "core:prelude/string.wado/String::push"(__local_6_46, 58); __local_7_47 = "core:prelude/format.wado/Formatter::new"(__local_6_46); "core:prelude/primitive.wado/i32^Display::fmt"(struct.new "core:prelude/types.wado//Box<i32>" { value: 324 }, __local_7_47); "core:prelude/string.wado/String::push"(__local_6_46, 58); "core:prelude/string.wado/String::push"(__local_6_46, 32); "core:prelude/string.wado/String::push_str"(__local_6_46, struct.new "core:prelude/string.wado//String" { repr: array.new_data<u8>("index out of bounds"), used: 19 }); "core:prelude/string.wado/String::push_str"(__local_6_46, struct.new "core:prelude/string.wado//String" { repr: array.new_data<u8>("
condition: index < self.used
"), used: 30 }); "core:prelude/string.wado/String::push"(__local_6_46, 105); "core:prelude/string.wado/String::push"(__local_6_46, 110); "core:prelude/string.wado/String::push"(__local_6_46, 100); "core:prelude/string.wado/String::push"(__local_6_46, 101); "core:prelude/string.wado/String::push"(__local_6_46, 120); "core:prelude/string.wado/String::push"(__local_6_46, 58); "core:prelude/string.wado/String::push"(__local_6_46, 32); __local_7_47 = "core:prelude/format.wado/Formatter::new"(__local_6_46); "core:prelude/primitive.wado/i32^Inspect::inspect"(struct.new "core:prelude/types.wado//Box<i32>" { value: 2 }, __local_7_47); "core:prelude/string.wado/String::push"(__local_6_46, 10); "core:prelude/string.wado/String::push_str"(__local_6_46, struct.new "core:prelude/string.wado//String" { repr: array.new_data<u8>("self.used: "), used: 11 }); __local_7_47 = "core:prelude/format.wado/Formatter::new"(__local_6_46); "core:prelude/primitive.wado/i32^Inspect::inspect"(struct.new "core:prelude/types.wado//Box<i32>" { value: __v1_44 }, __local_7_47); "core:prelude/string.wado/String::push"(__local_6_46, 10); __local_6_46);
        unreachable;
    }
    builtin::array_set<ref "tuple//[i32, i32]">(__b.repr, 2, value_42);
    value_50 = struct.new "tuple//[i32, i32]" { 0: 9, 1: 900 };
    __v1_52 = __b.used;
    __cond_53 = 0 < __v1_52;
    if @unlikely(__cond_53 == 0) {
        cold_path;
        "core:internal/panic"(__local_6_54 = "core:prelude/string.wado/String::with_capacity"(173); "core:prelude/string.wado/String::push_str"(__local_6_54, struct.new "core:prelude/string.wado//String" { repr: array.new_data<u8>("Assertion failed in "), used: 20 }); "core:prelude/string.wado/String::push_str"(__local_6_54, struct.new "core:prelude/string.wado//String" { repr: array.new_data<u8>("List::index_assign"), used: 18 }); "core:prelude/string.wado/String::push"(__local_6_54, 32); "core:prelude/string.wado/String::push"(__local_6_54, 97); "core:prelude/string.wado/String::push"(__local_6_54, 116); "core:prelude/string.wado/String::push"(__local_6_54, 32); "core:prelude/string.wado/String::push_str"(__local_6_54, struct.new "core:prelude/string.wado//String" { repr: array.new_data<u8>("core:prelude/list.wado"), used: 22 }); "core:prelude/string.wado/String::push"(__local_6_54, 58); __local_7_55 = "core:prelude/format.wado/Formatter::new"(__local_6_54); "core:prelude/primitive.wado/i32^Display::fmt"(struct.new "core:prelude/types.wado//Box<i32>" { value: 324 }, __local_7_55); "core:prelude/string.wado/String::push"(__local_6_54, 58); "core:prelude/string.wado/String::push"(__local_6_54, 32); "core:prelude/string.wado/String::push_str"(__local_6_54, struct.new "core:prelude/string.wado//String" { repr: array.new_data<u8>("index out of bounds"), used: 19 }); "core:prelude/string.wado/String::push_str"(__local_6_54, struct.new "core:prelude/string.wado//String" { repr: array.new_data<u8>("
condition: index < self.used
"), used: 30 }); "core:prelude/string.wado/String::push"(__local_6_54, 105); "core:prelude/string.wado/String::push"(__local_6_54, 110); "core:prelude/string.wado/String::push"(__local_6_54, 100); "core:prelude/string.wado/String::push"(__local_6_54, 101); "core:prelude/string.wado/String::push"(__local_6_54, 120); "core:prelude/string.wado/String::push"(__local_6_54, 58); "core:prelude/string.wado/String::push"(__local_6_54, 32); __local_7_55 = "core:prelude/format.wado/Formatter::new"(__local_6_54); "core:prelude/primitive.wado/i32^Inspect::inspect"(struct.new "core:prelude/types.wado//Box<i32>" { value: 0 }, __local_7_55); "core:prelude/string.wado/String::push"(__local_6_54, 10); "core:prelude/string.wado/String::push_str"(__local_6_54, struct.new "core:prelude/string.wado//String" { repr: array.new_data<u8>("self.used: "), used: 11 }); __local_7_55 = "core:prelude/format.wado/Formatter::new"(__local_6_54); "core:prelude/primitive.wado/i32^Inspect::inspect"(struct.new "core:prelude/types.wado//Box<i32>" { value: __v1_52 }, __local_7_55); "core:prelude/string.wado/String::push"(__local_6_54, 10); __local_6_54);
        unreachable;
    }
    builtin::array_set<ref "tuple//[i32, i32]">(__b.repr, 0, value_50);
    return ((__v1_15 = __b.used; __cond_16 = 0 < __v1_15; if @unlikely(__cond_16 == 0) {
        cold_path;
        "core:internal/panic"(__local_5_17 = "core:prelude/string.wado/String::with_capacity"(173); "core:prelude/string.wado/String::push_str"(__local_5_17, struct.new "core:prelude/string.wado//String" { repr: array.new_data<u8>("Assertion failed in "), used: 20 }); "core:prelude/string.wado/String::push_str"(__local_5_17, struct.new "core:prelude/string.wado//String" { repr: array.new_data<u8>("List::index_value"), used: 17 }); "core:prelude/string.wado/String::push"(__local_5_17, 32); "core:prelude/string.wado/String::push"(__local_5_17, 97); "core:prelude/string.wado/String::push"(__local_5_17, 116); "core:prelude/string.wado/String::push"(__local_5_17, 32); "core:prelude/string.wado/String::push_str"(__local_5_17, struct.new "core:prelude/string.wado//String" { repr: array.new_data<u8>("core:prelude/list.wado"), used: 22 }); "core:prelude/string.wado/String::push"(__local_5_17, 58); __local_6_18 = "core:prelude/format.wado/Formatter::new"(__local_5_17); "core:prelude/primitive.wado/i32^Display::fmt"(struct.new "core:prelude/types.wado//Box<i32>" { value: 315 }, __local_6_18); "core:prelude/string.wado/String::push"(__local_5_17, 58); "core:prelude/string.wado/String::push"(__local_5_17, 32); "core:prelude/string.wado/String::push_str"(__local_5_17, struct.new "core:prelude/string.wado//String" { repr: array.new_data<u8>("index out of bounds"), used: 19 }); "core:prelude/string.wado/String::push_str"(__local_5_17, struct.new "core:prelude/string.wado//String" { repr: array.new_data<u8>("
condition: index < self.used
"), used: 30 }); "core:prelude/string.wado/String::push"(__local_5_17, 105); "core:prelude/string.wado/String::push"(__local_5_17, 110); "core:prelude/string.wado/String::push"(__local_5_17, 100); "core:prelude/string.wado/String::push"(__local_5_17, 101); "core:prelude/string.wado/String::push"(__local_5_17, 120); "core:prelude/string.wado/String::push"(__local_5_17, 58); "core:prelude/string.wado/String::push"(__local_5_17, 32); __local_6_18 = "core:prelude/format.wado/Formatter::new"(__local_5_17); "core:prelude/primitive.wado/i32^Inspect::inspect"(struct.new "core:prelude/types.wado//Box<i32>" { value: 0 }, __local_6_18); "core:prelude/string.wado/String::push"(__local_5_17, 10); "core:prelude/string.wado/String::push_str"(__local_5_17, struct.new "core:prelude/string.wado//String" { repr: array.new_data<u8>("self.used: "), used: 11 }); __local_6_18 = "core:prelude/format.wado/Formatter::new"(__local_5_17); "core:prelude/primitive.wado/i32^Inspect::inspect"(struct.new "core:prelude/types.wado//Box<i32>" { value: __v1_15 }, __local_6_18); "core:prelude/string.wado/String::push"(__local_5_17, 10); __local_5_17);
        unreachable;
    }; builtin::array_get<ref "tuple//[i32, i32]">(__b.repr, 0).0 + __v1_22 = __b.used; __cond_23 = 0 < __v1_22; if @unlikely(__cond_23 == 0) {
        cold_path;
        "core:internal/panic"(__local_5_24 = "core:prelude/string.wado/String::with_capacity"(173); "core:prelude/string.wado/String::push_str"(__local_5_24, struct.new "core:prelude/string.wado//String" { repr: array.new_data<u8>("Assertion failed in "), used: 20 }); "core:prelude/string.wado/String::push_str"(__local_5_24, struct.new "core:prelude/string.wado//String" { repr: array.new_data<u8>("List::index_value"), used: 17 }); "core:prelude/string.wado/String::push"(__local_5_24, 32); "core:prelude/string.wado/String::push"(__local_5_24, 97); "core:prelude/string.wado/String::push"(__local_5_24, 116); "core:prelude/string.wado/String::push"(__local_5_24, 32); "core:prelude/string.wado/String::push_str"(__local_5_24, struct.new "core:prelude/string.wado//String" { repr: array.new_data<u8>("core:prelude/list.wado"), used: 22 }); "core:prelude/string.wado/String::push"(__local_5_24, 58); __local_6_25 = "core:prelude/format.wado/Formatter::new"(__local_5_24); "core:prelude/primitive.wado/i32^Display::fmt"(struct.new "core:prelude/types.wado//Box<i32>" { value: 315 }, __local_6_25); "core:prelude/string.wado/String::push"(__local_5_24, 58); "core:prelude/string.wado/String::push"(__local_5_24, 32); "core:prelude/string.wado/String::push_str"(__local_5_24, struct.new "core:prelude/string.wado//String" { repr: array.new_data<u8>("index out of bounds"), used: 19 }); "core:prelude/string.wado/String::push_str"(__local_5_24, struct.new "core:prelude/string.wado//String" { repr: array.new_data<u8>("
condition: index < self.used
"), used: 30 }); "core:prelude/string.wado/String::push"(__local_5_24, 105); "core:prelude/string.wado/String::push"(__local_5_24, 110); "core:prelude/string.wado/String::push"(__local_5_24, 100); "core:prelude/string.wado/String::push"(__local_5_24, 101); "core:prelude/string.wado/String::push"(__local_5_24, 120); "core:prelude/string.wado/String::push"(__local_5_24, 58); "core:prelude/string.wado/String::push"(__local_5_24, 32); __local_6_25 = "core:prelude/format.wado/Formatter::new"(__local_5_24); "core:prelude/primitive.wado/i32^Inspect::inspect"(struct.new "core:prelude/types.wado//Box<i32>" { value: 0 }, __local_6_25); "core:prelude/string.wado/String::push"(__local_5_24, 10); "core:prelude/string.wado/String::push_str"(__local_5_24, struct.new "core:prelude/string.wado//String" { repr: array.new_data<u8>("self.used: "), used: 11 }); __local_6_25 = "core:prelude/format.wado/Formatter::new"(__local_5_24); "core:prelude/primitive.wado/i32^Inspect::inspect"(struct.new "core:prelude/types.wado//Box<i32>" { value: __v1_22 }, __local_6_25); "core:prelude/string.wado/String::push"(__local_5_24, 10); __local_5_24);
        unreachable;
    }; builtin::array_get<ref "tuple//[i32, i32]">(__b.repr, 0).1) + __v1_29 = __b.used; __cond_30 = 2 < __v1_29; if @unlikely(__cond_30 == 0) {
        cold_path;
        "core:internal/panic"(__local_5_31 = "core:prelude/string.wado/String::with_capacity"(173); "core:prelude/string.wado/String::push_str"(__local_5_31, struct.new "core:prelude/string.wado//String" { repr: array.new_data<u8>("Assertion failed in "), used: 20 }); "core:prelude/string.wado/String::push_str"(__local_5_31, struct.new "core:prelude/string.wado//String" { repr: array.new_data<u8>("List::index_value"), used: 17 }); "core:prelude/string.wado/String::push"(__local_5_31, 32); "core:prelude/string.wado/String::push"(__local_5_31, 97); "core:prelude/string.wado/String::push"(__local_5_31, 116); "core:prelude/string.wado/String::push"(__local_5_31, 32); "core:prelude/string.wado/String::push_str"(__local_5_31, struct.new "core:prelude/string.wado//String" { repr: array.new_data<u8>("core:prelude/list.wado"), used: 22 }); "core:prelude/string.wado/String::push"(__local_5_31, 58); __local_6_32 = "core:prelude/format.wado/Formatter::new"(__local_5_31); "core:prelude/primitive.wado/i32^Display::fmt"(struct.new "core:prelude/types.wado//Box<i32>" { value: 315 }, __local_6_32); "core:prelude/string.wado/String::push"(__local_5_31, 58); "core:prelude/string.wado/String::push"(__local_5_31, 32); "core:prelude/string.wado/String::push_str"(__local_5_31, struct.new "core:prelude/string.wado//String" { repr: array.new_data<u8>("index out of bounds"), used: 19 }); "core:prelude/string.wado/String::push_str"(__local_5_31, struct.new "core:prelude/string.wado//String" { repr: array.new_data<u8>("
condition: index < self.used
"), used: 30 }); "core:prelude/string.wado/String::push"(__local_5_31, 105); "core:prelude/string.wado/String::push"(__local_5_31, 110); "core:prelude/string.wado/String::push"(__local_5_31, 100); "core:prelude/string.wado/String::push"(__local_5_31, 101); "core:prelude/string.wado/String::push"(__local_5_31, 120); "core:prelude/string.wado/String::push"(__local_5_31, 58); "core:prelude/string.wado/String::push"(__local_5_31, 32); __local_6_32 = "core:prelude/format.wado/Formatter::new"(__local_5_31); "core:prelude/primitive.wado/i32^Inspect::inspect"(struct.new "core:prelude/types.wado//Box<i32>" { value: 2 }, __local_6_32); "core:prelude/string.wado/String::push"(__local_5_31, 10); "core:prelude/string.wado/String::push_str"(__local_5_31, struct.new "core:prelude/string.wado//String" { repr: array.new_data<u8>("self.used: "), used: 11 }); __local_6_32 = "core:prelude/format.wado/Formatter::new"(__local_5_31); "core:prelude/primitive.wado/i32^Inspect::inspect"(struct.new "core:prelude/types.wado//Box<i32>" { value: __v1_29 }, __local_6_32); "core:prelude/string.wado/String::push"(__local_5_31, 10); __local_5_31);
        unreachable;
    }; builtin::array_get<ref "tuple//[i32, i32]">(__b.repr, 2).0) + __v1_36 = __b.used; __cond_37 = 2 < __v1_36; if @unlikely(__cond_37 == 0) {
        cold_path;
        "core:internal/panic"(__local_5_38 = "core:prelude/string.wado/String::with_capacity"(173); "core:prelude/string.wado/String::push_str"(__local_5_38, struct.new "core:prelude/string.wado//String" { repr: array.new_data<u8>("Assertion failed in "), used: 20 }); "core:prelude/string.wado/String::push_str"(__local_5_38, struct.new "core:prelude/string.wado//String" { repr: array.new_data<u8>("List::index_value"), used: 17 }); "core:prelude/string.wado/String::push"(__local_5_38, 32); "core:prelude/string.wado/String::push"(__local_5_38, 97); "core:prelude/string.wado/String::push"(__local_5_38, 116); "core:prelude/string.wado/String::push"(__local_5_38, 32); "core:prelude/string.wado/String::push_str"(__local_5_38, struct.new "core:prelude/string.wado//String" { repr: array.new_data<u8>("core:prelude/list.wado"), used: 22 }); "core:prelude/string.wado/String::push"(__local_5_38, 58); __local_6_39 = "core:prelude/format.wado/Formatter::new"(__local_5_38); "core:prelude/primitive.wado/i32^Display::fmt"(struct.new "core:prelude/types.wado//Box<i32>" { value: 315 }, __local_6_39); "core:prelude/string.wado/String::push"(__local_5_38, 58); "core:prelude/string.wado/String::push"(__local_5_38, 32); "core:prelude/string.wado/String::push_str"(__local_5_38, struct.new "core:prelude/string.wado//String" { repr: array.new_data<u8>("index out of bounds"), used: 19 }); "core:prelude/string.wado/String::push_str"(__local_5_38, struct.new "core:prelude/string.wado//String" { repr: array.new_data<u8>("
condition: index < self.used
"), used: 30 }); "core:prelude/string.wado/String::push"(__local_5_38, 105); "core:prelude/string.wado/String::push"(__local_5_38, 110); "core:prelude/string.wado/String::push"(__local_5_38, 100); "core:prelude/string.wado/String::push"(__local_5_38, 101); "core:prelude/string.wado/String::push"(__local_5_38, 120); "core:prelude/string.wado/String::push"(__local_5_38, 58); "core:prelude/string.wado/String::push"(__local_5_38, 32); __local_6_39 = "core:prelude/format.wado/Formatter::new"(__local_5_38); "core:prelude/primitive.wado/i32^Inspect::inspect"(struct.new "core:prelude/types.wado//Box<i32>" { value: 2 }, __local_6_39); "core:prelude/string.wado/String::push"(__local_5_38, 10); "core:prelude/string.wado/String::push_str"(__local_5_38, struct.new "core:prelude/string.wado//String" { repr: array.new_data<u8>("self.used: "), used: 11 }); __local_6_39 = "core:prelude/format.wado/Formatter::new"(__local_5_38); "core:prelude/primitive.wado/i32^Inspect::inspect"(struct.new "core:prelude/types.wado//Box<i32>" { value: __v1_36 }, __local_6_39); "core:prelude/string.wado/String::push"(__local_5_38, 10); __local_5_38);
        unreachable;
    }; builtin::array_get<ref "tuple//[i32, i32]">(__b.repr, 2).1;
}

fn "/home/user/wado/wado-compiler/tests/fixtures/opt_container_sroa_tuple.wado/with_capacity_init"() {
    let sum: i32;
    let i: i32;
    let __csroa_v_0: ref "core:prelude//List<i32>";
    let __csroa_v_1: ref "core:prelude//List<i32>";
    let __cond_19: bool;
    let __local_5_20: ref "core:prelude/string.wado//String";
    let __local_6_21: ref "core:prelude/format.wado//Formatter";
    let __cse_22: bool;
    let _licm_used_23: i32;
    let _licm_repr_24: ref Array<i32>;
    let _licm_used_25: i32;
    let _licm_repr_26: ref Array<i32>;
    __csroa_v_0 = struct.new "core:prelude//List<i32>" { repr: builtin::array_new<i32>(4), used: 0 };
    __csroa_v_1 = struct.new "core:prelude//List<i32>" { repr: builtin::array_new<i32>(4), used: 0 };
    "core:prelude/list.wado/List<i32>::push"(__csroa_v_0, 1);
    "core:prelude/list.wado/List<i32>::push"(__csroa_v_1, 10);
    "core:prelude/list.wado/List<i32>::push"(__csroa_v_0, 2);
    "core:prelude/list.wado/List<i32>::push"(__csroa_v_1, 20);
    sum = 0;
    i = 0;
    _licm_used_23 = __csroa_v_0.used;
    _licm_repr_24 = __csroa_v_0.repr;
    _licm_used_25 = __csroa_v_1.used;
    _licm_repr_26 = __csroa_v_1.repr;
    b12: block {
        l13: loop {
            __cse_22 = i < _licm_used_23;
            break_if b12 __cse_22 == 0;
            sum = sum + (builtin::array_get<i32>(_licm_repr_24, i) * __cond_19 = i < _licm_used_25; if @unlikely(__cond_19 == 0) {
                cold_path;
                "core:internal/panic"(__local_5_20 = "core:prelude/string.wado/String::with_capacity"(173); "core:prelude/string.wado/String::push_str"(__local_5_20, struct.new "core:prelude/string.wado//String" { repr: array.new_data<u8>("Assertion failed in "), used: 20 }); "core:prelude/string.wado/String::push_str"(__local_5_20, struct.new "core:prelude/string.wado//String" { repr: array.new_data<u8>("List::index_value"), used: 17 }); "core:prelude/string.wado/String::push"(__local_5_20, 32); "core:prelude/string.wado/String::push"(__local_5_20, 97); "core:prelude/string.wado/String::push"(__local_5_20, 116); "core:prelude/string.wado/String::push"(__local_5_20, 32); "core:prelude/string.wado/String::push_str"(__local_5_20, struct.new "core:prelude/string.wado//String" { repr: array.new_data<u8>("core:prelude/list.wado"), used: 22 }); "core:prelude/string.wado/String::push"(__local_5_20, 58); __local_6_21 = "core:prelude/format.wado/Formatter::new"(__local_5_20); "core:prelude/primitive.wado/i32^Display::fmt"(struct.new "core:prelude/types.wado//Box<i32>" { value: 315 }, __local_6_21); "core:prelude/string.wado/String::push"(__local_5_20, 58); "core:prelude/string.wado/String::push"(__local_5_20, 32); "core:prelude/string.wado/String::push_str"(__local_5_20, struct.new "core:prelude/string.wado//String" { repr: array.new_data<u8>("index out of bounds"), used: 19 }); "core:prelude/string.wado/String::push_str"(__local_5_20, struct.new "core:prelude/string.wado//String" { repr: array.new_data<u8>("
condition: index < self.used
"), used: 30 }); "core:prelude/string.wado/String::push"(__local_5_20, 105); "core:prelude/string.wado/String::push"(__local_5_20, 110); "core:prelude/string.wado/String::push"(__local_5_20, 100); "core:prelude/string.wado/String::push"(__local_5_20, 101); "core:prelude/string.wado/String::push"(__local_5_20, 120); "core:prelude/string.wado/String::push"(__local_5_20, 58); "core:prelude/string.wado/String::push"(__local_5_20, 32); __local_6_21 = "core:prelude/format.wado/Formatter::new"(__local_5_20); "core:prelude/primitive.wado/i32^Inspect::inspect"(struct.new "core:prelude/types.wado//Box<i32>" { value: i }, __local_6_21); "core:prelude/string.wado/String::push"(__local_5_20, 10); "core:prelude/string.wado/String::push_str"(__local_5_20, struct.new "core:prelude/string.wado//String" { repr: array.new_data<u8>("self.used: "), used: 11 }); __local_6_21 = "core:prelude/format.wado/Formatter::new"(__local_5_20); "core:prelude/primitive.wado/i32^Inspect::inspect"(struct.new "core:prelude/types.wado//Box<i32>" { value: _licm_used_25 }, __local_6_21); "core:prelude/string.wado/String::push"(__local_5_20, 10); __local_5_20);
                unreachable;
            }; builtin::array_get<i32>(_licm_repr_26, i));
            i = i + 1;
            continue l13;
        };
    };
    return sum;
}

fn "/home/user/wado/wado-compiler/tests/fixtures/opt_container_sroa_tuple.wado/run"() with Stdout {
    let __v0_0: i32;
    let __cond_1: bool;
    let __v0_2: i32;
    let __cond_3: bool;
    let __v0_4: i32;
    let __cond_5: bool;
    let __v0_6: i32;
    let __cond_7: bool;
    let __local_8: ref "core:prelude/string.wado//String";
    let __local_9: ref "core:prelude/format.wado//Formatter";
    let __local_10: ref "core:prelude/string.wado//String";
    let __local_11: ref "core:prelude/format.wado//Formatter";
    let __local_12: ref "core:prelude/string.wado//String";
    let __local_13: ref "core:prelude/format.wado//Formatter";
    let __local_14: ref "core:prelude/string.wado//String";
    let __local_15: ref "core:prelude/format.wado//Formatter";
    __inline___initialize_modules_0: block {
        break_if __inline___initialize_modules_0 @likely(global:__modules_initialized);
        cold_path;
        "core:prelude/fpfmt.wado/__initialize_module"();
        global:__modules_initialized = 1;
    };
    __cond_1 = local.tee __v0_0("/home/user/wado/wado-compiler/tests/fixtures/opt_container_sroa_tuple.wado/_force_array_i32_monomorphization"()) == 12;
    if @unlikely(__cond_1 == 0) {
        cold_path;
        "core:internal/panic"(__local_8 = "core:prelude/string.wado/String::with_capacity"(181); "core:prelude/string.wado/String::push_str"(__local_8, struct.new "core:prelude/string.wado//String" { repr: array.new_data<u8>("Assertion failed in "), used: 20 }); "core:prelude/string.wado/String::push"(__local_8, 114); "core:prelude/string.wado/String::push"(__local_8, 117); "core:prelude/string.wado/String::push"(__local_8, 110); "core:prelude/string.wado/String::push"(__local_8, 32); "core:prelude/string.wado/String::push"(__local_8, 97); "core:prelude/string.wado/String::push"(__local_8, 116); "core:prelude/string.wado/String::push"(__local_8, 32); "core:prelude/string.wado/String::push_str"(__local_8, struct.new "core:prelude/string.wado//String" { repr: array.new_data<u8>("/home/user/wado/wado-compiler/tests/fixtures/opt_container_sroa_tuple.wado"), used: 74 }); "core:prelude/string.wado/String::push"(__local_8, 58); __local_9 = "core:prelude/format.wado/Formatter::new"(__local_8); "core:prelude/primitive.wado/i32^Display::fmt"(struct.new "core:prelude/types.wado//Box<i32>" { value: 64 }, __local_9); "core:prelude/string.wado/String::push_str"(__local_8, struct.new "core:prelude/string.wado//String" { repr: array.new_data<u8>("
condition: _force_array_i32_monomorphization() == 12
"), used: 54 }); "core:prelude/string.wado/String::push_str"(__local_8, struct.new "core:prelude/string.wado//String" { repr: array.new_data<u8>("_force_array_i32_monomorphization(): "), used: 37 }); __local_9 = "core:prelude/format.wado/Formatter::new"(__local_8); "core:prelude/primitive.wado/i32^Inspect::inspect"(struct.new "core:prelude/types.wado//Box<i32>" { value: __v0_0 }, __local_9); "core:prelude/string.wado/String::push"(__local_8, 10); __local_8);
        unreachable;
    }
    __cond_3 = local.tee __v0_2("/home/user/wado/wado-compiler/tests/fixtures/opt_container_sroa_tuple.wado/build_and_sum_push"()) == 66;
    if @unlikely(__cond_3 == 0) {
        cold_path;
        "core:internal/panic"(__local_10 = "core:prelude/string.wado/String::with_capacity"(151); "core:prelude/string.wado/String::push_str"(__local_10, struct.new "core:prelude/string.wado//String" { repr: array.new_data<u8>("Assertion failed in "), used: 20 }); "core:prelude/string.wado/String::push"(__local_10, 114); "core:prelude/string.wado/String::push"(__local_10, 117); "core:prelude/string.wado/String::push"(__local_10, 110); "core:prelude/string.wado/String::push"(__local_10, 32); "core:prelude/string.wado/String::push"(__local_10, 97); "core:prelude/string.wado/String::push"(__local_10, 116); "core:prelude/string.wado/String::push"(__local_10, 32); "core:prelude/string.wado/String::push_str"(__local_10, struct.new "core:prelude/string.wado//String" { repr: array.new_data<u8>("/home/user/wado/wado-compiler/tests/fixtures/opt_container_sroa_tuple.wado"), used: 74 }); "core:prelude/string.wado/String::push"(__local_10, 58); __local_11 = "core:prelude/format.wado/Formatter::new"(__local_10); "core:prelude/primitive.wado/i32^Display::fmt"(struct.new "core:prelude/types.wado//Box<i32>" { value: 65 }, __local_11); "core:prelude/string.wado/String::push_str"(__local_10, struct.new "core:prelude/string.wado//String" { repr: array.new_data<u8>("
condition: build_and_sum_push() == 66
"), used: 39 }); "core:prelude/string.wado/String::push_str"(__local_10, struct.new "core:prelude/string.wado//String" { repr: array.new_data<u8>("build_and_sum_push(): "), used: 22 }); __local_11 = "core:prelude/format.wado/Formatter::new"(__local_10); "core:prelude/primitive.wado/i32^Inspect::inspect"(struct.new "core:prelude/types.wado//Box<i32>" { value: __v0_2 }, __local_11); "core:prelude/string.wado/String::push"(__local_10, 10); __local_10);
        unreachable;
    }
    __cond_5 = local.tee __v0_4("/home/user/wado/wado-compiler/tests/fixtures/opt_container_sroa_tuple.wado/slot_copy_pattern"()) == 1111;
    if @unlikely(__cond_5 == 0) {
        cold_path;
        "core:internal/panic"(__local_12 = "core:prelude/string.wado/String::with_capacity"(151); "core:prelude/string.wado/String::push_str"(__local_12, struct.new "core:prelude/string.wado//String" { repr: array.new_data<u8>("Assertion failed in "), used: 20 }); "core:prelude/string.wado/String::push"(__local_12, 114); "core:prelude/string.wado/String::push"(__local_12, 117); "core:prelude/string.wado/String::push"(__local_12, 110); "core:prelude/string.wado/String::push"(__local_12, 32); "core:prelude/string.wado/String::push"(__local_12, 97); "core:prelude/string.wado/String::push"(__local_12, 116); "core:prelude/string.wado/String::push"(__local_12, 32); "core:prelude/string.wado/String::push_str"(__local_12, struct.new "core:prelude/string.wado//String" { repr: array.new_data<u8>("/home/user/wado/wado-compiler/tests/fixtures/opt_container_sroa_tuple.wado"), used: 74 }); "core:prelude/string.wado/String::push"(__local_12, 58); __local_13 = "core:prelude/format.wado/Formatter::new"(__local_12); "core:prelude/primitive.wado/i32^Display::fmt"(struct.new "core:prelude/types.wado//Box<i32>" { value: 66 }, __local_13); "core:prelude/string.wado/String::push_str"(__local_12, struct.new "core:prelude/string.wado//String" { repr: array.new_data<u8>("
condition: slot_copy_pattern() == 1111
"), used: 40 }); "core:prelude/string.wado/String::push_str"(__local_12, struct.new "core:prelude/string.wado//String" { repr: array.new_data<u8>("slot_copy_pattern(): "), used: 21 }); __local_13 = "core:prelude/format.wado/Formatter::new"(__local_12); "core:prelude/primitive.wado/i32^Inspect::inspect"(struct.new "core:prelude/types.wado//Box<i32>" { value: __v0_4 }, __local_13); "core:prelude/string.wado/String::push"(__local_12, 10); __local_12);
        unreachable;
    }
    __cond_7 = local.tee __v0_6("/home/user/wado/wado-compiler/tests/fixtures/opt_container_sroa_tuple.wado/with_capacity_init"()) == 50;
    if @unlikely(__cond_7 == 0) {
        cold_path;
        "core:internal/panic"(__local_14 = "core:prelude/string.wado/String::with_capacity"(151); "core:prelude/string.wado/String::push_str"(__local_14, struct.new "core:prelude/string.wado//String" { repr: array.new_data<u8>("Assertion failed in "), used: 20 }); "core:prelude/string.wado/String::push"(__local_14, 114); "core:prelude/string.wado/String::push"(__local_14, 117); "core:prelude/string.wado/String::push"(__local_14, 110); "core:prelude/string.wado/String::push"(__local_14, 32); "core:prelude/string.wado/String::push"(__local_14, 97); "core:prelude/string.wado/String::push"(__local_14, 116); "core:prelude/string.wado/String::push"(__local_14, 32); "core:prelude/string.wado/String::push_str"(__local_14, struct.new "core:prelude/string.wado//String" { repr: array.new_data<u8>("/home/user/wado/wado-compiler/tests/fixtures/opt_container_sroa_tuple.wado"), used: 74 }); "core:prelude/string.wado/String::push"(__local_14, 58); __local_15 = "core:prelude/format.wado/Formatter::new"(__local_14); "core:prelude/primitive.wado/i32^Display::fmt"(struct.new "core:prelude/types.wado//Box<i32>" { value: 67 }, __local_15); "core:prelude/string.wado/String::push_str"(__local_14, struct.new "core:prelude/string.wado//String" { repr: array.new_data<u8>("
condition: with_capacity_init() == 50
"), used: 39 }); "core:prelude/string.wado/String::push_str"(__local_14, struct.new "core:prelude/string.wado//String" { repr: array.new_data<u8>("with_capacity_init(): "), used: 22 }); __local_15 = "core:prelude/format.wado/Formatter::new"(__local_14); "core:prelude/primitive.wado/i32^Inspect::inspect"(struct.new "core:prelude/types.wado//Box<i32>" { value: __v0_6 }, __local_15); "core:prelude/string.wado/String::push"(__local_14, 10); __local_14);
        unreachable;
    }
    "core:cli/println"(struct.new "core:prelude/string.wado//String" { repr: array.new_fixed<u8>(111, 107), used: 2 });
}

fn "/home/user/wado/wado-compiler/tests/fixtures/opt_container_sroa_tuple.wado/__cm_binding__Stdout_write_via_stream"(data) with Stdout {
    return "wasi/wasi:cli/Stdout::write_via_stream"(data);
}

fn "/home/user/wado/wado-compiler/tests/fixtures/opt_container_sroa_tuple.wado/__cm_export__run"() {
    __inline___initialize_modules_0: block {
        break_if __inline___initialize_modules_0 @likely(global:__modules_initialized);
        cold_path;
        "core:prelude/fpfmt.wado/__initialize_module"();
        global:__modules_initialized = 1;
    };
    "/home/user/wado/wado-compiler/tests/fixtures/opt_container_sroa_tuple.wado/run"();
    "wasi/task-return"(0);
}

fn "core:cli/write_to_stream"(tx, message, add_newline) {
    let bytes: ref Array<u8>;
    let len: i32;
    let new_repr: ref Array<u8>;
    bytes = message.repr;
    len = message.used;
    if add_newline {
        new_repr = builtin::array_new<u8>(len + 1);
        builtin::array_copy<u8>(new_repr, 0, bytes, 0, len);
        builtin::array_set_u8(new_repr, len, 10);
        "core:internal/cm_stream_write_raw_u8"(tx, new_repr, len + 1);
    } else {
        "core:internal/cm_stream_write_raw_u8"(tx, bytes, len);
    }
    "wasi/stream-drop-writable"(tx);
}

fn "core:cli/println"(message) with Stdout {
    let handle: i32;
    let __pair_temp_1: i64;
    __pair_temp_1 = "wasi/stream-new"();
    let __mv_lo_1: i32;
    let __mv_hi_1: i32;
    multivalue_bind [__mv_lo_1, __mv_hi_1] = (builtin::i32_wrap_i64(__pair_temp_1); builtin::i32_wrap_i64(__pair_temp_1 >>u 32_i64));
    handle = "/home/user/wado/wado-compiler/tests/fixtures/opt_container_sroa_tuple.wado/__cm_binding__Stdout_write_via_stream"(__mv_lo_1);
    "core:cli/write_to_stream"(__mv_hi_1, message, 1);
    "wasi/future-drop-readable:transmission-cli"(handle);
}

fn "core:internal/gc_array_to_memory"(arr, ptr, len) {
    let i: i32;
    i = 0;
    b20: block {
        l21: loop {
            break_if b20 i >= len;
            builtin::store_u8(ptr + i, builtin::array_get_u8(arr, i));
            i = i + 1;
            continue l21;
        };
    };
}

fn "core:internal/write_string_to_stream"(tx, message, add_newline) {
    let bytes: ref Array<u8>;
    let len: i32;
    let new_repr: ref Array<u8>;
    bytes = message.repr;
    len = message.used;
    if add_newline {
        new_repr = builtin::array_new<u8>(len + 1);
        builtin::array_copy<u8>(new_repr, 0, bytes, 0, len);
        builtin::array_set_u8(new_repr, len, 10);
        "core:internal/cm_stream_write_raw_u8"(tx, new_repr, len + 1);
    } else {
        "core:internal/cm_stream_write_raw_u8"(tx, bytes, len);
    }
    "wasi/stream-drop-writable"(tx);
}

fn "core:internal/log_stderr"(message) {
    let future_handle: i32;
    let __pair_temp_1: i64;
    __pair_temp_1 = "wasi/stream-new"();
    let __mv_lo_1: i32;
    let __mv_hi_1: i32;
    multivalue_bind [__mv_lo_1, __mv_hi_1] = (builtin::i32_wrap_i64(__pair_temp_1); builtin::i32_wrap_i64(__pair_temp_1 >>u 32_i64));
    future_handle = "wasi/wasi:cli/Stderr::write_via_stream"(__mv_lo_1);
    "core:internal/write_string_to_stream"(__mv_hi_1, message, 1);
    "wasi/future-drop-readable:transmission-cli"(future_handle);
}

fn "core:internal/panic"(message) {
    "core:internal/log_stderr"(message);
    unreachable;
}

fn "core:internal/cm_lower_list_u8"(data, len) {
    let ptr: i32;
    ptr = "mem/realloc"(0, 0, 1, len);
    "core:internal/gc_array_to_memory"(data, ptr, len);
    return builtin::i64_extend_i32_s(ptr) | (builtin::i64_extend_i32_s(len) << 32_i64);
}

fn "core:internal/wait_for_blocked"(handle) {
    let ws: i32;
    let evt_ptr: i32;
    let payload: i32;
    ws = "wasi/waitable-set-new"();
    "wasi/waitable-join"(handle, ws);
    evt_ptr = "mem/realloc"(0, 0, 4, 8);
    drop("wasi/waitable-set-wait"(ws, evt_ptr));
    payload = builtin::load_i32(evt_ptr + 4);
    drop("mem/realloc"(evt_ptr, 8, 4, 0));
    "wasi/waitable-set-drop"(ws);
    return payload;
}

fn "core:internal/cm_stream_write_raw_u8"(handle, data, len) {
    let packed: i64;
    let ptr: i32;
    let raw_len: i32;
    let result: i32;
    ptr = builtin::i32_wrap_i64(local.tee packed("core:internal/cm_lower_list_u8"(data, len)));
    raw_len = builtin::i32_wrap_i64(packed >> 32_i64);
    result = "wasi/stream-write"(handle, ptr, raw_len);
    if result == -1 {
        drop("core:internal/wait_for_blocked"(handle));
    }
    drop("mem/realloc"(ptr, raw_len, 1, 0));
}

fn "core:prelude/primitive.wado/count_digits_i64"(val) {
    let n: i32;
    let t: i64;
    if val == 0_i64 {
        return 1;
    }
    n = 0;
    t = val;
    b25: block {
        l26: loop {
            break_if b25 t <= 0_i64;
            n = n + 1;
            t = t / 10_i64;
            continue l26;
        };
    };
    return n;
}

fn "core:prelude/primitive.wado/write_decimal_digits"(arr, offset, abs_val, digit_count) {
    let pos: i32;
    let temp: i64;
    pos = offset + digit_count;
    if abs_val == 0_i64 {
        builtin::array_set_u8(arr, offset, 48);
    } else {
        temp = abs_val;
        b28: block {
            l29: loop {
                break_if b28 temp <= 0_i64;
                pos = pos - 1;
                builtin::array_set_u8(arr, pos, (48 + builtin::i32_wrap_i64(temp % 10_i64)) & 255);
                temp = temp / 10_i64;
                continue l29;
            };
        };
    }
}

fn "core:prelude/fpfmt.wado/__initialize_module"() {
}

fn "core:prelude/primitive.wado/i32::fmt_decimal"(self, f) {
    let is_negative: bool;
    let abs_val: i64;
    let digit_count: i32;
    let offset: i32;
    let self_6: ref "core:prelude/string.wado//String";
    is_negative = self < 0;
    digit_count = "core:prelude/primitive.wado/count_digits_i64"(local.tee abs_val(select i64(is_negative, 0_i64 - builtin::i64_extend_i32_s(self), builtin::i64_extend_i32_s(self))));
    offset = "core:prelude/format.wado/Formatter::prepare_int_write"(f, is_negative, struct.new "core:prelude/string.wado//String" { repr: builtin::array_new<u8>(0), used: 0 }, digit_count);
    "core:prelude/primitive.wado/write_decimal_digits"(self_6 = f.buf; self_6.repr, offset, abs_val, digit_count);
}

fn "core:prelude/primitive.wado/i32^Display::fmt"(self, f) {
    let self_2: i32;
    "core:prelude/primitive.wado/i32::fmt_decimal"(local.tee self_2(self.value), f);
}

fn "core:prelude/primitive.wado/i32^Inspect::inspect"(self, f) {
    let self_2: i32;
    "core:prelude/primitive.wado/i32::fmt_decimal"(local.tee self_2(self.value), f);
}

fn "core:prelude/string.wado/String::with_capacity"(capacity) {
    return struct.new "core:prelude/string.wado//String" { repr: builtin::array_new<u8>(capacity), used: 0 };
}

fn "core:prelude/string.wado/String::grow"(self, min_capacity) {
    let capacity: i32;
    let new_capacity: i32;
    let new_repr: ref Array<u8>;
    let a_5: i32;
    let a_7: i32;
    capacity = builtin::array_len(self.repr);
    if min_capacity <= capacity {
        return;
    }
    new_repr = builtin::array_new<u8>(local.tee new_capacity(a_7 = capacity * 2; a_5 = select i32(a_7 > min_capacity, a_7, min_capacity); select i32(a_5 > 8, a_5, 8)));
    builtin::array_copy<u8>(new_repr, 0, self.repr, 0, self.used);
    self.repr = new_repr;
}

fn "core:prelude/string.wado/String::internal_reserve_uninit"(self, n) {
    let new_used: i32;
    let start: i32;
    new_used = self.used + n;
    if @unlikely(new_used > builtin::array_len(self.repr)) {
        cold_path;
        "core:prelude/string.wado/String::grow"(self, new_used);
    }
    start = self.used;
    self.used = new_used;
    return start;
}

fn "core:prelude/string.wado/String::push_str"(self, other) {
    let other_len: i32;
    let new_used: i32;
    other_len = other.used;
    if other_len == 0 {
        return;
    }
    new_used = self.used + other_len;
    if @unlikely(new_used > builtin::array_len(self.repr)) {
        cold_path;
        "core:prelude/string.wado/String::grow"(self, new_used);
    }
    builtin::array_copy<u8>(self.repr, self.used, other.repr, 0, other_len);
    self.used = new_used;
}

fn "core:prelude/string.wado/String::push"(self, c) {
    if @unlikely((self.used + 4) > builtin::array_len(self.repr)) {
        cold_path;
        "core:prelude/string.wado/String::grow"(self, self.used + 4);
    }
    if c <u 128 {
        builtin::array_set_u8(self.repr, self.used, c & 255);
        self.used = self.used + 1;
    } else if c <u 2048 {
        builtin::array_set_u8(self.repr, self.used, (192 | (c >>u 6)) & 255);
        builtin::array_set_u8(self.repr, self.used + 1, (128 | (c & 63)) & 255);
        self.used = self.used + 2;
    } else if c <u 65536 {
        builtin::array_set_u8(self.repr, self.used, (224 | (c >>u 12)) & 255);
        builtin::array_set_u8(self.repr, self.used + 1, (128 | ((c >>u 6) & 63)) & 255);
        builtin::array_set_u8(self.repr, self.used + 2, (128 | (c & 63)) & 255);
        self.used = self.used + 3;
    } else {
        builtin::array_set_u8(self.repr, self.used, (240 | (c >>u 18)) & 255);
        builtin::array_set_u8(self.repr, self.used + 1, (128 | ((c >>u 12) & 63)) & 255);
        builtin::array_set_u8(self.repr, self.used + 2, (128 | ((c >>u 6) & 63)) & 255);
        builtin::array_set_u8(self.repr, self.used + 3, (128 | (c & 63)) & 255);
        self.used = self.used + 4;
    }
}

fn "core:prelude/format.wado/Formatter::new"(buf) {
    return struct.new "core:prelude/format.wado//Formatter" { fill: 32, align: 2, sign_plus: 0, zero_pad: 0, width: -1, precision: -2, indent: 0, buf: buf };
}

fn "core:prelude/format.wado/Formatter::write_char_n"(self, c, n) {
    let i: i32;
    let _licm_buf_4: ref "core:prelude/string.wado//String";
    i = 0;
    _licm_buf_4 = self.buf;
    b38: block {
        l39: loop {
            break_if b38 i >= n;
            "core:prelude/string.wado/String::push"(_licm_buf_4, c);
            i = i + 1;
            continue l39;
        };
    };
}

fn "core:prelude/format.wado/Formatter::prepare_int_write"(self, is_negative, prefix, digit_count) {
    let sign: ref "core:prelude/string.wado//String";
    let sign_len: i32;
    let prefix_len: i32;
    let content_len: i32;
    let padding: i32;
    let align: "core:prelude/format.wado//enum:Alignment";
    let offset_10: i32;
    let left_pad: i32;
    let right_pad: i32;
    let offset_13: i32;
    sign = struct.new "core:prelude/string.wado//String" { repr: builtin::array_new<u8>(0), used: 0 };
    if is_negative {
        sign = struct.new "core:prelude/string.wado//String" { repr: array.new_fixed<u8>(45), used: 1 };
    } else if self.sign_plus {
        sign = struct.new "core:prelude/string.wado//String" { repr: array.new_fixed<u8>(43), used: 1 };
    }
    sign_len = sign.used;
    prefix_len = prefix.used;
    content_len = (sign_len + prefix_len) + digit_count;
    if (if self.width <= 0 -> i32 {
        1;
    } else {
        content_len >= self.width;
    }) {
        if sign_len > 0 {
            "core:prelude/string.wado/String::push_str"(self.buf, sign);
        }
        if prefix_len > 0 {
            "core:prelude/string.wado/String::push_str"(self.buf, prefix);
        }
        return "core:prelude/string.wado/String::internal_reserve_uninit"(self.buf, digit_count);
    }
    padding = self.width - content_len;
    if self.zero_pad {
        if sign_len > 0 {
            "core:prelude/string.wado/String::push_str"(self.buf, sign);
        }
        if prefix_len > 0 {
            "core:prelude/string.wado/String::push_str"(self.buf, prefix);
        }
        "core:prelude/format.wado/Formatter::write_char_n"(self, 48, padding);
        return "core:prelude/string.wado/String::internal_reserve_uninit"(self.buf, digit_count);
    }
    align = self.align;
    if align == 0 {
        if sign_len > 0 {
            "core:prelude/string.wado/String::push_str"(self.buf, sign);
        }
        if prefix_len > 0 {
            "core:prelude/string.wado/String::push_str"(self.buf, prefix);
        }
        offset_10 = "core:prelude/string.wado/String::internal_reserve_uninit"(self.buf, digit_count);
        "core:prelude/format.wado/Formatter::write_char_n"(self, self.fill, padding);
        return offset_10;
    } else if align == 1 {
        left_pad = padding / 2;
        right_pad = padding - left_pad;
        "core:prelude/format.wado/Formatter::write_char_n"(self, self.fill, left_pad);
        if sign_len > 0 {
            "core:prelude/string.wado/String::push_str"(self.buf, sign);
        }
        if prefix_len > 0 {
            "core:prelude/string.wado/String::push_str"(self.buf, prefix);
        }
        offset_13 = "core:prelude/string.wado/String::internal_reserve_uninit"(self.buf, digit_count);
        "core:prelude/format.wado/Formatter::write_char_n"(self, self.fill, right_pad);
        return offset_13;
    } else {
        "core:prelude/format.wado/Formatter::write_char_n"(self, self.fill, padding);
        if sign_len > 0 {
            "core:prelude/string.wado/String::push_str"(self.buf, sign);
        }
        if prefix_len > 0 {
            "core:prelude/string.wado/String::push_str"(self.buf, prefix);
        }
        return "core:prelude/string.wado/String::internal_reserve_uninit"(self.buf, digit_count);
    }
}

fn "core:prelude/list.wado/List<core:prelude/types.wado/Tuple<i32,i32>>::push"(self, value) {
    let used: i32;
    used = self.used;
    if @unlikely(used >= builtin::array_len(self.repr)) {
        cold_path;
        "core:prelude/list.wado/List<core:prelude/types.wado/Tuple<i32,i32>>::grow"(self);
    }
    builtin::array_set<ref "tuple//[i32, i32]">(self.repr, used, value);
    self.used = used + 1;
}

fn "core:prelude/list.wado/List<i32>::push"(self, value) {
    let used: i32;
    used = self.used;
    if @unlikely(used >= builtin::array_len(self.repr)) {
        cold_path;
        "core:prelude/list.wado/List<i32>::grow"(self);
    }
    builtin::array_set<i32>(self.repr, used, value);
    self.used = used + 1;
}

fn "core:prelude/list.wado/List<i32>::grow"(self) {
    let capacity: i32;
    let new_capacity: i32;
    let new_repr: ref Array<i32>;
    let a: i32;
    capacity = builtin::array_len(self.repr);
    new_repr = builtin::array_new<i32>(local.tee new_capacity(a = capacity * 2; select i32(a > 4, a, 4)));
    builtin::array_copy<i32>(new_repr, 0, self.repr, 0, self.used);
    self.repr = new_repr;
}

fn "core:prelude/list.wado/List<core:prelude/types.wado/Tuple<i32,i32>>::grow"(self) {
    let capacity: i32;
    let new_capacity: i32;
    let new_repr: ref "Array<core:prelude/types.wado/Tuple<i32,i32>>";
    let a: i32;
    capacity = builtin::array_len(self.repr);
    new_repr = builtin::array_new<ref "tuple//[i32, i32]">(local.tee new_capacity(a = capacity * 2; select i32(a > 4, a, 4)));
    builtin::array_copy<ref "tuple//[i32, i32]">(new_repr, 0, self.repr, 0, self.used);
    self.repr = new_repr;
}

export fn "/home/user/wado/wado-compiler/tests/fixtures/opt_container_sroa_tuple.wado/__cm_export__run" as "run"

stack backtrace:
   0: __rustc::rust_begin_unwind
             at /rustc/ac68faa20c58cbccd01ee7208bf3b6e93a7d7f96/library/std/src/panicking.rs:689:5
   1: core::panicking::panic_fmt
             at /rustc/ac68faa20c58cbccd01ee7208bf3b6e93a7d7f96/library/core/src/panicking.rs:80:14
   2: run_normal_test
   3: run_fixture_test_with_opt
             at ./tests/e2e.rs:792:5
   4: fixture_test_o2
             at ./tests/e2e.rs:1033:5
   5: opt_container_sroa_tuple_wado
             at ./tests/e2e.rs:1096:1
   6: {closure#0}
             at ./tests/e2e.rs:1112:2
   7: call_once<e2e::fixture_test_o2::opt_container_sroa_tuple_wado::{closure_env#0}, ()>
             at /rustc/ac68faa20c58cbccd01ee7208bf3b6e93a7d7f96/library/core/src/ops/function.rs:250:5
   8: <fn() -> core::result::Result<(), alloc::string::String> as core::ops::function::FnOnce<()>>::call_once
             at /rustc/ac68faa20c58cbccd01ee7208bf3b6e93a7d7f96/library/core/src/ops/function.rs:250:5
note: Some details are omitted, run with `RUST_BACKTRACE=full` for a verbose backtrace.


failures:
    fixture_test_o2::match_1_wado
    fixture_test_o2::opt_container_sroa_tuple_wado
    fixture_test_o2::tmpl_hoist_loop_wado

test result: FAILED. 4 passed; 3 failed; 0 ignored; 0 measured; 7390 filtered out; finished in 1.67s

