    Finished `test` profile [unoptimized + debuginfo] target(s) in 0.26s
     Running tests/e2e.rs (target/debug/deps/e2e-02710646dbc0f7d8)

running 6962 tests
test fixture_test_o0::allocator_free_rewind_wado ... ok
test fixture_test_o0::allocator_freelist_align_wado ... ok
test fixture_test_o0::allocator_debug_poison_wado ... ok
test fixture_test_o0::allocator_freelist_bins_wado ... ok
test fixture_test_o0::allocator_freelist_churn_mixed_wado ... ok
test fixture_test_o0::allocator_freelist_churn_wado ... ok
test fixture_test_o0::allocator_freelist_coalesce_both_wado ... ok
test fixture_test_o0::allocator_freelist_coalesce_wado ... ok
test fixture_test_o0::allocator_freelist_double_free_wado ... ok
test fixture_test_o0::allocator_freelist_reclaim_wado ... ok
test fixture_test_o0::allocator_freelist_no_coalesce_wado ... ok
test fixture_test_o0::allocator_freelist_split_wado ... ok
test fixture_test_o0::allocator_freelist_zero_free_wado ... ok
test fixture_test_o0::anon_struct_nested_wado ... ok
test fixture_test_o0::anon_struct_basic_wado ... ok
test fixture_test_o0::allocator_grow_wado ... ok
test fixture_test_o0::anon_struct_shorthand_wado ... ok
test fixture_test_o0::anon_struct_structural_eq_wado ... ok
test fixture_test_o0::anon_struct_various_types_wado ... ok
test fixture_test_o0::array_append_collapse_wado ... ok
test fixture_test_o0::array_bounds_check_empty_wado ... ok
test fixture_test_o0::array_bounds_check_negative_wado ... ok
test fixture_test_o0::array_bounds_check_oob_read_wado ... ok
test fixture_test_o0::array_bounds_check_oob_write_wado ... ok
test fixture_test_o0::array_bounds_elim_const_wado ... ok
test fixture_test_o0::array_bounds_elim_const_wir_wado ... ok
test fixture_test_o0::array_bounds_elim_le_guard_wado ... ok
test fixture_test_o0::array_bounds_elim_le_guard_wir_wado ... ok
test fixture_test_o0::array_bounds_elim_loop_guard_wado ... ok
test fixture_test_o0::array_bounds_elim_oob_after_mutation_wado ... ok
test fixture_test_o0::array_bounds_elim_loop_guard_wir_wado ... ok
test fixture_test_o0::array_bounds_elim_oob_complex_wado ... ok
test fixture_test_o0::array_bounds_elim_oob_loop_dynamic_wado ... ok
test fixture_test_o0::array_bounds_elim_oob_simple_wado ... ok
test fixture_test_o0::array_bounds_elim_oob_preserved_wir_wado ... ok
test fixture_test_o0::array_bounds_wado ... ok
test fixture_test_o0::array_empty_wado ... ok
test fixture_test_o0::array_error_heterogeneous_wado ... ok
test fixture_test_o0::array_explicit_cast_wado ... ok
test fixture_test_o0::array_index_2_wado ... ok
test fixture_test_o0::array_index_1_wado ... ok
test fixture_test_o0::array_f64_wado ... ok
test fixture_test_o0::array_index_inline_method_wado ... ok
test fixture_test_o0::array_literal_coerce_u8_wado ... ok
test fixture_test_o0::array_index_inline_recursive_wado ... ok
test fixture_test_o0::array_large_literal_dynamic_wado ... ok
test fixture_test_o0::array_literal_nir_materialize_wado ... ok
test fixture_test_o0::array_literal_side_effect_element_wado ... ok
test fixture_test_o0::array_of_generic_struct_wado ... ok
test fixture_test_o0::array_new_wado ... ok
test fixture_test_o0::array_param_coercion_wado ... ok
test fixture_test_o0::array_specialized_wado ... ok
test fixture_test_o0::array_return_wado ... ok
test fixture_test_o0::array_string_wado ... ok
test fixture_test_o0::array_tuple_unit_wado ... ok
test fixture_test_o0::array_type_annotation_wado ... ok
test fixture_test_o0::assert_escape_in_condition_wado ... ok
test fixture_test_o0::assert_fail_call_arg_ident_wado ... ok
test fixture_test_o0::assert_fail_call_arg_side_effect_wado ... ok
test fixture_test_o0::assert_fail_call_arg_wado ... ok
test fixture_test_o0::assert_fail_intermediate_wado ... ok
test fixture_test_o0::assert_fail_mut_ref_arg_wado ... ok
test fixture_test_o0::assert_fail_side_effect_wado ... ok
test fixture_test_o0::assert_fail_simple_wado ... ok
test fixture_test_o0::assert_fail_with_message_wado ... ok
test fixture_test_o0::assert_inspect_char_wado ... ok
test fixture_test_o0::assert_inspect_enum_wado ... ok
test fixture_test_o0::assert_inspect_float_precision_wado ... ok
test fixture_test_o0::assert_inspect_float_wado ... ok
test fixture_test_o0::assert_inspect_if_wado ... ok
test fixture_test_o0::assert_inspect_mut_ref_wado ... ok
test fixture_test_o0::assert_inspect_matches_wado ... ok
test fixture_test_o0::assert_inspect_ref_wado ... ok
test fixture_test_o0::assert_inspect_string_wado ... ok
test fixture_test_o0::assert_inspect_variant_wado ... ok
test fixture_test_o0::assert_inspect_struct_wado ... ok
test fixture_test_o0::assert_pass_wado ... ok
test fixture_test_o0::assert_truncate_string_wado ... ok
test fixture_test_o0::assoc_projection_method_compose_wado ... ok
test fixture_test_o0::assoc_type_generic_param_projection_wado ... ok
test fixture_test_o0::assoc_type_projection_struct_field_wado ... ok
test fixture_test_o0::associated_const_wado ... ok
test fixture_test_o0::associated_type_1_wado ... ok
test fixture_test_o0::associated_type_2_wado ... ok
test fixture_test_o0::bind_error_duplicate_in_scope_wado ... ok
test fixture_test_o0::bind_error_module_wado ... ok
test fixture_test_o0::bind_error_use_before_define_wado ... ok
test fixture_test_o0::auto_deref_template_wado ... ok
test fixture_test_o0::auto_deref_wado ... ok
test fixture_test_o0::bug_copy_prop_method_array_literal_arg_wado ... ok
test fixture_test_o0::bitwise_merged_wado ... ok
test fixture_test_o0::bug_copy_prop_mut_param_rebind_wado ... ok
test fixture_test_o0::bug_mut_ref_after_continue_wado ... ok
test fixture_test_o0::bug_store_load_forward_mut_method_receiver_wado ... ok
test fixture_test_o0::builtin_v128_load_store_wado ... ok
test fixture_test_o0::callable_expr_arg_type_error_wado ... ok
test fixture_test_o0::callable_expr_arity_error_wado ... ok
test fixture_test_o0::callable_expr_not_callable_error_wado ... ok
test fixture_test_o0::callable_expr_wado ... ok
test fixture_test_o0::cast_deref_precedence_wado ... ok
test fixture_test_o0::char_cast_from_i32_error_wado ... ok
test fixture_test_o0::char_cast_from_i8_error_wado ... ok
test fixture_test_o0::cast_int64_to_int_wado ... ok
test fixture_test_o0::char_cast_from_u32_error_wado ... ok
test fixture_test_o0::char_cast_to_f64_error_wado ... ok
test fixture_test_o0::cli_args_wado ... ok
test fixture_test_o0::char_cast_wado ... ok
test fixture_test_o0::cli_eprint_wado ... ok
test fixture_test_o0::cli_print_wado ... ok
test fixture_test_o0::closure_3_wado ... ok
test fixture_test_o0::closure_2_wado ... ok
test fixture_test_o0::closure_1_wado ... ok
test fixture_test_o0::closure_auto_capture_mut_wado ... ok
test fixture_test_o0::closure_cm_boundary_import_error_wado ... ok
test fixture_test_o0::closure_cm_boundary_imported_struct_error_wado ... ok
test fixture_test_o0::closure_cm_boundary_param_error_wado ... ok
test fixture_test_o0::closure_bound_with_multi_effect_wado ... ok
test fixture_test_o0::closure_cm_boundary_return_error_wado ... ok
test fixture_test_o0::closure_cm_boundary_struct_field_error_wado ... ok
test fixture_test_o0::closure_cm_boundary_variant_payload_error_wado ... ok
test fixture_test_o0::closure_effect_generic_wado ... ok
test fixture_test_o0::closure_field_mutation_wado ... ok
test fixture_test_o0::closure_escapes_effect_todo_wado ... ok
test fixture_test_o0::closure_fn_bound_with_effect_param_wado ... ok
test fixture_test_o0::closure_fn_bound_with_regular_type_param_wado ... ok
test fixture_test_o0::closure_fn_mut_basic_wado ... ok
test fixture_test_o0::closure_generic_bound_fn_wado ... ok
test fixture_test_o0::closure_for_loop_mutation_wado ... ok
test fixture_test_o0::closure_iflet_template_collision_wado ... ok
test fixture_test_o0::closure_iterator_effectful_wado ... ok
test fixture_test_o0::closure_match_body_mutation_wado ... ok
test fixture_test_o0::closure_iterator_fn_mut_wado ... ok
test fixture_test_o0::closure_method_fn_bound_wado ... ok
test fixture_test_o0::closure_mut_binding_required_error_wado ... ok
test fixture_test_o0::closure_mut_binding_required_via_index_error_wado ... ok
test fixture_test_o0::closure_mut_binding_required_via_field_error_wado ... ok
test fixture_test_o0::closure_mut_binding_required_via_index_field_error_wado ... ok
test fixture_test_o0::closure_mut_binding_required_via_nested_field_error_wado ... ok
test fixture_test_o0::closure_mut_binding_temporary_root_wado ... ok
test fixture_test_o0::closure_mut_binding_via_field_wado ... ok
test fixture_test_o0::closure_mut_binding_via_index_wado ... ok
test fixture_test_o0::closure_mut_param_required_error_wado ... ok
test fixture_test_o0::closure_nested_literal_wado ... ok
test fixture_test_o0::closure_subtyping_fn_mut_to_fn_error_wado ... ok
test fixture_test_o0::closure_param_pattern_temp_wado ... ok
test fixture_test_o0::closure_subtyping_fn_to_fn_mut_wado ... ok
test fixture_test_o0::closure_template_local_collision_wado ... ok
test fixture_test_o0::cm_error_context_wado ... ok
test fixture_test_o0::cm_future_partial_use_destructure_wado ... ok
test fixture_test_o0::cm_future_read_cli_wado ... ok
test fixture_test_o0::cm_future_read_wado ... ok
test fixture_test_o0::cm_stream_read_record_in_branch_wado ... ok
test fixture_test_o0::cm_subtask_join_wado ... ok
test fixture_test_o0::cm_waitable_set_new_wado ... ok
test fixture_test_o0::cm_waitable_set_poll_wado ... ok
test fixture_test_o0::coerce_float_literal_args_wado ... ok
test fixture_test_o0::coerce_float_literal_return_wado ... ok
test fixture_test_o0::coerce_float_literal_let_wado ... ok
test fixture_test_o0::coerce_float_wado ... ok
test fixture_test_o0::coerce_i128_u128_wado ... ok
test fixture_test_o0::coerce_int_1_wado ... ok
test fixture_test_o0::coerce_int_3_wado ... ok
test fixture_test_o0::coerce_int_4_wado ... ok
test fixture_test_o0::coerce_int_2_wado ... ok
test fixture_test_o0::coerce_invalid_i128_underflow_wado ... ok
test fixture_test_o0::coerce_invalid_i128_overflow_wado ... ok
test fixture_test_o0::coerce_invalid_i16_hex_overflow_wado ... ok
test fixture_test_o0::coerce_invalid_i128_hex_overflow_wado ... ok
test fixture_test_o0::coerce_invalid_i16_underflow_wado ... ok
test fixture_test_o0::coerce_invalid_i32_binary_overflow_wado ... ok
test fixture_test_o0::coerce_invalid_i16_overflow_wado ... ok
test fixture_test_o0::coerce_invalid_i32_hex_bit_pattern_wado ... ok
test fixture_test_o0::coerce_invalid_i32_octal_overflow_wado ... ok
test fixture_test_o0::coerce_invalid_i32_overflow_wado ... ok
test fixture_test_o0::coerce_invalid_i32_hex_overflow_wado ... ok
test fixture_test_o0::coerce_invalid_i32_underflow_wado ... ok
test fixture_test_o0::coerce_invalid_i64_hex_bit_pattern_wado ... ok
test fixture_test_o0::coerce_invalid_i8_binary_overflow_wado ... ok
test fixture_test_o0::coerce_invalid_i64_overflow_wado ... ok
test fixture_test_o0::coerce_invalid_i8_hex_overflow_wado ... ok
test fixture_test_o0::coerce_invalid_i8_octal_overflow_wado ... ok
test fixture_test_o0::coerce_invalid_i8_overflow_wado ... ok
test fixture_test_o0::coerce_invalid_i8_underflow_wado ... ok
test fixture_test_o0::coerce_invalid_u128_hex_overflow_wado ... ok
test fixture_test_o0::coerce_invalid_u128_overflow_wado ... ok
test fixture_test_o0::coerce_invalid_u16_overflow_wado ... ok
test fixture_test_o0::coerce_invalid_u16_negative_wado ... ok
test fixture_test_o0::coerce_invalid_u32_negative_wado ... ok
test fixture_test_o0::coerce_invalid_u32_overflow_wado ... ok
test fixture_test_o0::coerce_invalid_u64_negative_wado ... ok
test fixture_test_o0::coerce_invalid_u8_negative_wado ... ok
test fixture_test_o0::coerce_invalid_u8_overflow_wado ... ok
test fixture_test_o0::coerce_match_arm_wado ... ok
test fixture_test_o0::cold_path_fallthrough_wado ... ok
test fixture_test_o0::coerce_struct_field_wado ... ok
test fixture_test_o0::cold_path_wado ... ok
test fixture_test_o0::compiler_item_attr_unknown_name_rejected_wado ... ok
test fixture_test_o0::compiler_item_attr_user_module_rejected_wado ... ok
test fixture_test_o0::comparison_chain_side_effects_wado ... ok
test fixture_test_o0::compound_assign_basic_wado ... ok
test fixture_test_o0::concrete_impl_method_generics_wado ... ok
test fixture_test_o0::concrete_impl_nested_generic_wado ... ok
test fixture_test_o0::concrete_impl_inherent_wado ... ok
test fixture_test_o0::concrete_impl_nested_wrong_wado ... ok
test fixture_test_o0::concrete_impl_wrong_instantiation_wado ... ok
test fixture_test_o0::concrete_impl_trait_wado ... ok
test fixture_test_o0::concrete_impl_param_name_collision_wado ... ok
test fixture_test_o0::condition_implication_field_chain_bound_wado ... ok
test fixture_test_o0::condition_implication_stale_def_soundness_wado ... ok
test fixture_test_o0::const_fold_wado ... ok
test fixture_test_o0::const_global_dedup_refeq_wado ... ok
test fixture_test_o0::const_global_dedup_wado ... ok
test fixture_test_o0::const_global_entry_wado ... ok
test fixture_test_o0::const_global_object_wado ... ok
test fixture_test_o0::const_global_scalar_read_wado ... ok
test fixture_test_o0::const_object_globalization_wado ... ok
test fixture_test_o0::contextual_keyword_wado ... ok
test fixture_test_o0::copy_prop_mutable_source_wado ... ok
test fixture_test_o0::copy_prop_struct_method_mut_self_wado ... ok
test fixture_test_o0::cross_destruct_patterns_wado ... ok
test fixture_test_o0::cross_module_generic_deep_wado ... ok
test fixture_test_o0::cross_module_generic_helper_wado ... ok
test fixture_test_o0::cross_module_generic_import_wado ... ok
test fixture_test_o0::cross_module_same_name_effect_aliased_wado ... ok
test fixture_test_o0::cross_module_same_name_effect_wado ... ok
test fixture_test_o0::cross_module_same_name_flags_wado ... ok
test fixture_test_o0::cross_module_same_name_enum_wado ... ok
test fixture_test_o0::cross_module_same_name_fn_infer_wado ... ok
test fixture_test_o0::cross_module_same_name_fn_wado ... ok
test fixture_test_o0::cross_module_same_name_generic_wado ... ok
test fixture_test_o0::cross_module_same_name_foreign_impl_wado ... ok
test fixture_test_o0::cross_module_same_name_inspect_wado ... ok
test fixture_test_o0::cross_module_same_name_method_wado ... ok
test fixture_test_o0::cross_module_same_name_resource_wado ... ok
test fixture_test_o0::cross_module_same_name_newtype_wado ... ok
test fixture_test_o0::cross_module_same_name_static_wado ... ok
test fixture_test_o0::cross_module_same_name_struct_iter_wado ... ok
test fixture_test_o0::cross_module_same_name_trait_direct_wado ... ok
test fixture_test_o0::cross_module_same_name_struct_wado ... ok
test fixture_test_o0::cross_module_same_name_variant_iflet_wado ... ok
test fixture_test_o0::cross_module_same_name_trait_wado ... ok
test fixture_test_o0::cross_module_same_name_variant_match_arms_wado ... ok
test fixture_test_o0::cross_module_same_name_variant_wado ... ok
test fixture_test_o0::cross_module_same_name_world_wado ... ok
test fixture_test_o0::cross_module_struct_tuple_field_wado ... ok
test fixture_test_o0::cross_module_struct_field_type_wado ... ok
test fixture_test_o0::cross_module_treemap_variant_wado ... ok
test fixture_test_o0::cross_module_undefined_struct_in_array_wado ... ok
test fixture_test_o0::cross_module_undefined_struct_wado ... ok
test fixture_test_o0::cross_module_type_identity_wado ... ok
test fixture_test_o0::cross_module_variant_iter_wado ... ok
test fixture_test_o0::dce_bytes_literals_wado ... ok
test fixture_test_o0::dce_closure_functor_cross_module_wado ... ok
test fixture_test_o0::dce_closure_functor_wado ... ok
test fixture_test_o0::default_arg_closure_rejected_error_wado ... ok
test fixture_test_o0::default_arg_basic_wado ... ok
test fixture_test_o0::default_arg_effectful_default_error_wado ... ok
test fixture_test_o0::default_arg_export_fn_rejected_error_wado ... ok
test fixture_test_o0::default_arg_enum_variant_wado ... ok
test fixture_test_o0::default_arg_fn_type_erases_wado ... ok
test fixture_test_o0::default_arg_non_trailing_error_wado ... ok
test fixture_test_o0::default_arg_generic_method_wado ... ok
test fixture_test_o0::default_arg_method_refers_earlier_param_wado ... ok
test fixture_test_o0::default_arg_method_wado ... ok
test fixture_test_o0::default_arg_private_item_wado ... ok
test fixture_test_o0::default_arg_pure_call_wado ... ok
test fixture_test_o0::default_arg_trait_impl_redeclare_error_wado ... ok
test fixture_test_o0::default_arg_refers_earlier_param_wado ... ok
test fixture_test_o0::default_arg_trait_method_wado ... ok
test fixture_test_o0::default_field_auto_derive_partial_error_wado ... ok
test fixture_test_o0::default_field_auto_derive_default_wado ... ok
test fixture_test_o0::default_field_auto_derive_user_impl_wins_wado ... ok
test fixture_test_o0::default_field_basic_wado ... ok
test fixture_test_o0::default_field_effectful_default_error_wado ... ok
test fixture_test_o0::default_field_omit_earlier_wado ... ok
test fixture_test_o0::default_field_private_omitted_ok_wado ... ok
test fixture_test_o0::default_field_private_set_error_wado ... ok
test fixture_test_o0::default_field_required_missing_error_wado ... ok
test fixture_test_o0::default_field_struct_in_struct_wado ... ok
test fixture_test_o0::default_field_variant_payload_ref_match_wado ... ok
test fixture_test_o0::default_field_serde_default_wado ... ok
test fixture_test_o0::default_trait_wado ... ok
test fixture_test_o0::default_type_params_wado ... ok
test fixture_test_o0::dict_mini_wado ... ok
test fixture_test_o0::display_unit_wado ... ok
test fixture_test_o0::divergent_body_skips_missing_return_wado ... ok
test fixture_test_o0::effect_1_wado ... ok
test fixture_test_o0::effect_2_wado ... ok
test fixture_test_o0::display_1_wado ... ok
test fixture_test_o0::display_2_wado ... ok
test fixture_test_o0::effect_benign_scoped_error_wado ... ok
test fixture_test_o0::effect_benign_multi_wado ... ok
test fixture_test_o0::effect_check_method_wado ... ok
test fixture_test_o0::effect_benign_suppresses_wado ... ok
test fixture_test_o0::effect_check_static_method_wado ... ok
test fixture_test_o0::effect_check_missing_wado ... ok
test fixture_test_o0::effect_generic_with_handler_error_wado ... ok
test fixture_test_o0::effect_handler_break_label_cross_wado ... ok
test fixture_test_o0::effect_handler_bundled_type_param_rejected_wado ... ok
test fixture_test_o0::effect_handler_bundled_no_effect_wado ... ok
test fixture_test_o0::effect_handler_bundled_mixed_wado ... ok
test fixture_test_o0::effect_handler_bundled_wado ... ok
test fixture_test_o0::effect_handler_bundled_value_wado ... ok
test fixture_test_o0::effect_handler_continue_cross_wado ... ok
test fixture_test_o0::effect_handler_cross_function_wado ... ok
test fixture_test_o0::effect_handler_inner_break_wado ... ok
test fixture_test_o0::effect_handler_early_return_wado ... ok
test fixture_test_o0::effect_handler_mut_self_alias_wado ... ok
test fixture_test_o0::effect_handler_nested_same_wado ... ok
test fixture_test_o0::effect_handler_resource_stream_wado ... ok
test fixture_test_o0::effect_handler_resource_stream_self_delegation_wado ... ok
test fixture_test_o0::effect_handler_resource_future_wado ... ok
test fixture_test_o0::effect_handler_resource_fields_wado ... ok
test fixture_test_o0::effect_handler_resume_wado ... ok
test fixture_test_o0::effect_handler_self_delegation_wado ... ok
test fixture_test_o0::effect_handler_value_form_wado ... ok
test fixture_test_o0::effect_handler_with_do_wado ... ok
test fixture_test_o0::effect_polymorphism_multi_param_error_wado ... ok
test fixture_test_o0::effect_indirect_call_error_wado ... ok
test fixture_test_o0::effect_polymorphism_error_wado ... ok
test fixture_test_o0::effect_propagation_effect_param_wado ... ok
test fixture_test_o0::effect_propagation_missing_wado ... ok
test fixture_test_o0::effect_propagation_generic_body_wado ... ok
test fixture_test_o0::effect_propagation_indirect_wado ... ok
test fixture_test_o0::effect_propagation_signature_async_return_wado ... ok
test fixture_test_o0::effect_propagation_signature_nested_wado ... ok
test fixture_test_o0::effect_propagation_signature_newtype_wado ... ok
test fixture_test_o0::effect_propagation_signature_param_wado ... ok
test fixture_test_o0::effect_propagation_signature_return_wado ... ok
test fixture_test_o0::effect_propagation_signature_transitive_wado ... ok
test fixture_test_o0::effect_propagation_stdout_stream_wado ... ok
test fixture_test_o0::effect_propagation_struct_field_wado ... ok
test fixture_test_o0::effect_propagation_transitive_wado ... ok
test fixture_test_o0::effect_propagation_variant_payload_wado ... ok
test fixture_test_o0::effect_resource_decl_accepted_wado ... ok
test fixture_test_o0::effect_resource_declared_wado ... ok
test fixture_test_o0::effect_resource_missing_wado ... ok
test fixture_test_o0::enum_construct_basic_wado ... ok
test fixture_test_o0::enum_display_template_wado ... ok
test fixture_test_o0::enum_display_basic_wado ... ok
test fixture_test_o0::enum_eq_ord_wado ... ok
test fixture_test_o0::enum_match_basic_wado ... ok
test fixture_test_o0::enum_impl_basic_wado ... ok
test fixture_test_o0::enum_match_if_let_wado ... ok
test fixture_test_o0::eprintln_then_trap_wado ... ok
test fixture_test_o0::error_extra_struct_field_wado ... ok
test fixture_test_o0::error_extra_arg_wado ... ok
test fixture_test_o0::error_for_of_no_into_iterator_wado ... ok
test fixture_test_o0::eq_null_inference_wado ... ok
test fixture_test_o0::error_for_of_no_iterator_wado ... ok
test fixture_test_o0::error_generic_static_method_as_instance_wado ... ok
test fixture_test_o0::error_missing_arg_wado ... ok
test fixture_test_o0::error_missing_struct_field_wado ... ok
test fixture_test_o0::error_refutable_let_bool_wado ... ok
test fixture_test_o0::error_refutable_let_literal_wado ... ok
test fixture_test_o0::error_refutable_let_variant_wado ... ok
test fixture_test_o0::error_static_method_as_instance_wado ... ok
test fixture_test_o0::error_task_return_non_async_wado ... ok
test fixture_test_o0::error_type_param_omission_two_t_method_mismatch_wado ... ok
test fixture_test_o0::error_type_param_omission_two_t_mismatch_wado ... ok
test fixture_test_o0::error_type_param_omission_two_t_static_mismatch_wado ... ok
test fixture_test_o0::error_type_param_omission_two_t_string_int_mismatch_wado ... ok
test fixture_test_o0::error_undefined_free_fn_wado ... ok
test fixture_test_o0::error_undefined_static_method_wado ... ok
test fixture_test_o0::error_undefined_method_wado ... ok
test fixture_test_o0::error_uninferable_fn_type_param_wado ... ok
test fixture_test_o0::export_param_count_mismatch_wado ... ok
test fixture_test_o0::export_required_for_run_wado ... ok
test fixture_test_o0::escape_brace_wado ... ok
test fixture_test_o0::export_return_type_mismatch_wado ... ok
test fixture_test_o0::field_forward_dedup_state_via_mut_ref_wado ... ok
test fixture_test_o0::field_forward_alias_group_invalidates_wado ... ok
test fixture_test_o0::field_forward_snapshot_after_mutation_wado ... ok
test fixture_test_o0::field_forward_struct_capture_invalidates_wado ... ok
test fixture_test_o0::flags_arith_div_wado ... ok
test fixture_test_o0::flags_arith_add_wado ... ok
test fixture_test_o0::flags_arith_mod_wado ... ok
test fixture_test_o0::flags_arith_mul_wado ... ok
test fixture_test_o0::flags_arith_sub_wado ... ok
test fixture_test_o0::flags_basic_wado ... ok
test fixture_test_o0::flags_generic_trait_dispatch_wado ... ok
test fixture_test_o0::float_mod_error_wado ... ok
test fixture_test_o0::flags_impl_wado ... ok
test fixture_test_o0::fn_ref_bare_to_ref_param_error_wado ... ok
test fixture_test_o0::float_to_string_wado ... ok
test fixture_test_o0::fn_ref_cross_module_alias_wado ... ok
test fixture_test_o0::fn_ref_cross_module_newtype_wado ... ok
test fixture_test_o0::fn_ref_generic_arity_mismatch_error_wado ... ok
test fixture_test_o0::fn_ref_generic_double_turbofish_error_wado ... ok
test fixture_test_o0::fn_ref_cross_module_wado ... ok
test fixture_test_o0::fn_ref_generic_alias_wado ... ok
test fixture_test_o0::fn_ref_generic_cross_module_wado ... ok
test fixture_test_o0::fn_ref_generic_error_wado ... ok
test fixture_test_o0::fn_ref_generic_inferred_wado ... ok
test fixture_test_o0::fn_ref_generic_outer_wado ... ok
test fixture_test_o0::fn_ref_generic_ref_wado ... ok
test fixture_test_o0::fn_ref_generic_self_recursive_wado ... ok
test fixture_test_o0::fn_ref_generic_turbofish_wado ... ok
test fixture_test_o0::fn_ref_mut_out_param_wado ... ok
test fixture_test_o0::fn_ref_type_mismatch_error_wado ... ok
test fixture_test_o0::fn_ref_parameter_wado ... ok
test fixture_test_o0::for_merged_wado ... ok
test fixture_test_o0::for_of_1_wado ... ok
test fixture_test_o0::for_of_2_wado ... ok
test fixture_test_o0::for_of_indexed_array_test_wado ... ok
test fixture_test_o0::for_of_iterator_enumerate_wado ... ok
test fixture_test_o0::for_of_ref_wado ... ok
test fixture_test_o0::forof_generic_array_wado ... ok
test fixture_test_o0::from_char_to_string_wado ... ok
test fixture_test_o0::from_literal_error_duplicate_field_wado ... ok
test fixture_test_o0::from_literal_custom_wado ... ok
test fixture_test_o0::from_literal_enum_concrete_wado ... ok
test fixture_test_o0::from_literal_cast_wado ... ok
test fixture_test_o0::from_literal_error_enum_mismatch_wado ... ok
test fixture_test_o0::from_literal_error_nested_generic_mismatch_wado ... ok
test fixture_test_o0::from_literal_error_flags_mismatch_wado ... ok
test fixture_test_o0::from_literal_error_newtype_mismatch_wado ... ok
test fixture_test_o0::from_literal_error_variant_mismatch_wado ... ok
test fixture_test_o0::from_literal_flags_concrete_wado ... ok
test fixture_test_o0::from_literal_fn_arg_wado ... ok
test fixture_test_o0::from_literal_nested_generic_wado ... ok
test fixture_test_o0::from_literal_newtype_concrete_wado ... ok
test fixture_test_o0::from_literal_variant_concrete_wado ... ok
test fixture_test_o0::from_literal_return_wado ... ok
test fixture_test_o0::from_numeric_widening_wado ... ok
test fixture_test_o0::generic_advanced_wado ... ok
test fixture_test_o0::generic_forward_variant_wado ... ok
test fixture_test_o0::generic_forward_wado ... ok
test fixture_test_o0::generic_function_merged_wado ... ok
test fixture_test_o0::generic_method_merged_wado ... ok
test fixture_test_o0::generic_struct_1_wado ... ok
test fixture_test_o0::geometry_wado ... ok
test fixture_test_o0::global_1_wado ... ok
test fixture_test_o0::global_2_wado ... ok
test fixture_test_o0::global_closure_field_wado ... ok
test fixture_test_o0::global_dce_cross_module_wado ... ok
test fixture_test_o0::global_immutable_assign_wado ... ok
test fixture_test_o0::global_dce_wado ... ok
test fixture_test_o0::global_import_wado ... ok
test fixture_test_o0::global_multimod_same_name_wado ... ok
test fixture_test_o0::global_multimod_wado ... ok
test fixture_test_o0::global_nullable_option_ref_wado ... ok
test fixture_test_o0::hfs_aliased_local_whole_read_wado ... ok
test fixture_test_o0::hfs_break_from_scalar_state_commits_wado ... ok
test fixture_test_o0::hfs_call_as_match_scrutinee_wado ... ok
test fixture_test_o0::hfs_closure_in_loop_body_wado ... ok
test fixture_test_o0::hfs_consecutive_mut_calls_no_inter_sync_wado ... ok
test fixture_test_o0::hfs_duplicate_mut_ref_args_wado ... ok
test fixture_test_o0::hfs_early_return_with_wrapped_call_wado ... ok
test fixture_test_o0::hfs_if_condition_call_then_scalar_wado ... ok
test fixture_test_o0::hfs_if_let_value_non_unit_wado ... ok
test fixture_test_o0::hfs_inline_arm_mixed_with_call_arm_wado ... ok
test fixture_test_o0::hfs_inline_break_no_writeback_wado ... ok
test fixture_test_o0::hfs_match_arm_local_hoisted_out_of_loop_wado ... ok
test fixture_test_o0::hfs_match_guard_with_call_wado ... ok
test fixture_test_o0::hfs_match_guard_cross_arm_side_effect_wado ... ok
test fixture_test_o0::hfs_match_guarded_arm_wado ... ok
test fixture_test_o0::hfs_match_let_value_non_unit_wado ... ok
test fixture_test_o0::hfs_match_nested_in_block_wado ... ok
test fixture_test_o0::hfs_match_scalar_arm_mixed_with_call_arm_wado ... ok
test fixture_test_o0::hfs_multi_call_in_expression_wado ... ok
test fixture_test_o0::hfs_nested_loop_iter_n_back_edge_wado ... ok
test fixture_test_o0::http_200_wado ... ok
test fixture_test_o0::http_500_wado ... ok
test fixture_test_o0::http_400_wado ... ok
test fixture_test_o0::http_base64_decode_wado ... ok
test fixture_test_o0::http_body_contains_wado ... ok
test fixture_test_o0::http_client_advanced_wado ... ok
test fixture_test_o0::http_client_request_full_wado ... ok
test fixture_test_o0::http_client_send_error_wado ... ok
test fixture_test_o0::http_client_send_body_read_wado ... ok
test fixture_test_o0::http_client_send_proxy_wado ... ok
test fixture_test_o0::http_client_send_simple_wado ... ok
test fixture_test_o0::http_drop_unused_request_wado ... ok
test fixture_test_o0::http_client_send_with_body_wado ... ok
test fixture_test_o0::http_drop_value_block_wado ... ok
test fixture_test_o0::http_echo_headers_wado ... ok
test fixture_test_o0::http_error_code_payload_wado ... ok
test fixture_test_o0::http_error_code_variants_wado ... ok
test fixture_test_o0::http_error_code_wado ... ok
test fixture_test_o0::http_error_code_comprehensive_wado ... ok
test fixture_test_o0::http_export_in_test_world_wado ... ok
test fixture_test_o0::http_fields_copy_all_wado ... ok
test fixture_test_o0::http_fields_from_list_error_wado ... ok
test fixture_test_o0::http_fields_from_list_wado ... ok
test fixture_test_o0::http_fields_get_and_delete_wado ... ok
test fixture_test_o0::http_fields_immutable_errors_wado ... ok
test fixture_test_o0::http_fields_set_wado ... ok
test fixture_test_o0::http_fields_wado ... ok
test fixture_test_o0::http_future_new_wado ... ok
test fixture_test_o0::http_method_and_scheme_variants_wado ... ok
test fixture_test_o0::http_middleware_forward_wado ... ok
test fixture_test_o0::http_method_routing_wado ... ok
test fixture_test_o0::http_request_authority_wado ... ok
test fixture_test_o0::http_request_headers_wado ... ok
test fixture_test_o0::http_request_method_delete_wado ... ok
test fixture_test_o0::http_request_method_get_wado ... ok
test fixture_test_o0::http_request_method_patch_wado ... ok
test fixture_test_o0::http_request_method_put_wado ... ok
test fixture_test_o0::http_request_method_wado ... ok
test fixture_test_o0::http_request_options_wado ... ok
test fixture_test_o0::http_request_options_timeouts_wado ... ok
test fixture_test_o0::http_request_path_wado ... ok
test fixture_test_o0::http_request_scheme_wado ... ok
test fixture_test_o0::http_request_setter_errors_wado ... ok
test fixture_test_o0::http_response_get_headers_wado ... ok
test fixture_test_o0::http_response_headers_multi_wado ... ok
test fixture_test_o0::http_response_headers_wado ... ok
test fixture_test_o0::http_response_ops_wado ... ok
test fixture_test_o0::http_response_set_status_invalid_wado ... ok
test fixture_test_o0::http_response_trailers_wado ... ok
test fixture_test_o0::http_routing_created_wado ... ok
test fixture_test_o0::http_routing_wado ... ok
test fixture_test_o0::http_task_return_in_let_block_wado ... ok
test fixture_test_o0::http_uninit_string_conditional_trap_wado ... ok
test fixture_test_o0::http_unmatched_async_export_wado ... ok
test fixture_test_o0::httpbin_404_wado ... ok
test fixture_test_o0::httpbin_405_wado ... ok
test fixture_test_o0::httpbin_get_wado ... ok
test fixture_test_o0::httpbin_anything_wado ... ok
test fixture_test_o0::httpbin_headers_wado ... ok
test fixture_test_o0::httpbin_post_wado ... ok
test fixture_test_o0::httpbin_server_hello_wado ... ok
test fixture_test_o0::httpbin_server_404_wado ... ok
test fixture_test_o0::i64_arithmetic_wado ... ok
test fixture_test_o0::i64_comparison_literal_wado ... ok
test fixture_test_o0::i64_to_string_wado ... ok
test fixture_test_o0::httpbin_status_wado ... ok
test fixture_test_o0::ice_array_iter_into_iterator_wado ... ok
test fixture_test_o0::ice_treeset_iter_by_ref_wado ... ok
test fixture_test_o0::if_all_null_branches_error_wado ... ok
test fixture_test_o0::if_let_init_scope_wado ... ok
test fixture_test_o0::if_branch_divergent_types_in_expression_position_rejects_wado ... ok
test fixture_test_o0::ident_merged_wado ... ok
test fixture_test_o0::if_let_branch_divergent_types_in_expression_position_rejects_wado ... ok
test fixture_test_o0::if_let_some_ref_from_fn_wado ... ok
test fixture_test_o0::if_no_else_in_expression_position_rejects_wado ... ok
test fixture_test_o0::if_null_branch_vs_concrete_error_wado ... ok
test fixture_test_o0::if_merged_wado ... ok
test fixture_test_o0::import_from_nested_subdir_wado ... ok
test fixture_test_o0::import_from_subdir_wado ... ok
test fixture_test_o0::include_bytes_not_found_wado ... ok
test fixture_test_o0::include_bytes_not_string_literal_wado ... ok
test fixture_test_o0::import_transitive_simple_wado ... ok
test fixture_test_o0::import_with_dot_segments_wado ... ok
test fixture_test_o0::include_str_no_parens_wado ... ok
test fixture_test_o0::include_str_not_found_wado ... ok
test fixture_test_o0::include_str_not_string_literal_wado ... ok
test fixture_test_o0::include_bytes_basic_wado ... ok
test fixture_test_o0::include_str_invalid_utf8_wado ... ok
test fixture_test_o0::include_str_basic_wado ... ok
test fixture_test_o0::index_assign_types_wado ... ok
test fixture_test_o0::index_mut_method_call_wado ... ok
test fixture_test_o0::index_assign_wado ... ok
test fixture_test_o0::index_trait_assign_wado ... ok
test fixture_test_o0::index_trait_both_wado ... ok
test fixture_test_o0::index_trait_chained_wado ... ok
test fixture_test_o0::index_trait_complex_static_wado ... ok
test fixture_test_o0::index_trait_conditional_wado ... ok
test fixture_test_o0::index_trait_full_struct_wado ... ok
test fixture_test_o0::index_trait_function_wado ... ok
test fixture_test_o0::index_trait_loop_wado ... ok
test fixture_test_o0::index_trait_multiple_wado ... ok
test fixture_test_o0::index_trait_read_wado ... ok
test fixture_test_o0::index_value_option_pattern_wado ... ok
test fixture_test_o0::index_value_generic_wado ... ok
test fixture_test_o0::index_value_trait_wado ... ok
test fixture_test_o0::infer_builtin_array_new_from_lhs_wado ... ok
test fixture_test_o0::infer_builtin_select_in_generic_method_wado ... ok
test fixture_test_o0::infer_lhs_overrides_literal_wado ... ok
test fixture_test_o0::infer_method_type_arg_from_return_type_wado ... ok
test fixture_test_o0::infer_method_type_arg_uninferable_error_wado ... ok
test fixture_test_o0::infer_static_method_from_lhs_wado ... ok
test fixture_test_o0::inherent_impl_foreign_type_wado ... ok
test fixture_test_o0::infer_type_arg_from_assoc_bound_method_wado ... ok
test fixture_test_o0::infer_type_arg_from_assoc_bound_wado ... ok
test fixture_test_o0::inline_array_append_nested_wado ... ok
test fixture_test_o0::inline_cross_module_method_wado ... ok
test fixture_test_o0::inline_cold_path_cost_wado ... ok
test fixture_test_o0::inline_u128_print_o3_regression_wado ... ok
test fixture_test_o0::inline_merged_wado ... ok
test fixture_test_o0::inline_mutual_recursive_generic_visit_wado ... ok
test fixture_test_o0::inline_primitive_method_wado ... ok
test fixture_test_o0::inline_unlikely_cost_wado ... ok
test fixture_test_o0::inlining_test_wado ... ok
test fixture_test_o0::inspect_3_wado ... ok
test fixture_test_o0::inspect_1_wado ... ok
test fixture_test_o0::inspect_2_wado ... ok
test fixture_test_o0::inspect_closure_indirect_wado ... ok
test fixture_test_o0::inspect_fnref_wado ... ok
test fixture_test_o0::inspect_fn_cross_module_wado ... ok
test fixture_test_o0::inspect_closure_multi_sig_wado ... ok
test fixture_test_o0::inspect_ref_array_field_wado ... ok
test fixture_test_o0::inspect_struct_unit_field_wado ... ok
test fixture_test_o0::int128_coercion_wado ... ok
test fixture_test_o0::int128_large_literal_wado ... ok
test fixture_test_o0::integer_1_wado ... ok
test fixture_test_o0::into_iterator_item_bound_wado ... ok
test fixture_test_o0::internal_f64_to_string_wado ... ok
test fixture_test_o0::integer_2_wado ... ok
test fixture_test_o0::iter_map_collect_variant_wado ... ok
test fixture_test_o0::iterator_filter_o3_regression_wado ... ok
test fixture_test_o0::iterator_generic_map_cross_module_wado ... ok
test fixture_test_o0::iterator_assoc_type_chain_wado ... ok
test fixture_test_o0::iterator_generic_map_test_wado ... ok
test fixture_test_o0::iterator_generic_map_wado ... ok
test fixture_test_o0::iterator_trait_map_wado ... ok
test fixture_test_o0::iterator_merged_wado ... ok
test fixture_test_o0::key_value_literal_blanket_impl_wado ... ok
test fixture_test_o0::key_value_literal_both_traits_wado ... ok
test fixture_test_o0::key_value_literal_immutable_wado ... ok
test fixture_test_o0::key_value_literal_conditional_wado ... ok
test fixture_test_o0::labeled_block_break_coercion_wado ... ok
test fixture_test_o0::labeled_block_error_break_null_vs_concrete_wado ... ok
test fixture_test_o0::labeled_block_error_break_null_uninferable_wado ... ok
test fixture_test_o0::labeled_block_break_shadowed_label_wado ... ok
test fixture_test_o0::labeled_block_break_null_coercion_wado ... ok
test fixture_test_o0::let_immutable_reassign_error_wado ... ok
test fixture_test_o0::labeled_block_error_break_type_mismatch_wado ... ok
test fixture_test_o0::labeled_block_error_unknown_label_wado ... ok
test fixture_test_o0::labeled_block_wado ... ok
test fixture_test_o0::licm_alias_mut_ref_loop_wado ... ok
test fixture_test_o0::likely_unlikely_wado ... ok
test fixture_test_o0::local_integers_mut_wado ... ok
test fixture_test_o0::location_function_wado ... ok
test fixture_test_o0::local_merged_wado ... ok
test fixture_test_o0::location_literal_unknown_wado ... ok
test fixture_test_o0::location_literal_data_no_section_wado ... ok
test fixture_test_o0::location_literal_submodule_wado ... ok
test fixture_test_o0::log_stderr_explicit_import_wado ... ok
test fixture_test_o0::location_merged_wado ... ok
test fixture_test_o0::log_stderr_not_exported_wado ... ok
test fixture_test_o0::log_stderr_from_cli_wado ... ok
test fixture_test_o0::log_stdout_explicit_import_wado ... ok
test fixture_test_o0::log_stdout_from_cli_wado ... ok
test fixture_test_o0::loop_basic_wado ... ok
test fixture_test_o0::loop_continue_wado ... ok
test fixture_test_o0::loop_nested_wado ... ok
test fixture_test_o0::loop_with_inner_labeled_break_is_divergent_wado ... ok
test fixture_test_o0::match_1_wado ... ok
test fixture_test_o0::match_2_wado ... ok
test fixture_test_o0::match_all_null_arms_error_wado ... ok
test fixture_test_o0::match_arm_scope_error_wado ... ok
test fixture_test_o0::match_arm_discarded_call_invalid_wasm_wado ... ok
test fixture_test_o0::match_arm_discarded_call_semicolon_irrelevant_wado ... ok
test fixture_test_o0::match_arm_divergent_types_in_expression_position_rejects_wado ... ok
test fixture_test_o0::match_arm_struct_field_invalid_wasm_wado ... ok
test fixture_test_o0::match_associated_constant_pattern_wado ... ok
test fixture_test_o0::match_break_in_while_wado ... ok
test fixture_test_o0::match_break_many_arms_wado ... ok
test fixture_test_o0::match_comprehensive_wado ... ok
test fixture_test_o0::match_ergonomics_let_destructure_wado ... ok
test fixture_test_o0::match_exhaustive_bool_error_wado ... ok
test fixture_test_o0::match_ergonomics_mut_ref_wado ... ok
test fixture_test_o0::match_ergonomics_wado ... ok
test fixture_test_o0::match_exhaustive_enum_error_wado ... ok
test fixture_test_o0::match_exhaustive_option_error_wado ... ok
test fixture_test_o0::match_expr_scope_error_wado ... ok
test fixture_test_o0::match_exhaustive_option_only_none_error_wado ... ok
test fixture_test_o0::match_exhaustive_option_only_null_error_wado ... ok
test fixture_test_o0::match_exhaustive_variant_error_wado ... ok
test fixture_test_o0::match_literal_f32_wado ... ok
test fixture_test_o0::match_literal_f64_wado ... ok
test fixture_test_o0::match_global_constant_pattern_wado ... ok
test fixture_test_o0::match_literal_i128_guarded_wado ... ok
test fixture_test_o0::match_literal_i128_large_wado ... ok
test fixture_test_o0::match_literal_i128_side_effect_wado ... ok
test fixture_test_o0::match_literal_wado ... ok
test fixture_test_o0::match_nested_guard_variant_in_tuple_wado ... ok
test fixture_test_o0::match_nested_patterns_wado ... ok
test fixture_test_o0::match_nested_struct_in_variant_wado ... ok
test fixture_test_o0::match_nested_three_level_wado ... ok
test fixture_test_o0::match_nested_variant_tuple_payload_wado ... ok
test fixture_test_o0::match_nested_variant_in_variant_wado ... ok
test fixture_test_o0::match_null_arm_vs_concrete_error_wado ... ok
test fixture_test_o0::match_null_arm_infers_option_inner_wado ... ok
test fixture_test_o0::match_or_pattern_1_wado ... ok
test fixture_test_o0::match_or_pattern_2_wado ... ok
test fixture_test_o0::match_or_pattern_4_wado ... ok
test fixture_test_o0::match_or_pattern_3_wado ... ok
test fixture_test_o0::match_or_pattern_5_wado ... ok
test fixture_test_o0::match_or_pattern_6_wado ... ok
test fixture_test_o0::match_or_pattern_string_wado ... ok
test fixture_test_o0::match_or_pattern_iflet_1_wado ... ok
test fixture_test_o0::match_tuple_pattern_on_array_error_wado ... ok
test fixture_test_o0::match_tuple_pattern_on_array_iflet_error_wado ... ok
test fixture_test_o0::match_return_from_arm_wado ... ok
test fixture_test_o0::match_variant_1_wado ... ok
test fixture_test_o0::match_variant_array_struct_in_arm_wado ... ok
test fixture_test_o0::match_variant_import_module_wado ... ok
test fixture_test_o0::match_variant_2_wado ... ok
test fixture_test_o0::match_variant_import_wado ... ok
test fixture_test_o0::matches_guard_non_bool_error_wado ... ok
test fixture_test_o0::matches_prefix_error_wado ... ok
test fixture_test_o0::matches_scope_error_wado ... ok
test fixture_test_o0::matches_merged_wado ... ok
test fixture_test_o0::matches_option_string_literal_wado ... ok
test fixture_test_o0::missing_return_closure_partial_if_wado ... ok
test fixture_test_o0::missing_return_closure_semicolon_wado ... ok
test fixture_test_o0::method_turbofish_non_generic_struct_wado ... ok
test fixture_test_o0::missing_return_closure_wado ... ok
test fixture_test_o0::missing_return_definite_exit_paths_wado ... ok
test fixture_test_o0::missing_return_fn_semicolon_wado ... ok
test fixture_test_o0::missing_return_fn_wado ... ok
test fixture_test_o0::missing_return_if_panic_no_else_wado ... ok
test fixture_test_o0::missing_return_method_wado ... ok
test fixture_test_o0::missing_return_partial_if_wado ... ok
test fixture_test_o0::mixed_int_float_arithmetic_wado ... ok
test fixture_test_o0::module_attr_generated_meta_wado ... ok
test fixture_test_o0::module_attr_generated_wado ... ok
test fixture_test_o0::module_attr_todo_compile_error_wado ... ok
test fixture_test_o0::monotonic_clock_now_wado ... ok
test fixture_test_o0::module_attr_todo_wado ... ok
test fixture_test_o0::mut_param_error_assign_wado ... ok
test fixture_test_o0::multiple_effect_imports_wado ... ok
test fixture_test_o0::multiple_println_wado ... ok
test fixture_test_o0::mut_ref_if_return_wado ... ok
test fixture_test_o0::mut_param_merged_wado ... ok
test fixture_test_o0::namespace_import_core_wado ... ok
test fixture_test_o0::mut_param_wado ... ok
test fixture_test_o0::namespace_import_enum_wado ... ok
test fixture_test_o0::namespace_import_struct_wado ... ok
test fixture_test_o0::namespace_import_wado ... ok
test fixture_test_o0::nested_array_wado ... ok
test fixture_test_o0::nested_variant_match_ref_test_wado ... ok
test fixture_test_o0::never_binary_op_trap_wado ... ok
test fixture_test_o0::never_global_trap_wado ... ok
test fixture_test_o0::never_let_binding_trap_wado ... ok
test fixture_test_o0::never_let_local_via_closure_wado ... ok
test fixture_test_o0::never_return_wado ... ok
test fixture_test_o0::never_merged_wado ... ok
test fixture_test_o0::newtype_array_sort_wado ... ok
test fixture_test_o0::newtype_basic_wado ... ok
test fixture_test_o0::newtype_chained_method_wado ... ok
test fixture_test_o0::newtype_chained_wado ... ok
test fixture_test_o0::newtype_closure_coercion_wado ... ok
test fixture_test_o0::newtype_float_types_wado ... ok
test fixture_test_o0::newtype_generic_container_return_wado ... ok
test fixture_test_o0::newtype_impl_not_on_base_wado ... ok
test fixture_test_o0::newtype_generic_trait_dispatch_wado ... ok
test fixture_test_o0::newtype_generic_wado ... ok
test fixture_test_o0::newtype_impl_wado ... ok
test fixture_test_o0::newtype_index_trait_wado ... ok
test fixture_test_o0::newtype_integer_types_wado ... ok
test fixture_test_o0::newtype_method_inheritance_wado ... ok
test fixture_test_o0::newtype_multiple_params_wado ... ok
test fixture_test_o0::newtype_return_type_wado ... ok
test fixture_test_o0::newtype_operator_trait_wado ... ok
test fixture_test_o0::newtype_option_pattern_wado ... ok
test fixture_test_o0::newtype_static_method_wado ... ok
test fixture_test_o0::newtype_trait_bounds_wado ... ok
test fixture_test_o0::newtype_string_coercion_wado ... ok
test fixture_test_o0::newtype_trait_method_wado ... ok
test fixture_test_o0::newtype_wasi_wado ... ok
test fixture_test_o0::niri_branch_hint_const_fold_wado ... ok
test fixture_test_o0::niri_if_arm_meet_nested_match_arm_wado ... ok
test fixture_test_o0::niri_if_arm_meet_preserves_fields_wado ... ok
test fixture_test_o0::niri_if_bool_arms_collapse_wado ... ok
test fixture_test_o0::niri_labeled_block_non_tail_break_wado ... ok
test fixture_test_o0::niri_loop_writes_drop_field_env_wado ... ok
test fixture_test_o0::niri_loop_invariant_array_len_wado ... ok
test fixture_test_o0::niri_match_const_fold_wado ... ok
test fixture_test_o0::niri_match_enum_discriminator_wado ... ok
test fixture_test_o0::niri_trapping_then_preserves_fields_wado ... ok
test fixture_test_o0::number_literal_decimal_not_int_wado ... ok
test fixture_test_o0::niri_pure_call_fold_wado ... ok
test fixture_test_o0::number_literal_neg_exp_not_int_wado ... ok
test fixture_test_o0::number_literal_overflow_wado ... ok
test fixture_test_o0::operator_missing_trait_error_wado ... ok
test fixture_test_o0::operator_not_applicable_mixed_wado ... ok
test fixture_test_o0::number_literal_wado ... ok
test fixture_test_o0::operator_not_applicable_string_wado ... ok
test fixture_test_o0::opt_codewriter_miscompile_wado ... ok
test fixture_test_o0::opt_const_fold_aliased_field_wado ... ok
test fixture_test_o0::opt_const_fold_div_zero_wado ... ok
test fixture_test_o0::opt_const_wado ... ok
test fixture_test_o0::opt_container_sroa_edge_wado ... ok
test fixture_test_o0::opt_container_sroa_nondup_idx_wado ... ok
test fixture_test_o0::opt_container_sroa_struct_wado ... ok
test fixture_test_o0::opt_container_sroa_tuple_wado ... ok
test fixture_test_o0::opt_copy_prop_multi_field_wado ... ok
test fixture_test_o0::opt_copy_prop_while_let_wado ... ok
test fixture_test_o0::opt_copy_prop_nested_variant_wado ... ok
test fixture_test_o0::opt_crossmod_array_wado ... ok
test fixture_test_o0::opt_dce_break_then_unreachable_wado ... ok
test fixture_test_o0::opt_dce_trap_preserved_unread_let_wado ... ok
test fixture_test_o0::opt_dce_tail_break_flatten_wado ... ok
test fixture_test_o0::opt_elide_adjacent_struct_local_wado ... ok
test fixture_test_o0::opt_elide_adjacent_struct_local_intervening_copy_wado ... ok
test fixture_test_o0::opt_elide_box_local_expr_clobbers_intervening_wado ... ok
test fixture_test_o0::opt_elide_box_local_observable_before_field_wado ... ok
test fixture_test_o0::opt_elide_box_local_shortcircuit_right_arm_wado ... ok
test fixture_test_o0::opt_eqz_wado ... ok
test fixture_test_o0::opt_fusion_no_dead_break_wado ... ok
test fixture_test_o0::opt_hfs_immut_ref_method_reread_wado ... ok
test fixture_test_o0::opt_hfs_immut_ref_no_reread_wado ... ok
test fixture_test_o0::opt_hfs_immut_ref_sync_wado ... ok
test fixture_test_o0::opt_hfs_labeled_block_match_wado ... ok
test fixture_test_o0::opt_hfs_loop_exit_no_writeback_wado ... ok
test fixture_test_o0::opt_hfs_mixed_ref_sync_wado ... ok
test fixture_test_o0::opt_hfs_mut_ref_reread_wado ... ok
test fixture_test_o0::opt_hfs_stores_ref_sync_wado ... ok
test fixture_test_o0::opt_inline_backtrack_miscompile_wado ... ok
test fixture_test_o0::opt_inline_duplicate_fn_wado ... ok
test fixture_test_o0::opt_labeled_block_copy_mutation_wado ... ok
test fixture_test_o0::opt_inline_wado ... ok
test fixture_test_o0::opt_labeled_block_fusion_wado ... ok
test fixture_test_o0::opt_licm_aliased_field_via_call_wado ... ok
test fixture_test_o0::opt_licm_aliased_ref_fields_wado ... ok
test fixture_test_o0::opt_licm_aliased_mut_ref_params_wado ... ok
test fixture_test_o0::opt_licm_immut_ref_method_wado ... ok
test fixture_test_o0::opt_licm_immut_ref_mixed_wado ... ok
test fixture_test_o0::opt_licm_mut_ref_no_hoist_wado ... ok
test fixture_test_o0::opt_licm_immut_ref_wado ... ok
test fixture_test_o0::opt_licm_immut_ref_multi_wado ... ok
test fixture_test_o0::opt_licm_nested_ref_chain_wado ... ok
test fixture_test_o0::opt_multi_value_user_struct_break_wado ... ok
test fixture_test_o0::opt_multi_value_user_struct_escape_wado ... ok
test fixture_test_o0::opt_multi_value_user_struct_match_wado ... ok
test fixture_test_o0::opt_multi_value_user_struct_wado ... ok
test fixture_test_o0::opt_ref_elim_inline_shadow_wado ... ok
test fixture_test_o0::opt_ref_elim_rebound_local_wado ... ok
test fixture_test_o0::opt_sroa_intraprocedural_wado ... ok
test fixture_test_o0::opt_sroa_box_parameter_wado ... ok
test fixture_test_o0::opt_sroa_edge_cases_wado ... ok
test fixture_test_o0::opt_sroa_newtype_param_wado ... ok
test fixture_test_o0::opt_sroa_param_aliased_ref_wado ... ok
test fixture_test_o0::opt_sroa_param_nested_same_field_wado ... ok
test fixture_test_o0::opt_sroa_return_match_wado ... ok
test fixture_test_o0::opt_sroa_single_field_wado ... ok
test fixture_test_o0::opt_sroa_stores_ref_blocked_wado ... ok
test fixture_test_o0::opt_sroa_stores_ref_mixed_wado ... ok
test fixture_test_o0::opt_sroa_stores_ref_mut_wado ... ok
test fixture_test_o0::opt_sroa_stores_ref_wado ... ok
test fixture_test_o0::opt_sroa_variant_per_case_wado ... ok
test fixture_test_o0::opt_sroa_variant_prefix_overinvalidate_wado ... ok
test fixture_test_o0::opt_sroa_variant_br_exit_wado ... ok
test fixture_test_o0::opt_sroa_variant_return_if_descent_wado ... ok
test fixture_test_o0::opt_sroa_variant_return_temp_elide_wado ... ok
test fixture_test_o0::opt_sroa_variant_tail_call_wado ... ok
test fixture_test_o0::opt_sroa_variant_wado ... ok
test fixture_test_o0::opt_sroa_wado ... ok
test fixture_test_o0::opt_string_push_short_literal_wado ... ok
test fixture_test_o0::opt_walk_fn_miscompile_wado ... ok
test fixture_test_o0::opt_wir_dead_if_zero_wado ... ok
test fixture_test_o0::optimize_bce_field_access_equiv_wado ... ok
test fixture_test_o0::optimize_bce_if_guard_wado ... ok
test fixture_test_o0::optimize_bce_ref_param_wado ... ok
test fixture_test_o0::optimize_bitmask_bce_wado ... ok
test fixture_test_o0::option_construct_wado ... ok
test fixture_test_o0::option_match_invalid_wado ... ok
test fixture_test_o0::option_i32_struct_field_wado ... ok
test fixture_test_o0::option_match_wado ... ok
test fixture_test_o0::ordering_basic_wado ... ok
test fixture_test_o0::orphan_rule_allowed_local_generic_self_wado ... ok
test fixture_test_o0::orphan_rule_allowed_local_trait_wado ... ok
test fixture_test_o0::orphan_rule_allowed_local_self_wado ... ok
test fixture_test_o0::orphan_rule_allowed_rfc2451_wado ... ok
test fixture_test_o0::orphan_rule_error_both_foreign_wado ... ok
test fixture_test_o0::orphan_rule_error_rfc2451_no_local_wado ... ok
test fixture_test_o0::orphan_rule_error_foreign_generic_self_wado ... ok
test fixture_test_o0::orphan_rule_error_uncovered_param_before_local_wado ... ok
test fixture_test_o0::orphan_rule_error_uncovered_type_param_wado ... ok
test fixture_test_o0::panic_stack_trace_names_wado ... ok
test fixture_test_o0::panic_basic_wado ... ok
test fixture_test_o0::precedence_error_chain_mixed_direction_wado ... ok
test fixture_test_o0::precedence_error_chain_mixed_equality_wado ... ok
test fixture_test_o0::precedence_error_chain_not_equal_wado ... ok
test fixture_test_o0::pattern_match_non_exhaustive_keeps_fallback_wado ... ok
test fixture_test_o0::pattern_match_exhaustive_variant_last_arm_wado ... ok
test fixture_test_o0::pattern_mut_binding_wado ... ok
test fixture_test_o0::prelude_type_collision_wado ... ok
test fixture_test_o0::precedence_merged_wado ... ok
test fixture_test_o0::primitive_arithmetic_wado ... ok
test fixture_test_o0::pub_struct_field_access_wado ... ok
test fixture_test_o0::pub_struct_field_access_ok_wado ... ok
test fixture_test_o0::pub_struct_field_literal_error_wado ... ok
test fixture_test_o0::pub_use_alias_facade_wado ... ok
test fixture_test_o0::pub_struct_field_same_module_wado ... ok
test fixture_test_o0::pub_use_alias_wado ... ok
test fixture_test_o0::pub_use_chain_a_wado ... ok
test fixture_test_o0::pub_use_chain_c_wado ... ok
test fixture_test_o0::pub_use_chain_b_wado ... ok
test fixture_test_o0::pub_use_facade_wado ... ok
test fixture_test_o0::pub_use_chain_wado ... ok
test fixture_test_o0::pub_use_prelude_mod_wado ... ok
test fixture_test_o0::pub_use_lib_wado ... ok
test fixture_test_o0::pub_use_prelude_types_wado ... ok
test fixture_test_o0::pub_use_prelude_wado ... ok
test fixture_test_o0::range_match_assoc_const_wado ... ok
test fixture_test_o0::pub_use_wado ... ok
test fixture_test_o0::range_match_basic_wado ... ok
test fixture_test_o0::range_match_char_wado ... ok
test fixture_test_o0::range_match_empty_pattern_error_wado ... ok
test fixture_test_o0::range_match_exhaustive_error_wado ... ok
test fixture_test_o0::range_match_overlap_error_wado ... ok
test fixture_test_o0::range_match_reversed_char_pattern_error_wado ... ok
test fixture_test_o0::range_match_exhaustive_u8_wado ... ok
test fixture_test_o0::range_match_reversed_inclusive_pattern_error_wado ... ok
test fixture_test_o0::range_non_ord_error_wado ... ok
test fixture_test_o0::range_match_reversed_pattern_error_wado ... ok
test fixture_test_o0::range_matches_operator_wado ... ok
test fixture_test_o0::range_precedence_wado ... ok
test fixture_test_o0::range_reversed_char_error_wado ... ok
test fixture_test_o0::range_reversed_error_wado ... ok
test fixture_test_o0::range_reversed_inclusive_error_wado ... ok
test fixture_test_o0::range_reversed_negative_error_wado ... ok
test fixture_test_o0::range_type_mismatch_error_wado ... ok
test fixture_test_o0::recursive_generic_struct_wado ... ok
test fixture_test_o0::ref_1_wado ... ok
test fixture_test_o0::ref_2_wado ... ok
test fixture_test_o0::ref_3_wado ... ok
test fixture_test_o0::ref_edge_immut_assign_wado ... ok
test fixture_test_o0::ref_edge_mut_immut_wado ... ok
test fixture_test_o0::ref_equality_error_arithmetic_wado ... ok
test fixture_test_o0::ref_equality_error_ordering_wado ... ok
test fixture_test_o0::ref_equality_no_eq_wado ... ok
test fixture_test_o0::ref_field_ref_wado ... ok
test fixture_test_o0::ref_method_receivers_error_self_by_value_wado ... ok
test fixture_test_o0::ref_equality_wado ... ok
test fixture_test_o0::ref_equality_struct_with_ref_wado ... ok
test fixture_test_o0::resolver_error_unknown_identifier_wado ... ok
test fixture_test_o0::ref_impl_dispatch_list_vs_array_wado ... ok
test fixture_test_o0::resource_method_static_wado ... ok
test fixture_test_o0::resource_method_instance_wado ... ok
test fixture_test_o0::result_basic_wado ... ok
test fixture_test_o0::result_if_let_err_wado ... ok
test fixture_test_o0::result_if_let_ok_wado ... ok
test fixture_test_o0::result_if_let_mismatch_wado ... ok
test fixture_test_o0::result_match_payload_wado ... ok
test fixture_test_o0::result_match_wado ... ok
test fixture_test_o0::result_unit_cm_variant_passthrough_wado ... ok
test fixture_test_o0::result_mut_ref_side_effect_wado ... ok
test fixture_test_o0::result_unit_variant_passthrough_wado ... ok
test fixture_test_o0::scope_block_var_not_visible_wado ... ok
test fixture_test_o0::scope_for_loop_var_not_visible_wado ... ok
test fixture_test_o0::result_unwrap_fresh_elision_wado ... ok
test fixture_test_o0::return_merged_wado ... ok
test fixture_test_o0::scope_shadow_field_not_self_ref_wado ... ok
test fixture_test_o0::scope_shadow_no_self_ref_wado ... ok
test fixture_test_o0::scope_shadow_param_not_self_ref_wado ... ok
test fixture_test_o0::scalarize_chain_wado ... ok
test fixture_test_o0::scope_nested_blocks_wado ... ok
test fixture_test_o0::scope_shadow_self_ref_wado ... ok
test fixture_test_o0::scope_shadow_self_ref_closure_wado ... ok
test fixture_test_o0::scope_shadowing_in_block_wado ... ok
test fixture_test_o0::scope_while_loop_var_not_visible_wado ... ok
test fixture_test_o0::scope_shadowing_same_block_wado ... ok
test fixture_test_o0::select_no_opt_trapping_arms_wado ... ok
test fixture_test_o0::select_extended_arms_wado ... ok
test fixture_test_o0::select_basic_wado ... ok
test fixture_test_o0::select_no_opt_wado ... ok
test fixture_test_o0::sequence_literal_newtype_wado ... ok
test fixture_test_o0::sequence_literal_immutable_wado ... ok
test fixture_test_o0::sequence_literal_fn_arg_wado ... ok
test fixture_test_o0::sequence_literal_custom_wado ... ok
test fixture_test_o0::serde_compile_error_no_deser_wado ... ok
test fixture_test_o0::serde_compile_error_no_impl_wado ... ok
test fixture_test_o0::serde_deserialize_trait_wado ... ok
test fixture_test_o0::serde_default_init_wado ... ok
test fixture_test_o0::serde_error_types_wado ... ok
test fixture_test_o0::serde_generic_trait_method_wado ... ok
test fixture_test_o0::serde_full_json_serialize_wado ... ok
test fixture_test_o0::serde_json_array_string_wado ... ok
test fixture_test_o0::serde_json_default_wado ... ok
test fixture_test_o0::serde_json_deser_error_wado ... ok
test fixture_test_o0::serde_json_deser_error_edge_wado ... ok
test fixture_test_o0::serde_json_duplicate_fields_wado ... ok
test fixture_test_o0::serde_json_error_kind_wado ... ok
test fixture_test_o0::serde_json_multi_type_deser_wado ... ok
test fixture_test_o0::serde_json_large_int_wado ... ok
test fixture_test_o0::serde_json_int_types_wado ... ok
test fixture_test_o0::serde_json_nested_struct_wado ... ok
test fixture_test_o0::serde_json_option_array_fields_wado ... ok
test fixture_test_o0::serde_json_rename_all_wado ... ok
test fixture_test_o0::serde_json_primitives_wado ... ok
test fixture_test_o0::serde_json_rename_wado ... ok
test fixture_test_o0::serde_json_result_wado ... ok
test fixture_test_o0::serde_json_scientific_notation_wado ... ok
test fixture_test_o0::serde_json_ser_error_wado ... ok
test fixture_test_o0::serde_json_roundtrip_complex_wado ... ok
test fixture_test_o0::serde_json_string_escape_wado ... ok
test fixture_test_o0::serde_json_struct_deser_o2_wado ... ok
test fixture_test_o0::serde_json_synth_enum_wado ... ok
test fixture_test_o0::serde_json_struct_no_closure_wado ... ok
test fixture_test_o0::serde_json_synth_flags_wado ... ok
test fixture_test_o0::serde_json_synth_variant_wado ... ok
test fixture_test_o0::serde_json_tuple_wado ... ok
test fixture_test_o0::serde_json_unknown_fields_wado ... ok
test fixture_test_o0::serde_json_treemap_wado ... ok
test fixture_test_o0::serde_ndjson_wrapper_wado ... ok
test fixture_test_o0::serde_serialize_array_wado ... ok
test fixture_test_o0::serde_serialize_enum_wado ... ok
test fixture_test_o0::serde_serialize_option_wado ... ok
test fixture_test_o0::serde_serialize_struct_wado ... ok
test fixture_test_o0::serde_serialize_trait_wado ... ok
test fixture_test_o0::serde_serialize_variant_wado ... ok
test fixture_test_o0::serde_sub_serializer_wado ... ok
test fixture_test_o0::serde_synth_propagates_begin_struct_error_wado ... ok
test fixture_test_o0::shebang_basic_wado ... ok
test fixture_test_o0::serde_synth_wado ... ok
test fixture_test_o0::short_circuit_wado ... ok
test fixture_test_o0::simd_basic_wado ... ok
test fixture_test_o0::single_module_variant_iter_wado ... ok
test fixture_test_o0::simd_v128_inspect_wado ... ok
test fixture_test_o0::static_method_trait_bound_error_wado ... ok
test fixture_test_o0::static_1_wado ... ok
test fixture_test_o0::static_2_wado ... ok
test fixture_test_o0::static_method_in_generic_context_wado ... ok
test fixture_test_o0::store_to_load_forwarding_wado ... ok
test fixture_test_o0::stores_basic_wado ... ok
test fixture_test_o0::stores_fn_type_with_effect_param_wado ... ok
test fixture_test_o0::stores_grammar_relaxed_wado ... ok
test fixture_test_o0::stores_optimize_field_forward_wado ... ok
test fixture_test_o0::stores_optimize_mixed_calls_wado ... ok
test fixture_test_o0::stores_optimize_multiple_non_stores_wado ... ok
test fixture_test_o0::stores_optimize_with_stores_no_forward_wado ... ok
test fixture_test_o0::stores_self_violation_wado ... ok
test fixture_test_o0::stores_self_wado ... ok
test fixture_test_o0::stores_validation_error_wado ... ok
test fixture_test_o0::stores_validation_unknown_wado ... ok
test fixture_test_o0::stores_violation_global_wado ... ok
test fixture_test_o0::stores_violation_return_wado ... ok
test fixture_test_o0::stores_violation_struct_wado ... ok
test fixture_test_o0::stores_with_effects_wado ... ok
test fixture_test_o0::stream_cm_future_drop_wado ... ok
test fixture_test_o0::stream_cm_stderr_write_wado ... ok
test fixture_test_o0::stream_cm_stdin_pipe_wado ... ok
test fixture_test_o0::stream_cm_stdin_read_wado ... ok
test fixture_test_o0::stream_future_types_wado ... ok
test fixture_test_o0::stream_http_read_request_body_wado ... ok
test fixture_test_o0::stream_http_echo_wado ... ok
test fixture_test_o0::stream_http_response_body_multi_wado ... ok
test fixture_test_o0::stream_http_response_body_string_wado ... ok
test fixture_test_o0::stream_new_pair_wado ... ok
test fixture_test_o0::stream_http_response_body_wado ... ok
test fixture_test_o0::stream_read_eof_wado ... ok
test fixture_test_o0::stream_read_basic_wado ... ok
test fixture_test_o0::stream_read_multiple_wado ... ok
test fixture_test_o0::stream_readable_close_wado ... ok
test fixture_test_o0::stream_writable_close_wado ... ok
test fixture_test_o0::stream_writable_type_wado ... ok
test fixture_test_o0::stream_write_multiple_wado ... ok
test fixture_test_o0::stream_write_hello_wado ... ok
test fixture_test_o0::string_from_utf8_lossy_newtype_wado ... ok
test fixture_test_o0::stream_write_via_stream_wado ... ok
test fixture_test_o0::string_insert_str_panic_boundary_wado ... ok
test fixture_test_o0::string_insert_panic_boundary_wado ... ok
test fixture_test_o0::string_remove_panic_boundary_wado ... ok
test fixture_test_o0::string_multiline_wado ... ok
test fixture_test_o0::string_remove_panic_oob_wado ... ok
test fixture_test_o0::string_substr_bytes_panic_boundary_wado ... ok
test fixture_test_o0::string_substr_bytes_panic_oob_wado ... ok
test fixture_test_o0::struct_2_wado ... ok
test fixture_test_o0::string_truncate_panic_wado ... ok
test fixture_test_o0::struct_1_wado ... ok
test fixture_test_o0::struct_destruct_exhaustive_error_wado ... ok
test fixture_test_o0::struct_destruct_named_type_error_wado ... ok
test fixture_test_o0::struct_eq_auto_generic_wado ... ok
test fixture_test_o0::struct_eq_auto_user_override_wado ... ok
test fixture_test_o0::struct_eq_auto_ord_wado ... ok
test fixture_test_o0::struct_eq_auto_variant_field_wado ... ok
test fixture_test_o0::struct_eq_auto_wado ... ok
test fixture_test_o0::struct_field_rebind_in_export_run_wado ... ok
test fixture_test_o0::struct_literal_restrict_error_wado ... ok
test fixture_test_o0::struct_implicit_error_no_type_wado ... ok
test fixture_test_o0::struct_literal_string_key_expr_error_wado ... ok
test fixture_test_o0::struct_literal_string_key_int_error_wado ... ok
test fixture_test_o0::struct_import_alias_wado ... FAILED
test fixture_test_o0::struct_import_collision_wado ... FAILED
test fixture_test_o0::struct_literal_string_key_destructure_wado ... ok
test fixture_test_o0::struct_literal_string_key_keyword_wado ... ok
test fixture_test_o0::struct_literal_string_key_treemap_wado ... ok
test fixture_test_o0::struct_literal_unknown_field_error_wado ... ok
test fixture_test_o0::struct_literal_string_key_wado ... ok
test fixture_test_o0::struct_literal_unknown_field_implicit_error_wado ... ok
test fixture_test_o0::switch_default_binding_wado ... ok
test fixture_test_o0::struct_name_conflict_wado ... ok
test fixture_test_o0::template_inspect_default_cap_wado ... ok
test fixture_test_o0::template_string_generic_wado ... ok
test fixture_test_o0::template_string_option_loop_wado ... ok
test fixture_test_o0::template_string_precision_wado ... ok
test fixture_test_o0::template_string_wado ... ok
test fixture_test_o0::temporary_mut_array_arg_wado ... ok
test fixture_test_o0::test_decl_wado ... ok
test fixture_test_o0::test_expect_trap_wado ... ok
test fixture_test_o0::test_fail_wado ... ok
test fixture_test_o0::test_imported_test_block_skipped_wado ... ok
test fixture_test_o0::test_todo_wado ... ok
test fixture_test_o0::test_special_names_wado ... ok
test fixture_test_o0::test_unicode_names_wado ... ok
test fixture_test_o0::test_world_variant_group_wado ... ok
test fixture_test_o0::test_world_variant_generic_run_wado ... ok
test fixture_test_o0::test_world_variant_generic_wado ... ok
test fixture_test_o0::tir_optimize_bool_identity_wado ... ok
test fixture_test_o0::tir_optimize_early_exit_guard_wado ... ok
test fixture_test_o0::tir_optimize_short_circuit_bounds_wado ... ok
test fixture_test_o0::tmpl_hoist_escape_mixed_wado ... ok
test fixture_test_o0::tmpl_hoist_escape_safe_wado ... ok
test fixture_test_o0::tmpl_hoist_fmt_edge_wado ... ok
test fixture_test_o0::tmpl_hoist_fmt_default_wado ... ok
test fixture_test_o0::tmpl_hoist_escape_unsafe_wado ... ok
test fixture_test_o0::tmpl_hoist_fmt_mixed_wado ... ok
test fixture_test_o0::tmpl_hoist_fmt_multi_default_wado ... ok
test fixture_test_o0::tmpl_hoist_fmt_specifier_wado ... ok
test fixture_test_o0::tmpl_hoist_fmt_params_wado ... ok
test fixture_test_o0::tmpl_hoist_fmt_struct_wado ... ok
test fixture_test_o0::tmpl_hoist_formatter_wado ... ok
test fixture_test_o0::tmpl_hoist_loop_wado ... ok
test fixture_test_o0::trait_bound_1_wado ... ok
test fixture_test_o0::trait_basic_wado ... ok
test fixture_test_o0::trait_bound_2_wado ... ok
test fixture_test_o0::trait_bound_3_wado ... ok
test fixture_test_o0::trait_bound_4_wado ... ok
test fixture_test_o0::trait_bound_5_wado ... ok
test fixture_test_o0::trait_bound_array_ord_wado ... ok
test fixture_test_o0::trait_bound_6_wado ... ok
test fixture_test_o0::trait_bound_7_wado ... ok
test fixture_test_o0::trait_bound_add_generic_wado ... ok
test fixture_test_o0::trait_bound_crossmod_violation_wado ... ok
test fixture_test_o0::trait_bound_crossmod_fn_violation_wado ... ok
test fixture_test_o0::trait_bound_fn_violation_wado ... ok
test fixture_test_o0::trait_bound_crossmod_wado ... ok
test fixture_test_o0::trait_bound_impl_block_violation_wado ... ok
test fixture_test_o0::trait_bound_method_on_type_param_builtin_wado ... ok
test fixture_test_o0::trait_bound_multi_violation_wado ... ok
test fixture_test_o0::trait_bound_method_on_type_param_ref_wado ... ok
test fixture_test_o0::trait_bound_ord_wado ... ok
test fixture_test_o0::trait_bound_reason_field_wado ... ok
test fixture_test_o0::trait_bound_reason_nested_wado ... ok
test fixture_test_o0::trait_bound_sort_no_ord_wado ... ok
test fixture_test_o0::trait_bound_struct_field_bounded_violation_wado ... ok
test fixture_test_o0::trait_bound_violation_wado ... ok
test fixture_test_o0::trait_default_assert_self_call_wado ... ok
test fixture_test_o0::trait_default_assoc_type_wado ... ok
test fixture_test_o0::trait_default_method_calls_t_default_wado ... ok
test fixture_test_o0::trait_default_method_calls_t_default_crossmod_wado ... ok
test fixture_test_o0::trait_default_method_generic_self_call_wado ... ok
test fixture_test_o0::trait_default_method_type_param_wado ... ok
test fixture_test_o0::trait_generic_assoc_type_return_wado ... ok
test fixture_test_o0::trait_default_wado ... ok
test fixture_test_o0::trait_generic_option_return_wado ... ok
test fixture_test_o0::trait_inherent_priority_wado ... ok
test fixture_test_o0::trait_method_generic_return_on_assoc_type_wado ... ok
test fixture_test_o0::trait_method_calls_method_wado ... ok
test fixture_test_o0::trait_method_generic_concrete_trait_arg_wado ... ok
test fixture_test_o0::trait_multiple_traits_wado ... ok
test fixture_test_o0::trait_multiple_wado ... ok
test fixture_test_o0::trait_option_return_wado ... ok
test fixture_test_o0::trait_mut_self_wado ... ok
test fixture_test_o0::trait_static_method_via_type_path_wado ... ok
test fixture_test_o0::trait_unit_return_wado ... ok
test fixture_test_o0::treemap_literal_basic_wado ... ok
test fixture_test_o0::treemap_btree2_wado ... ok
test fixture_test_o0::treemap_btree_wado ... ok
test fixture_test_o0::treemap_literal_error_non_string_key_wado ... ok
test fixture_test_o0::treemap_literal_cast_wado ... ok
test fixture_test_o0::treemap_literal_fn_arg_wado ... ok
test fixture_test_o0::treemap_literal_empty_wado ... ok
test fixture_test_o0::treemap_literal_mutable_wado ... ok
test fixture_test_o0::treemap_literal_string_values_wado ... ok
test fixture_test_o0::treeset_mut_ref_deep_wado ... ok
test fixture_test_o0::try_merged_wado ... ok
test fixture_test_o0::try_op_error_on_non_result_wado ... ok
test fixture_test_o0::try_op_error_non_result_fn_wado ... ok
test fixture_test_o0::try_op_error_result_in_option_fn_wado ... ok
test fixture_test_o0::try_op_error_option_in_result_fn_wado ... ok
test fixture_test_o0::try_op_generic_method_call_wado ... ok
test fixture_test_o0::tuple_destruct_error_mismatch_wado ... ok
test fixture_test_o0::tuple_2_wado ... ok
test fixture_test_o0::tuple_1_wado ... ok
test fixture_test_o0::tuple_destruct_rest_wado ... ok
test fixture_test_o0::tuple_elision_multivalue_wado ... ok
test fixture_test_o0::tuple_error_index_out_of_bounds_wado ... ok
test fixture_test_o0::tuple_error_length_mismatch_wado ... ok
test fixture_test_o0::tuple_error_variable_index_wado ... ok
test fixture_test_o0::tuple_for_of_break_wado ... ok
test fixture_test_o0::tuple_for_of_continue_wado ... ok
test fixture_test_o0::tuple_for_of_ref_wado ... ok
test fixture_test_o0::tuple_for_of_return_wado ... ok
test fixture_test_o0::tuple_literal_expected_type_in_branch_wado ... ok
test fixture_test_o0::tuple_for_of_wado ... ok
test fixture_test_o0::tuple_name_collision_2_wado ... ok
test fixture_test_o0::tuple_name_collision_wado ... ok
test fixture_test_o0::tuple_zip_wado ... ok
test fixture_test_o0::type_param_omission_cross_module_wado ... ok
test fixture_test_o0::type_cast_wado ... ok
test fixture_test_o0::type_param_omission_free_fn_wado ... ok
test fixture_test_o0::type_param_omission_instance_method_wado ... ok
test fixture_test_o0::type_param_omission_two_t_coerce_wado ... ok
test fixture_test_o0::typecheck_assignment_wrong_type_wado ... ok
test fixture_test_o0::type_param_omission_static_method_wado ... ok
test fixture_test_o0::typecheck_auto_deref_array_elem_wado ... ok
test fixture_test_o0::typecheck_auto_deref_assign_wado ... ok
test fixture_test_o0::typecheck_auto_deref_binary_op_wado ... ok
test fixture_test_o0::typecheck_auto_deref_closure_arg_wado ... ok
test fixture_test_o0::typecheck_auto_deref_comparison_wado ... ok
test fixture_test_o0::typecheck_auto_deref_fn_arg_wado ... ok
test fixture_test_o0::typecheck_auto_deref_generic_fn_wado ... ok
test fixture_test_o0::typecheck_auto_deref_index_wado ... ok
test fixture_test_o0::typecheck_auto_deref_let_binding_wado ... ok
test fixture_test_o0::typecheck_auto_deref_nested_wado ... ok
test fixture_test_o0::typecheck_auto_deref_return_wado ... ok
test fixture_test_o0::typecheck_auto_deref_struct_field_wado ... ok
test fixture_test_o0::typecheck_binop_add_f32_f64_wado ... ok
test fixture_test_o0::typecheck_binop_add_i32_i64_wado ... ok
test fixture_test_o0::typecheck_binop_add_i32_f32_wado ... ok
test fixture_test_o0::typecheck_binop_add_i32_u32_wado ... ok
test fixture_test_o0::typecheck_binop_add_u32_u64_wado ... ok
test fixture_test_o0::typecheck_binop_eq_generic_vs_primitive_wado ... ok
test fixture_test_o0::typecheck_binop_eq_i32_i64_wado ... ok
test fixture_test_o0::typecheck_binop_fn_eq_wado ... ok
test fixture_test_o0::typecheck_binop_shl_u64_i32_wado ... ok
test fixture_test_o0::typecheck_binop_shr_i64_u32_wado ... ok
test fixture_test_o0::typecheck_deref_nonref_wado ... ok
test fixture_test_o0::typecheck_fn_arg_wrong_struct_wado ... ok
test fixture_test_o0::typecheck_fn_arg_wrong_type_wado ... ok
test fixture_test_o0::typecheck_generic_instance_mismatch_wado ... ok
test fixture_test_o0::typecheck_global_init_wrong_type_wado ... ok
test fixture_test_o0::typecheck_if_expr_missing_else_wado ... ok
test fixture_test_o0::typecheck_if_expr_branch_wado ... ok
test fixture_test_o0::typecheck_let_annotation_wrong_type_wado ... ok
test fixture_test_o0::typecheck_newtype_assign_to_base_wado ... ok
test fixture_test_o0::typecheck_newtype_chained_method_wado ... ok
test fixture_test_o0::typecheck_newtype_assign_base_wado ... ok
test fixture_test_o0::typecheck_newtype_method_byvalue_reverse_wado ... ok
test fixture_test_o0::typecheck_newtype_method_byvalue_wado ... ok
test fixture_test_o0::typecheck_newtype_method_ref_reverse_wado ... ok
test fixture_test_o0::typecheck_newtype_method_ref_wado ... ok
test fixture_test_o0::typecheck_newtype_mix_types_wado ... ok
test fixture_test_o0::typecheck_newtype_multiple_params_wado ... ok
test fixture_test_o0::typecheck_newtype_operator_mix_wado ... ok
test fixture_test_o0::typecheck_newtype_return_type_wado ... ok
test fixture_test_o0::typecheck_newtype_string_coercion_wado ... ok
test fixture_test_o0::typecheck_option_coerce_struct_field_wado ... ok
test fixture_test_o0::typecheck_option_mismatch_struct_field_wado ... ok
test fixture_test_o0::typecheck_ref_deref_shared_yields_mut_wado ... ok
test fixture_test_o0::typecheck_return_cross_module_wado ... ok
test fixture_test_o0::typecheck_return_type_wado ... ok
test fixture_test_o0::typecheck_struct_field_wrong_type_wado ... ok
test fixture_test_o0::typecheck_submodule_generic_type_wado ... ok
test fixture_test_o0::typecheck_submodule_type_wado ... ok
test fixture_test_o0::typecheck_treemap_literal_hetero_values_wado ... ok
test fixture_test_o0::typecheck_tuple_type_wado ... ok
test fixture_test_o0::typecheck_variant_ref_coercion_wado ... ok
test fixture_test_o0::unicode_incomplete_surrogate_pair_wado ... ok
test fixture_test_o0::unicode_invalid_codepoint_wado ... ok
test fixture_test_o0::u64_arithmetic_wado ... ok
test fixture_test_o0::unary_neg_float_wado ... ok
test fixture_test_o0::use_invalid_module_path_wado ... ok
test fixture_test_o0::use_unknown_namespace_wado ... ok
test fixture_test_o0::unicode_lone_surrogate_braces_wado ... ok
test fixture_test_o0::unicode_surrogate_not_followed_by_low_wado ... ok
test fixture_test_o0::user_effect_smoke_wado ... ok
test fixture_test_o0::use_local_module_wado ... ok
test fixture_test_o0::user_func_wado ... ok
test fixture_test_o0::user_function_call_wado ... ok
test fixture_test_o0::user_resource_smoke_wado ... ok
test fixture_test_o0::user_world_smoke_wado ... ok
test fixture_test_o0::value_copy_builtin_array_wado ... ok
test fixture_test_o0::value_copy_demote_element_mut_wado ... ok
test fixture_test_o0::value_copy_demote_mixed_sites_wado ... ok
test fixture_test_o0::value_copy_demote_wado ... ok
test fixture_test_o0::value_copy_elide_qmark_wado ... ok
test fixture_test_o0::value_copy_iterator_fresh_elision_wado ... ok
test fixture_test_o0::var_uninit_loop_not_guaranteed_error_wado ... ok
test fixture_test_o0::var_uninit_missing_else_error_wado ... ok
test fixture_test_o0::var_uninit_no_assign_error_wado ... ok
test fixture_test_o0::var_uninit_no_type_annotation_error_wado ... ok
test fixture_test_o0::var_uninit_partial_match_error_wado ... ok
test fixture_test_o0::value_copy_nested_struct_wado ... ok
test fixture_test_o0::value_copy_nested_array_helper_chain_wado ... ok
test fixture_test_o0::value_semantics_wado ... ok
test fixture_test_o0::var_uninit_valid_wado ... ok
test fixture_test_o0::variadic_1_wado ... ok
test fixture_test_o0::variadic_concat_wado ... ok
test fixture_test_o0::variadic_ellipsis_error_wado ... ok
test fixture_test_o0::variadic_2_wado ... ok
test fixture_test_o0::variadic_3_wado ... ok
test fixture_test_o0::variadic_for_of_generic_method_wado ... ok
test fixture_test_o0::variadic_parse_error_effect_pack_wado ... ok
test fixture_test_o0::variadic_parse_error_two_packs_wado ... ok
test fixture_test_o0::variadic_deserialize_wado ... ok
test fixture_test_o0::variadic_for_of_ref_wado ... ok
test fixture_test_o0::variadic_impl_method_type_param_wado ... ok
test fixture_test_o0::variadic_trait_bound_wado ... ok
test fixture_test_o0::variant_construct_wado ... ok
test fixture_test_o0::variant_cross_module_pattern_wado ... ok
test fixture_test_o0::variant_construct_with_payload_wado ... ok
test fixture_test_o0::variant_custom_decl_wado ... ok
test fixture_test_o0::variant_deref_cross_module_wado ... ok
test fixture_test_o0::variant_eq_auto_generic_wado ... ok
test fixture_test_o0::variant_eq_auto_recursive_wado ... ok
test fixture_test_o0::variant_eq_auto_wado ... ok
test fixture_test_o0::variant_eq_user_impl_wado ... ok
test fixture_test_o0::variant_f64_payload_wado ... ok
test fixture_test_o0::variant_if_let_basic_wado ... ok
test fixture_test_o0::variant_import_mut_wado ... ok
test fixture_test_o0::variant_import_module_wado ... ok
test fixture_test_o0::variant_import_struct_module_wado ... ok
test fixture_test_o0::variant_import_struct_simple_wado ... ok
test fixture_test_o0::variant_import_value_wado ... ok
test fixture_test_o0::variant_import_struct_wado ... ok
test fixture_test_o0::variant_import_wado ... ok
test fixture_test_o0::variant_in_struct_field_wado ... ok
test fixture_test_o0::variant_in_struct_match_module_wado ... ok
test fixture_test_o0::variant_in_struct_match_wado ... ok
test fixture_test_o0::variant_in_struct_simple_module_wado ... ok
test fixture_test_o0::variant_in_struct_simple_wado ... ok
test fixture_test_o0::variant_infer_wado ... ok
test fixture_test_o0::variant_option_of_variant_wado ... ok
test fixture_test_o0::variant_qualified_pattern_wado ... ok
test fixture_test_o0::variant_recursive_struct_payload_constructor_wado ... ok
test fixture_test_o0::variant_struct_concat_wado ... ok
test fixture_test_o0::variant_struct_concat_module_wado ... ok
test fixture_test_o0::variant_struct_string_module_wado ... ok
test fixture_test_o0::variant_struct_string_wado ... ok
test fixture_test_o0::wasi_cli_terminal_wado ... ok
test fixture_test_o0::variant_value_semantics_wado ... ok
test fixture_test_o0::wasi_cli_wado ... ok
test fixture_test_o0::wasi_clocks_full_wado ... ok
test fixture_test_o0::wasi_clocks_wado ... ok
test fixture_test_o0::wasi_clocks_timezone_wado ... ok
test fixture_test_o0::wasi_filesystem_append_stream_wado ... ok
test fixture_test_o0::wasi_filesystem_advise_sync_wado ... ok
test fixture_test_o0::wasi_filesystem_get_type_wado ... ok
test fixture_test_o0::wasi_filesystem_dir_ops_wado ... ok
test fixture_test_o0::wasi_filesystem_metadata_hash_wado ... ok
test fixture_test_o0::wasi_filesystem_open_at_wado ... ok
test fixture_test_o0::wasi_filesystem_read_stream_wado ... ok
test fixture_test_o0::wasi_filesystem_open_flags_wado ... ok
test fixture_test_o0::wasi_filesystem_read_transform_stream_wado ... ok
test fixture_test_o0::wasi_filesystem_rename_unlink_wado ... ok
test fixture_test_o0::wasi_filesystem_set_times_wado ... ok
test fixture_test_o0::wasi_filesystem_set_size_wado ... ok
test fixture_test_o0::wasi_filesystem_stat_wado ... ok
test fixture_test_o0::wasi_filesystem_symlink_wado ... ok
test fixture_test_o0::wasi_filesystem_wado ... ok
test fixture_test_o0::wasi_filesystem_write_stream_wado ... ok
test fixture_test_o0::wasi_newtype_literal_wado ... ok
test fixture_test_o0::wasi_random_wado ... ok
test fixture_test_o0::wasi_sockets_import_wado ... ok
test fixture_test_o0::wasi_tls_import_wado ... ok
test fixture_test_o0::wasm_import_bad_import_wado ... ok
test fixture_test_o0::wasm_import_has_start_wado ... ok
test fixture_test_o0::wasm_import_invalid_wasm_wado ... ok
test fixture_test_o0::wasm_import_invalid_wat_wado ... ok
test fixture_test_o0::wasi_tls_mock_error_wado ... ok
test fixture_test_o0::wasi_tls_mock_recv_wado ... ok
test fixture_test_o0::wasi_tls_result_error_wado ... ok
test fixture_test_o0::wasm_import_user_wasm_wado ... ok
test fixture_test_o0::wasm_instructions_float_math_wado ... ok
test fixture_test_o0::wasm_import_user_wat_wado ... ok
test fixture_test_o0::wasm_name_conflict_closure_wado ... ok
test fixture_test_o0::wasm_name_conflict_entry_struct_wado ... ok
test fixture_test_o0::wasm_name_conflict_enum_wado ... ok
test fixture_test_o0::wasm_name_conflict_free_fn_wado ... ok
test fixture_test_o0::wasm_name_conflict_generic_fn_wado ... ok
test fixture_test_o0::wasm_name_conflict_global_wado ... ok
test fixture_test_o0::wasm_name_conflict_method_wado ... ok
test fixture_test_o0::wasm_name_conflict_newtype_wado ... ok
test fixture_test_o0::wasm_name_conflict_pub_use_alias_wado ... ok
test fixture_test_o0::wasm_name_conflict_struct_wado ... ok
test fixture_test_o0::wasm_name_conflict_trait_wado ... ok
test fixture_test_o0::wildcard_import_no_bind_wado ... ok
test fixture_test_o0::while_merged_wado ... ok
test fixture_test_o0::wasm_name_conflict_variant_wado ... ok
test fixture_test_o0::wildcard_import_wado ... ok
test fixture_test_o0::wir_issue6_circular_struct_variant_wado ... ok
test fixture_test_o0::wir_issue8_cross_module_variant_wado ... ok
test fixture_test_o0::wir_optimize_branchless_increment_wado ... ok
test fixture_test_o0::wir_optimize_copy_prop_destructure_wado ... ok
test fixture_test_o0::wir_optimize_cse_wado ... ok
test fixture_test_o0::wir_optimize_dae_wado ... ok
test fixture_test_o0::wir_optimize_dce_orphan_push_wado ... ok
test fixture_test_o0::wir_optimize_labeled_block_copy_prop_safety_wado ... ok
test fixture_test_o0::wir_optimize_labeled_block_copy_prop_wado ... ok
test fixture_test_o0::wir_optimize_negate_eqz_wado ... ok
test fixture_test_o0::wir_optimize_unwrap_fresh_elision_edge_wado ... ok
test fixture_test_o0::wir_optimize_unwrap_fresh_elision_wado ... ok
test fixture_test_o0::wir_optimize_value_copy_call_arg_needed_wado ... ok
test fixture_test_o0::wir_optimize_value_copy_chained_field_wado ... ok
test fixture_test_o0::wir_optimize_value_copy_if_fresh_wado ... ok
test fixture_test_o0::wir_optimize_value_copy_match_fresh_wado ... ok
test fixture_test_o0::wir_optimize_value_copy_multivalue_fresh_wado ... ok
test fixture_test_o0::wir_optimize_value_copy_mutation_needed_wado ... ok
test fixture_test_o0::wir_optimize_value_copy_str_bytes_loop_wado ... ok
test fixture_test_o0::wir_optimize_value_copy_variant_read_wado ... ok
test fixture_test_o0::wir_optimize_vcopy_into_struct_wado ... ok
test fixture_test_o0::wir_optimize_vcopy_deref_snapshot_wado ... ok
test fixture_test_o1::allocator_debug_poison_wado ... ignored, set CI/WADO_FULL_TEST to run
test fixture_test_o1::allocator_free_rewind_wado ... ignored, set CI/WADO_FULL_TEST to run
test fixture_test_o1::allocator_freelist_align_wado ... ignored, set CI/WADO_FULL_TEST to run
test fixture_test_o1::allocator_freelist_bins_wado ... ignored, set CI/WADO_FULL_TEST to run
test fixture_test_o1::allocator_freelist_churn_mixed_wado ... ignored, set CI/WADO_FULL_TEST to run
test fixture_test_o1::allocator_freelist_churn_wado ... ignored, set CI/WADO_FULL_TEST to run
test fixture_test_o1::allocator_freelist_coalesce_both_wado ... ignored, set CI/WADO_FULL_TEST to run
test fixture_test_o1::allocator_freelist_coalesce_wado ... ignored, set CI/WADO_FULL_TEST to run
test fixture_test_o1::allocator_freelist_double_free_wado ... ignored, set CI/WADO_FULL_TEST to run
test fixture_test_o1::allocator_freelist_no_coalesce_wado ... ignored, set CI/WADO_FULL_TEST to run
test fixture_test_o1::allocator_freelist_reclaim_wado ... ignored, set CI/WADO_FULL_TEST to run
test fixture_test_o1::allocator_freelist_split_wado ... ignored, set CI/WADO_FULL_TEST to run
test fixture_test_o1::allocator_freelist_zero_free_wado ... ignored, set CI/WADO_FULL_TEST to run
test fixture_test_o1::allocator_grow_wado ... ignored, set CI/WADO_FULL_TEST to run
test fixture_test_o1::anon_struct_basic_wado ... ignored, set CI/WADO_FULL_TEST to run
test fixture_test_o1::anon_struct_nested_wado ... ignored, set CI/WADO_FULL_TEST to run
test fixture_test_o1::anon_struct_shorthand_wado ... ignored, set CI/WADO_FULL_TEST to run
test fixture_test_o1::anon_struct_structural_eq_wado ... ignored, set CI/WADO_FULL_TEST to run
test fixture_test_o1::anon_struct_various_types_wado ... ignored, set CI/WADO_FULL_TEST to run
test fixture_test_o1::array_append_collapse_wado ... ignored, set CI/WADO_FULL_TEST to run
test fixture_test_o1::array_bounds_check_empty_wado ... ignored, set CI/WADO_FULL_TEST to run
test fixture_test_o1::array_bounds_check_negative_wado ... ignored, set CI/WADO_FULL_TEST to run
test fixture_test_o1::array_bounds_check_oob_read_wado ... ignored, set CI/WADO_FULL_TEST to run
test fixture_test_o1::array_bounds_check_oob_write_wado ... ignored, set CI/WADO_FULL_TEST to run
test fixture_test_o1::array_bounds_elim_const_wado ... ignored, set CI/WADO_FULL_TEST to run
test fixture_test_o1::array_bounds_elim_const_wir_wado ... ignored, set CI/WADO_FULL_TEST to run
test fixture_test_o1::array_bounds_elim_le_guard_wado ... ignored, set CI/WADO_FULL_TEST to run
test fixture_test_o1::array_bounds_elim_le_guard_wir_wado ... ignored, set CI/WADO_FULL_TEST to run
test fixture_test_o1::array_bounds_elim_loop_guard_wado ... ignored, set CI/WADO_FULL_TEST to run
test fixture_test_o1::array_bounds_elim_loop_guard_wir_wado ... ignored, set CI/WADO_FULL_TEST to run
test fixture_test_o1::array_bounds_elim_oob_after_mutation_wado ... ignored, set CI/WADO_FULL_TEST to run
test fixture_test_o1::array_bounds_elim_oob_complex_wado ... ignored, set CI/WADO_FULL_TEST to run
test fixture_test_o1::array_bounds_elim_oob_loop_dynamic_wado ... ignored, set CI/WADO_FULL_TEST to run
test fixture_test_o1::array_bounds_elim_oob_preserved_wir_wado ... ignored, set CI/WADO_FULL_TEST to run
test fixture_test_o1::array_bounds_elim_oob_simple_wado ... ignored, set CI/WADO_FULL_TEST to run
test fixture_test_o1::array_bounds_wado ... ignored, set CI/WADO_FULL_TEST to run
test fixture_test_o1::array_empty_wado ... ignored, set CI/WADO_FULL_TEST to run
test fixture_test_o1::array_error_heterogeneous_wado ... ignored, set CI/WADO_FULL_TEST to run
test fixture_test_o1::array_explicit_cast_wado ... ignored, set CI/WADO_FULL_TEST to run
test fixture_test_o1::array_f64_wado ... ignored, set CI/WADO_FULL_TEST to run
test fixture_test_o1::array_index_1_wado ... ignored, set CI/WADO_FULL_TEST to run
test fixture_test_o1::array_index_2_wado ... ignored, set CI/WADO_FULL_TEST to run
test fixture_test_o1::array_index_inline_method_wado ... ignored, set CI/WADO_FULL_TEST to run
test fixture_test_o1::array_index_inline_recursive_wado ... ignored, set CI/WADO_FULL_TEST to run
test fixture_test_o1::array_large_literal_dynamic_wado ... ignored, set CI/WADO_FULL_TEST to run
test fixture_test_o1::array_literal_coerce_u8_wado ... ignored, set CI/WADO_FULL_TEST to run
test fixture_test_o1::array_literal_nir_materialize_wado ... ignored, set CI/WADO_FULL_TEST to run
test fixture_test_o1::array_literal_side_effect_element_wado ... ignored, set CI/WADO_FULL_TEST to run
test fixture_test_o1::array_new_wado ... ignored, set CI/WADO_FULL_TEST to run
test fixture_test_o1::array_of_generic_struct_wado ... ignored, set CI/WADO_FULL_TEST to run
test fixture_test_o1::array_param_coercion_wado ... ignored, set CI/WADO_FULL_TEST to run
test fixture_test_o1::array_return_wado ... ignored, set CI/WADO_FULL_TEST to run
test fixture_test_o1::array_specialized_wado ... ignored, set CI/WADO_FULL_TEST to run
test fixture_test_o1::array_string_wado ... ignored, set CI/WADO_FULL_TEST to run
test fixture_test_o1::array_tuple_unit_wado ... ignored, set CI/WADO_FULL_TEST to run
test fixture_test_o1::array_type_annotation_wado ... ignored, set CI/WADO_FULL_TEST to run
test fixture_test_o1::assert_escape_in_condition_wado ... ignored, set CI/WADO_FULL_TEST to run
test fixture_test_o1::assert_fail_call_arg_ident_wado ... ignored, set CI/WADO_FULL_TEST to run
test fixture_test_o1::assert_fail_call_arg_side_effect_wado ... ignored, set CI/WADO_FULL_TEST to run
test fixture_test_o1::assert_fail_call_arg_wado ... ignored, set CI/WADO_FULL_TEST to run
test fixture_test_o1::assert_fail_intermediate_wado ... ignored, set CI/WADO_FULL_TEST to run
test fixture_test_o1::assert_fail_mut_ref_arg_wado ... ignored, set CI/WADO_FULL_TEST to run
test fixture_test_o1::assert_fail_side_effect_wado ... ignored, set CI/WADO_FULL_TEST to run
test fixture_test_o1::assert_fail_simple_wado ... ignored, set CI/WADO_FULL_TEST to run
test fixture_test_o1::assert_fail_with_message_wado ... ignored, set CI/WADO_FULL_TEST to run
test fixture_test_o1::assert_inspect_char_wado ... ignored, set CI/WADO_FULL_TEST to run
test fixture_test_o1::assert_inspect_enum_wado ... ignored, set CI/WADO_FULL_TEST to run
test fixture_test_o1::assert_inspect_float_precision_wado ... ignored, set CI/WADO_FULL_TEST to run
test fixture_test_o1::assert_inspect_float_wado ... ignored, set CI/WADO_FULL_TEST to run
test fixture_test_o1::assert_inspect_if_wado ... ignored, set CI/WADO_FULL_TEST to run
test fixture_test_o1::assert_inspect_matches_wado ... ignored, set CI/WADO_FULL_TEST to run
test fixture_test_o1::assert_inspect_mut_ref_wado ... ignored, set CI/WADO_FULL_TEST to run
test fixture_test_o1::assert_inspect_ref_wado ... ignored, set CI/WADO_FULL_TEST to run
test fixture_test_o1::assert_inspect_string_wado ... ignored, set CI/WADO_FULL_TEST to run
test fixture_test_o1::assert_inspect_struct_wado ... ignored, set CI/WADO_FULL_TEST to run
test fixture_test_o1::assert_inspect_variant_wado ... ignored, set CI/WADO_FULL_TEST to run
test fixture_test_o1::assert_pass_wado ... ignored, set CI/WADO_FULL_TEST to run
test fixture_test_o1::assert_truncate_string_wado ... ignored, set CI/WADO_FULL_TEST to run
test fixture_test_o1::assoc_projection_method_compose_wado ... ignored, set CI/WADO_FULL_TEST to run
test fixture_test_o1::assoc_type_generic_param_projection_wado ... ignored, set CI/WADO_FULL_TEST to run
test fixture_test_o1::assoc_type_projection_struct_field_wado ... ignored, set CI/WADO_FULL_TEST to run
test fixture_test_o1::associated_const_wado ... ignored, set CI/WADO_FULL_TEST to run
test fixture_test_o1::associated_type_1_wado ... ignored, set CI/WADO_FULL_TEST to run
test fixture_test_o1::associated_type_2_wado ... ignored, set CI/WADO_FULL_TEST to run
test fixture_test_o1::auto_deref_template_wado ... ignored, set CI/WADO_FULL_TEST to run
test fixture_test_o1::auto_deref_wado ... ignored, set CI/WADO_FULL_TEST to run
test fixture_test_o1::bind_error_duplicate_in_scope_wado ... ignored, set CI/WADO_FULL_TEST to run
test fixture_test_o1::bind_error_module_wado ... ignored, set CI/WADO_FULL_TEST to run
test fixture_test_o1::bind_error_use_before_define_wado ... ignored, set CI/WADO_FULL_TEST to run
test fixture_test_o1::bitwise_merged_wado ... ignored, set CI/WADO_FULL_TEST to run
test fixture_test_o1::bug_copy_prop_method_array_literal_arg_wado ... ignored, set CI/WADO_FULL_TEST to run
test fixture_test_o1::bug_copy_prop_mut_param_rebind_wado ... ignored, set CI/WADO_FULL_TEST to run
test fixture_test_o1::bug_mut_ref_after_continue_wado ... ignored, set CI/WADO_FULL_TEST to run
test fixture_test_o1::bug_store_load_forward_mut_method_receiver_wado ... ignored, set CI/WADO_FULL_TEST to run
test fixture_test_o1::builtin_v128_load_store_wado ... ignored, set CI/WADO_FULL_TEST to run
test fixture_test_o1::callable_expr_arg_type_error_wado ... ignored, set CI/WADO_FULL_TEST to run
test fixture_test_o1::callable_expr_arity_error_wado ... ignored, set CI/WADO_FULL_TEST to run
test fixture_test_o1::callable_expr_not_callable_error_wado ... ignored, set CI/WADO_FULL_TEST to run
test fixture_test_o1::callable_expr_wado ... ignored, set CI/WADO_FULL_TEST to run
test fixture_test_o1::cast_deref_precedence_wado ... ignored, set CI/WADO_FULL_TEST to run
test fixture_test_o1::cast_int64_to_int_wado ... ignored, set CI/WADO_FULL_TEST to run
test fixture_test_o1::char_cast_from_i32_error_wado ... ignored, set CI/WADO_FULL_TEST to run
test fixture_test_o1::char_cast_from_i8_error_wado ... ignored, set CI/WADO_FULL_TEST to run
test fixture_test_o1::char_cast_from_u32_error_wado ... ignored, set CI/WADO_FULL_TEST to run
test fixture_test_o1::char_cast_to_f64_error_wado ... ignored, set CI/WADO_FULL_TEST to run
test fixture_test_o1::char_cast_wado ... ignored, set CI/WADO_FULL_TEST to run
test fixture_test_o1::cli_args_wado ... ignored, set CI/WADO_FULL_TEST to run
test fixture_test_o1::cli_eprint_wado ... ignored, set CI/WADO_FULL_TEST to run
test fixture_test_o1::cli_print_wado ... ignored, set CI/WADO_FULL_TEST to run
test fixture_test_o1::closure_1_wado ... ignored, set CI/WADO_FULL_TEST to run
test fixture_test_o1::closure_2_wado ... ignored, set CI/WADO_FULL_TEST to run
test fixture_test_o1::closure_3_wado ... ignored, set CI/WADO_FULL_TEST to run
test fixture_test_o1::closure_auto_capture_mut_wado ... ignored, set CI/WADO_FULL_TEST to run
test fixture_test_o1::closure_bound_with_multi_effect_wado ... ignored, set CI/WADO_FULL_TEST to run
test fixture_test_o1::closure_cm_boundary_import_error_wado ... ignored, set CI/WADO_FULL_TEST to run
test fixture_test_o1::closure_cm_boundary_imported_struct_error_wado ... ignored, set CI/WADO_FULL_TEST to run
test fixture_test_o1::closure_cm_boundary_param_error_wado ... ignored, set CI/WADO_FULL_TEST to run
test fixture_test_o1::closure_cm_boundary_return_error_wado ... ignored, set CI/WADO_FULL_TEST to run
test fixture_test_o1::closure_cm_boundary_struct_field_error_wado ... ignored, set CI/WADO_FULL_TEST to run
test fixture_test_o1::closure_cm_boundary_variant_payload_error_wado ... ignored, set CI/WADO_FULL_TEST to run
test fixture_test_o1::closure_effect_generic_wado ... ignored, set CI/WADO_FULL_TEST to run
test fixture_test_o1::closure_escapes_effect_todo_wado ... ignored, set CI/WADO_FULL_TEST to run
test fixture_test_o1::closure_field_mutation_wado ... ignored, set CI/WADO_FULL_TEST to run
test fixture_test_o1::closure_fn_bound_with_effect_param_wado ... ignored, set CI/WADO_FULL_TEST to run
test fixture_test_o1::closure_fn_bound_with_regular_type_param_wado ... ignored, set CI/WADO_FULL_TEST to run
test fixture_test_o1::closure_fn_mut_basic_wado ... ignored, set CI/WADO_FULL_TEST to run
test fixture_test_o1::closure_for_loop_mutation_wado ... ignored, set CI/WADO_FULL_TEST to run
test fixture_test_o1::closure_generic_bound_fn_wado ... ignored, set CI/WADO_FULL_TEST to run
test fixture_test_o1::closure_iflet_template_collision_wado ... ignored, set CI/WADO_FULL_TEST to run
test fixture_test_o1::closure_iterator_effectful_wado ... ignored, set CI/WADO_FULL_TEST to run
test fixture_test_o1::closure_iterator_fn_mut_wado ... ignored, set CI/WADO_FULL_TEST to run
test fixture_test_o1::closure_match_body_mutation_wado ... ignored, set CI/WADO_FULL_TEST to run
test fixture_test_o1::closure_method_fn_bound_wado ... ignored, set CI/WADO_FULL_TEST to run
test fixture_test_o1::closure_mut_binding_required_error_wado ... ignored, set CI/WADO_FULL_TEST to run
test fixture_test_o1::closure_mut_binding_required_via_field_error_wado ... ignored, set CI/WADO_FULL_TEST to run
test fixture_test_o1::closure_mut_binding_required_via_index_error_wado ... ignored, set CI/WADO_FULL_TEST to run
test fixture_test_o1::closure_mut_binding_required_via_index_field_error_wado ... ignored, set CI/WADO_FULL_TEST to run
test fixture_test_o1::closure_mut_binding_required_via_nested_field_error_wado ... ignored, set CI/WADO_FULL_TEST to run
test fixture_test_o1::closure_mut_binding_temporary_root_wado ... ignored, set CI/WADO_FULL_TEST to run
test fixture_test_o1::closure_mut_binding_via_field_wado ... ignored, set CI/WADO_FULL_TEST to run
test fixture_test_o1::closure_mut_binding_via_index_wado ... ignored, set CI/WADO_FULL_TEST to run
test fixture_test_o1::closure_mut_param_required_error_wado ... ignored, set CI/WADO_FULL_TEST to run
test fixture_test_o1::closure_nested_literal_wado ... ignored, set CI/WADO_FULL_TEST to run
test fixture_test_o1::closure_param_pattern_temp_wado ... ignored, set CI/WADO_FULL_TEST to run
test fixture_test_o1::closure_subtyping_fn_mut_to_fn_error_wado ... ignored, set CI/WADO_FULL_TEST to run
test fixture_test_o1::closure_subtyping_fn_to_fn_mut_wado ... ignored, set CI/WADO_FULL_TEST to run
test fixture_test_o1::closure_template_local_collision_wado ... ignored, set CI/WADO_FULL_TEST to run
test fixture_test_o1::cm_error_context_wado ... ignored, set CI/WADO_FULL_TEST to run
test fixture_test_o1::cm_future_partial_use_destructure_wado ... ignored, set CI/WADO_FULL_TEST to run
test fixture_test_o1::cm_future_read_cli_wado ... ignored, set CI/WADO_FULL_TEST to run
test fixture_test_o1::cm_future_read_wado ... ignored, set CI/WADO_FULL_TEST to run
test fixture_test_o1::cm_stream_read_record_in_branch_wado ... ignored, set CI/WADO_FULL_TEST to run
test fixture_test_o1::cm_subtask_join_wado ... ignored, set CI/WADO_FULL_TEST to run
test fixture_test_o1::cm_waitable_set_new_wado ... ignored, set CI/WADO_FULL_TEST to run
test fixture_test_o1::cm_waitable_set_poll_wado ... ignored, set CI/WADO_FULL_TEST to run
test fixture_test_o1::coerce_float_literal_args_wado ... ignored, set CI/WADO_FULL_TEST to run
test fixture_test_o1::coerce_float_literal_let_wado ... ignored, set CI/WADO_FULL_TEST to run
test fixture_test_o1::coerce_float_literal_return_wado ... ignored, set CI/WADO_FULL_TEST to run
test fixture_test_o1::coerce_float_wado ... ignored, set CI/WADO_FULL_TEST to run
test fixture_test_o1::coerce_i128_u128_wado ... ignored, set CI/WADO_FULL_TEST to run
test fixture_test_o1::coerce_int_1_wado ... ignored, set CI/WADO_FULL_TEST to run
test fixture_test_o1::coerce_int_2_wado ... ignored, set CI/WADO_FULL_TEST to run
test fixture_test_o1::coerce_int_3_wado ... ignored, set CI/WADO_FULL_TEST to run
test fixture_test_o1::coerce_int_4_wado ... ignored, set CI/WADO_FULL_TEST to run
test fixture_test_o1::coerce_invalid_i128_hex_overflow_wado ... ignored, set CI/WADO_FULL_TEST to run
test fixture_test_o1::coerce_invalid_i128_overflow_wado ... ignored, set CI/WADO_FULL_TEST to run
test fixture_test_o1::coerce_invalid_i128_underflow_wado ... ignored, set CI/WADO_FULL_TEST to run
test fixture_test_o1::coerce_invalid_i16_hex_overflow_wado ... ignored, set CI/WADO_FULL_TEST to run
test fixture_test_o1::coerce_invalid_i16_overflow_wado ... ignored, set CI/WADO_FULL_TEST to run
test fixture_test_o1::coerce_invalid_i16_underflow_wado ... ignored, set CI/WADO_FULL_TEST to run
test fixture_test_o1::coerce_invalid_i32_binary_overflow_wado ... ignored, set CI/WADO_FULL_TEST to run
test fixture_test_o1::coerce_invalid_i32_hex_bit_pattern_wado ... ignored, set CI/WADO_FULL_TEST to run
test fixture_test_o1::coerce_invalid_i32_hex_overflow_wado ... ignored, set CI/WADO_FULL_TEST to run
test fixture_test_o1::coerce_invalid_i32_octal_overflow_wado ... ignored, set CI/WADO_FULL_TEST to run
test fixture_test_o1::coerce_invalid_i32_overflow_wado ... ignored, set CI/WADO_FULL_TEST to run
test fixture_test_o1::coerce_invalid_i32_underflow_wado ... ignored, set CI/WADO_FULL_TEST to run
test fixture_test_o1::coerce_invalid_i64_hex_bit_pattern_wado ... ignored, set CI/WADO_FULL_TEST to run
test fixture_test_o1::coerce_invalid_i64_overflow_wado ... ignored, set CI/WADO_FULL_TEST to run
test fixture_test_o1::coerce_invalid_i8_binary_overflow_wado ... ignored, set CI/WADO_FULL_TEST to run
test fixture_test_o1::coerce_invalid_i8_hex_overflow_wado ... ignored, set CI/WADO_FULL_TEST to run
test fixture_test_o1::coerce_invalid_i8_octal_overflow_wado ... ignored, set CI/WADO_FULL_TEST to run
test fixture_test_o1::coerce_invalid_i8_overflow_wado ... ignored, set CI/WADO_FULL_TEST to run
test fixture_test_o1::coerce_invalid_i8_underflow_wado ... ignored, set CI/WADO_FULL_TEST to run
test fixture_test_o1::coerce_invalid_u128_hex_overflow_wado ... ignored, set CI/WADO_FULL_TEST to run
test fixture_test_o1::coerce_invalid_u128_overflow_wado ... ignored, set CI/WADO_FULL_TEST to run
test fixture_test_o1::coerce_invalid_u16_negative_wado ... ignored, set CI/WADO_FULL_TEST to run
test fixture_test_o1::coerce_invalid_u16_overflow_wado ... ignored, set CI/WADO_FULL_TEST to run
test fixture_test_o1::coerce_invalid_u32_negative_wado ... ignored, set CI/WADO_FULL_TEST to run
test fixture_test_o1::coerce_invalid_u32_overflow_wado ... ignored, set CI/WADO_FULL_TEST to run
test fixture_test_o1::coerce_invalid_u64_negative_wado ... ignored, set CI/WADO_FULL_TEST to run
test fixture_test_o1::coerce_invalid_u8_negative_wado ... ignored, set CI/WADO_FULL_TEST to run
test fixture_test_o1::coerce_invalid_u8_overflow_wado ... ignored, set CI/WADO_FULL_TEST to run
test fixture_test_o1::coerce_match_arm_wado ... ignored, set CI/WADO_FULL_TEST to run
test fixture_test_o1::coerce_struct_field_wado ... ignored, set CI/WADO_FULL_TEST to run
test fixture_test_o1::cold_path_fallthrough_wado ... ignored, set CI/WADO_FULL_TEST to run
test fixture_test_o1::cold_path_wado ... ignored, set CI/WADO_FULL_TEST to run
test fixture_test_o1::comparison_chain_side_effects_wado ... ignored, set CI/WADO_FULL_TEST to run
test fixture_test_o1::compiler_item_attr_unknown_name_rejected_wado ... ignored, set CI/WADO_FULL_TEST to run
test fixture_test_o1::compiler_item_attr_user_module_rejected_wado ... ignored, set CI/WADO_FULL_TEST to run
test fixture_test_o1::compound_assign_basic_wado ... ignored, set CI/WADO_FULL_TEST to run
test fixture_test_o1::concrete_impl_inherent_wado ... ignored, set CI/WADO_FULL_TEST to run
test fixture_test_o1::concrete_impl_method_generics_wado ... ignored, set CI/WADO_FULL_TEST to run
test fixture_test_o1::concrete_impl_nested_generic_wado ... ignored, set CI/WADO_FULL_TEST to run
test fixture_test_o1::concrete_impl_nested_wrong_wado ... ignored, set CI/WADO_FULL_TEST to run
test fixture_test_o1::concrete_impl_param_name_collision_wado ... ignored, set CI/WADO_FULL_TEST to run
test fixture_test_o1::concrete_impl_trait_wado ... ignored, set CI/WADO_FULL_TEST to run
test fixture_test_o1::concrete_impl_wrong_instantiation_wado ... ignored, set CI/WADO_FULL_TEST to run
test fixture_test_o1::condition_implication_field_chain_bound_wado ... ignored, set CI/WADO_FULL_TEST to run
test fixture_test_o1::condition_implication_stale_def_soundness_wado ... ignored, set CI/WADO_FULL_TEST to run
test fixture_test_o1::const_fold_wado ... ignored, set CI/WADO_FULL_TEST to run
test fixture_test_o1::const_global_dedup_refeq_wado ... ignored, set CI/WADO_FULL_TEST to run
test fixture_test_o1::const_global_dedup_wado ... ignored, set CI/WADO_FULL_TEST to run
test fixture_test_o1::const_global_entry_wado ... ignored, set CI/WADO_FULL_TEST to run
test fixture_test_o1::const_global_object_wado ... ignored, set CI/WADO_FULL_TEST to run
test fixture_test_o1::const_global_scalar_read_wado ... ignored, set CI/WADO_FULL_TEST to run
test fixture_test_o1::const_object_globalization_wado ... ignored, set CI/WADO_FULL_TEST to run
test fixture_test_o1::contextual_keyword_wado ... ignored, set CI/WADO_FULL_TEST to run
test fixture_test_o1::copy_prop_mutable_source_wado ... ignored, set CI/WADO_FULL_TEST to run
test fixture_test_o1::copy_prop_struct_method_mut_self_wado ... ignored, set CI/WADO_FULL_TEST to run
test fixture_test_o1::cross_destruct_patterns_wado ... ignored, set CI/WADO_FULL_TEST to run
test fixture_test_o1::cross_module_generic_deep_wado ... ignored, set CI/WADO_FULL_TEST to run
test fixture_test_o1::cross_module_generic_helper_wado ... ignored, set CI/WADO_FULL_TEST to run
test fixture_test_o1::cross_module_generic_import_wado ... ignored, set CI/WADO_FULL_TEST to run
test fixture_test_o1::cross_module_same_name_effect_aliased_wado ... ignored, set CI/WADO_FULL_TEST to run
test fixture_test_o1::cross_module_same_name_effect_wado ... ignored, set CI/WADO_FULL_TEST to run
test fixture_test_o1::cross_module_same_name_enum_wado ... ignored, set CI/WADO_FULL_TEST to run
test fixture_test_o1::cross_module_same_name_flags_wado ... ignored, set CI/WADO_FULL_TEST to run
test fixture_test_o1::cross_module_same_name_fn_infer_wado ... ignored, set CI/WADO_FULL_TEST to run
test fixture_test_o1::cross_module_same_name_fn_wado ... ignored, set CI/WADO_FULL_TEST to run
test fixture_test_o1::cross_module_same_name_foreign_impl_wado ... ignored, set CI/WADO_FULL_TEST to run
test fixture_test_o1::cross_module_same_name_generic_wado ... ignored, set CI/WADO_FULL_TEST to run
test fixture_test_o1::cross_module_same_name_inspect_wado ... ignored, set CI/WADO_FULL_TEST to run
test fixture_test_o1::cross_module_same_name_method_wado ... ignored, set CI/WADO_FULL_TEST to run
test fixture_test_o1::cross_module_same_name_newtype_wado ... ignored, set CI/WADO_FULL_TEST to run
test fixture_test_o1::cross_module_same_name_resource_wado ... ignored, set CI/WADO_FULL_TEST to run
test fixture_test_o1::cross_module_same_name_static_wado ... ignored, set CI/WADO_FULL_TEST to run
test fixture_test_o1::cross_module_same_name_struct_iter_wado ... ignored, set CI/WADO_FULL_TEST to run
test fixture_test_o1::cross_module_same_name_struct_wado ... ignored, set CI/WADO_FULL_TEST to run
test fixture_test_o1::cross_module_same_name_trait_direct_wado ... ignored, set CI/WADO_FULL_TEST to run
test fixture_test_o1::cross_module_same_name_trait_wado ... ignored, set CI/WADO_FULL_TEST to run
test fixture_test_o1::cross_module_same_name_variant_iflet_wado ... ignored, set CI/WADO_FULL_TEST to run
test fixture_test_o1::cross_module_same_name_variant_match_arms_wado ... ignored, set CI/WADO_FULL_TEST to run
test fixture_test_o1::cross_module_same_name_variant_wado ... ignored, set CI/WADO_FULL_TEST to run
test fixture_test_o1::cross_module_same_name_world_wado ... ignored, set CI/WADO_FULL_TEST to run
test fixture_test_o1::cross_module_struct_field_type_wado ... ignored, set CI/WADO_FULL_TEST to run
test fixture_test_o1::cross_module_struct_tuple_field_wado ... ignored, set CI/WADO_FULL_TEST to run
test fixture_test_o1::cross_module_treemap_variant_wado ... ignored, set CI/WADO_FULL_TEST to run
test fixture_test_o1::cross_module_type_identity_wado ... ignored, set CI/WADO_FULL_TEST to run
test fixture_test_o1::cross_module_undefined_struct_in_array_wado ... ignored, set CI/WADO_FULL_TEST to run
test fixture_test_o1::cross_module_undefined_struct_wado ... ignored, set CI/WADO_FULL_TEST to run
test fixture_test_o1::cross_module_variant_iter_wado ... ignored, set CI/WADO_FULL_TEST to run
test fixture_test_o1::dce_bytes_literals_wado ... ignored, set CI/WADO_FULL_TEST to run
test fixture_test_o1::dce_closure_functor_cross_module_wado ... ignored, set CI/WADO_FULL_TEST to run
test fixture_test_o1::dce_closure_functor_wado ... ignored, set CI/WADO_FULL_TEST to run
test fixture_test_o1::default_arg_basic_wado ... ignored, set CI/WADO_FULL_TEST to run
test fixture_test_o1::default_arg_closure_rejected_error_wado ... ignored, set CI/WADO_FULL_TEST to run
test fixture_test_o1::default_arg_effectful_default_error_wado ... ignored, set CI/WADO_FULL_TEST to run
test fixture_test_o1::default_arg_enum_variant_wado ... ignored, set CI/WADO_FULL_TEST to run
test fixture_test_o1::default_arg_export_fn_rejected_error_wado ... ignored, set CI/WADO_FULL_TEST to run
test fixture_test_o1::default_arg_fn_type_erases_wado ... ignored, set CI/WADO_FULL_TEST to run
test fixture_test_o1::default_arg_generic_method_wado ... ignored, set CI/WADO_FULL_TEST to run
test fixture_test_o1::default_arg_method_refers_earlier_param_wado ... ignored, set CI/WADO_FULL_TEST to run
test fixture_test_o1::default_arg_method_wado ... ignored, set CI/WADO_FULL_TEST to run
test fixture_test_o1::default_arg_non_trailing_error_wado ... ignored, set CI/WADO_FULL_TEST to run
test fixture_test_o1::default_arg_private_item_wado ... ignored, set CI/WADO_FULL_TEST to run
test fixture_test_o1::default_arg_pure_call_wado ... ignored, set CI/WADO_FULL_TEST to run
test fixture_test_o1::default_arg_refers_earlier_param_wado ... ignored, set CI/WADO_FULL_TEST to run
test fixture_test_o1::default_arg_trait_impl_redeclare_error_wado ... ignored, set CI/WADO_FULL_TEST to run
test fixture_test_o1::default_arg_trait_method_wado ... ignored, set CI/WADO_FULL_TEST to run
test fixture_test_o1::default_field_auto_derive_default_wado ... ignored, set CI/WADO_FULL_TEST to run
test fixture_test_o1::default_field_auto_derive_partial_error_wado ... ignored, set CI/WADO_FULL_TEST to run
test fixture_test_o1::default_field_auto_derive_user_impl_wins_wado ... ignored, set CI/WADO_FULL_TEST to run
test fixture_test_o1::default_field_basic_wado ... ignored, set CI/WADO_FULL_TEST to run
test fixture_test_o1::default_field_effectful_default_error_wado ... ignored, set CI/WADO_FULL_TEST to run
test fixture_test_o1::default_field_omit_earlier_wado ... ignored, set CI/WADO_FULL_TEST to run
test fixture_test_o1::default_field_private_omitted_ok_wado ... ignored, set CI/WADO_FULL_TEST to run
test fixture_test_o1::default_field_private_set_error_wado ... ignored, set CI/WADO_FULL_TEST to run
test fixture_test_o1::default_field_required_missing_error_wado ... ignored, set CI/WADO_FULL_TEST to run
test fixture_test_o1::default_field_serde_default_wado ... ignored, set CI/WADO_FULL_TEST to run
test fixture_test_o1::default_field_struct_in_struct_wado ... ignored, set CI/WADO_FULL_TEST to run
test fixture_test_o1::default_field_variant_payload_ref_match_wado ... ignored, set CI/WADO_FULL_TEST to run
test fixture_test_o1::default_trait_wado ... ignored, set CI/WADO_FULL_TEST to run
test fixture_test_o1::default_type_params_wado ... ignored, set CI/WADO_FULL_TEST to run
test fixture_test_o1::dict_mini_wado ... ignored, set CI/WADO_FULL_TEST to run
test fixture_test_o1::display_1_wado ... ignored, set CI/WADO_FULL_TEST to run
test fixture_test_o1::display_2_wado ... ignored, set CI/WADO_FULL_TEST to run
test fixture_test_o1::display_unit_wado ... ignored, set CI/WADO_FULL_TEST to run
test fixture_test_o1::divergent_body_skips_missing_return_wado ... ignored, set CI/WADO_FULL_TEST to run
test fixture_test_o1::effect_1_wado ... ignored, set CI/WADO_FULL_TEST to run
test fixture_test_o1::effect_2_wado ... ignored, set CI/WADO_FULL_TEST to run
test fixture_test_o1::effect_benign_multi_wado ... ignored, set CI/WADO_FULL_TEST to run
test fixture_test_o1::effect_benign_scoped_error_wado ... ignored, set CI/WADO_FULL_TEST to run
test fixture_test_o1::effect_benign_suppresses_wado ... ignored, set CI/WADO_FULL_TEST to run
test fixture_test_o1::effect_check_method_wado ... ignored, set CI/WADO_FULL_TEST to run
test fixture_test_o1::effect_check_missing_wado ... ignored, set CI/WADO_FULL_TEST to run
test fixture_test_o1::effect_check_static_method_wado ... ignored, set CI/WADO_FULL_TEST to run
test fixture_test_o1::effect_generic_with_handler_error_wado ... ignored, set CI/WADO_FULL_TEST to run
test fixture_test_o1::effect_handler_break_label_cross_wado ... ignored, set CI/WADO_FULL_TEST to run
test fixture_test_o1::effect_handler_bundled_mixed_wado ... ignored, set CI/WADO_FULL_TEST to run
test fixture_test_o1::effect_handler_bundled_no_effect_wado ... ignored, set CI/WADO_FULL_TEST to run
test fixture_test_o1::effect_handler_bundled_type_param_rejected_wado ... ignored, set CI/WADO_FULL_TEST to run
test fixture_test_o1::effect_handler_bundled_value_wado ... ignored, set CI/WADO_FULL_TEST to run
test fixture_test_o1::effect_handler_bundled_wado ... ignored, set CI/WADO_FULL_TEST to run
test fixture_test_o1::effect_handler_continue_cross_wado ... ignored, set CI/WADO_FULL_TEST to run
test fixture_test_o1::effect_handler_cross_function_wado ... ignored, set CI/WADO_FULL_TEST to run
test fixture_test_o1::effect_handler_early_return_wado ... ignored, set CI/WADO_FULL_TEST to run
test fixture_test_o1::effect_handler_inner_break_wado ... ignored, set CI/WADO_FULL_TEST to run
test fixture_test_o1::effect_handler_mut_self_alias_wado ... ignored, set CI/WADO_FULL_TEST to run
test fixture_test_o1::effect_handler_nested_same_wado ... ignored, set CI/WADO_FULL_TEST to run
test fixture_test_o1::effect_handler_resource_fields_wado ... ignored, set CI/WADO_FULL_TEST to run
test fixture_test_o1::effect_handler_resource_future_wado ... ignored, set CI/WADO_FULL_TEST to run
test fixture_test_o1::effect_handler_resource_stream_self_delegation_wado ... ignored, set CI/WADO_FULL_TEST to run
test fixture_test_o1::effect_handler_resource_stream_wado ... ignored, set CI/WADO_FULL_TEST to run
test fixture_test_o1::effect_handler_resume_wado ... ignored, set CI/WADO_FULL_TEST to run
test fixture_test_o1::effect_handler_self_delegation_wado ... ignored, set CI/WADO_FULL_TEST to run
test fixture_test_o1::effect_handler_value_form_wado ... ignored, set CI/WADO_FULL_TEST to run
test fixture_test_o1::effect_handler_with_do_wado ... ignored, set CI/WADO_FULL_TEST to run
test fixture_test_o1::effect_indirect_call_error_wado ... ignored, set CI/WADO_FULL_TEST to run
test fixture_test_o1::effect_polymorphism_error_wado ... ignored, set CI/WADO_FULL_TEST to run
test fixture_test_o1::effect_polymorphism_multi_param_error_wado ... ignored, set CI/WADO_FULL_TEST to run
test fixture_test_o1::effect_propagation_effect_param_wado ... ignored, set CI/WADO_FULL_TEST to run
test fixture_test_o1::effect_propagation_generic_body_wado ... ignored, set CI/WADO_FULL_TEST to run
test fixture_test_o1::effect_propagation_indirect_wado ... ignored, set CI/WADO_FULL_TEST to run
test fixture_test_o1::effect_propagation_missing_wado ... ignored, set CI/WADO_FULL_TEST to run
test fixture_test_o1::effect_propagation_signature_async_return_wado ... ignored, set CI/WADO_FULL_TEST to run
test fixture_test_o1::effect_propagation_signature_nested_wado ... ignored, set CI/WADO_FULL_TEST to run
test fixture_test_o1::effect_propagation_signature_newtype_wado ... ignored, set CI/WADO_FULL_TEST to run
test fixture_test_o1::effect_propagation_signature_param_wado ... ignored, set CI/WADO_FULL_TEST to run
test fixture_test_o1::effect_propagation_signature_return_wado ... ignored, set CI/WADO_FULL_TEST to run
test fixture_test_o1::effect_propagation_signature_transitive_wado ... ignored, set CI/WADO_FULL_TEST to run
test fixture_test_o1::effect_propagation_stdout_stream_wado ... ignored, set CI/WADO_FULL_TEST to run
test fixture_test_o1::effect_propagation_struct_field_wado ... ignored, set CI/WADO_FULL_TEST to run
test fixture_test_o1::effect_propagation_transitive_wado ... ignored, set CI/WADO_FULL_TEST to run
test fixture_test_o1::effect_propagation_variant_payload_wado ... ignored, set CI/WADO_FULL_TEST to run
test fixture_test_o1::effect_resource_decl_accepted_wado ... ignored, set CI/WADO_FULL_TEST to run
test fixture_test_o1::effect_resource_declared_wado ... ignored, set CI/WADO_FULL_TEST to run
test fixture_test_o1::effect_resource_missing_wado ... ignored, set CI/WADO_FULL_TEST to run
test fixture_test_o1::enum_construct_basic_wado ... ignored, set CI/WADO_FULL_TEST to run
test fixture_test_o1::enum_display_basic_wado ... ignored, set CI/WADO_FULL_TEST to run
test fixture_test_o1::enum_display_template_wado ... ignored, set CI/WADO_FULL_TEST to run
test fixture_test_o1::enum_eq_ord_wado ... ignored, set CI/WADO_FULL_TEST to run
test fixture_test_o1::enum_impl_basic_wado ... ignored, set CI/WADO_FULL_TEST to run
test fixture_test_o1::enum_match_basic_wado ... ignored, set CI/WADO_FULL_TEST to run
test fixture_test_o1::enum_match_if_let_wado ... ignored, set CI/WADO_FULL_TEST to run
test fixture_test_o1::eprintln_then_trap_wado ... ignored, set CI/WADO_FULL_TEST to run
test fixture_test_o1::eq_null_inference_wado ... ignored, set CI/WADO_FULL_TEST to run
test fixture_test_o1::error_extra_arg_wado ... ignored, set CI/WADO_FULL_TEST to run
test fixture_test_o1::error_extra_struct_field_wado ... ignored, set CI/WADO_FULL_TEST to run
test fixture_test_o1::error_for_of_no_into_iterator_wado ... ignored, set CI/WADO_FULL_TEST to run
test fixture_test_o1::error_for_of_no_iterator_wado ... ignored, set CI/WADO_FULL_TEST to run
test fixture_test_o1::error_generic_static_method_as_instance_wado ... ignored, set CI/WADO_FULL_TEST to run
test fixture_test_o1::error_missing_arg_wado ... ignored, set CI/WADO_FULL_TEST to run
test fixture_test_o1::error_missing_struct_field_wado ... ignored, set CI/WADO_FULL_TEST to run
test fixture_test_o1::error_refutable_let_bool_wado ... ignored, set CI/WADO_FULL_TEST to run
test fixture_test_o1::error_refutable_let_literal_wado ... ignored, set CI/WADO_FULL_TEST to run
test fixture_test_o1::error_refutable_let_variant_wado ... ignored, set CI/WADO_FULL_TEST to run
test fixture_test_o1::error_static_method_as_instance_wado ... ignored, set CI/WADO_FULL_TEST to run
test fixture_test_o1::error_task_return_non_async_wado ... ignored, set CI/WADO_FULL_TEST to run
test fixture_test_o1::error_type_param_omission_two_t_method_mismatch_wado ... ignored, set CI/WADO_FULL_TEST to run
test fixture_test_o1::error_type_param_omission_two_t_mismatch_wado ... ignored, set CI/WADO_FULL_TEST to run
test fixture_test_o1::error_type_param_omission_two_t_static_mismatch_wado ... ignored, set CI/WADO_FULL_TEST to run
test fixture_test_o1::error_type_param_omission_two_t_string_int_mismatch_wado ... ignored, set CI/WADO_FULL_TEST to run
test fixture_test_o1::error_undefined_free_fn_wado ... ignored, set CI/WADO_FULL_TEST to run
test fixture_test_o1::error_undefined_method_wado ... ignored, set CI/WADO_FULL_TEST to run
test fixture_test_o1::error_undefined_static_method_wado ... ignored, set CI/WADO_FULL_TEST to run
test fixture_test_o1::error_uninferable_fn_type_param_wado ... ignored, set CI/WADO_FULL_TEST to run
test fixture_test_o1::escape_brace_wado ... ignored, set CI/WADO_FULL_TEST to run
test fixture_test_o1::export_param_count_mismatch_wado ... ignored, set CI/WADO_FULL_TEST to run
test fixture_test_o1::export_required_for_run_wado ... ignored, set CI/WADO_FULL_TEST to run
test fixture_test_o1::export_return_type_mismatch_wado ... ignored, set CI/WADO_FULL_TEST to run
test fixture_test_o1::field_forward_alias_group_invalidates_wado ... ignored, set CI/WADO_FULL_TEST to run
test fixture_test_o1::field_forward_dedup_state_via_mut_ref_wado ... ignored, set CI/WADO_FULL_TEST to run
test fixture_test_o1::field_forward_snapshot_after_mutation_wado ... ignored, set CI/WADO_FULL_TEST to run
test fixture_test_o1::field_forward_struct_capture_invalidates_wado ... ignored, set CI/WADO_FULL_TEST to run
test fixture_test_o1::flags_arith_add_wado ... ignored, set CI/WADO_FULL_TEST to run
test fixture_test_o1::flags_arith_div_wado ... ignored, set CI/WADO_FULL_TEST to run
test fixture_test_o1::flags_arith_mod_wado ... ignored, set CI/WADO_FULL_TEST to run
test fixture_test_o1::flags_arith_mul_wado ... ignored, set CI/WADO_FULL_TEST to run
test fixture_test_o1::flags_arith_sub_wado ... ignored, set CI/WADO_FULL_TEST to run
test fixture_test_o1::flags_basic_wado ... ignored, set CI/WADO_FULL_TEST to run
test fixture_test_o1::flags_generic_trait_dispatch_wado ... ignored, set CI/WADO_FULL_TEST to run
test fixture_test_o1::flags_impl_wado ... ignored, set CI/WADO_FULL_TEST to run
test fixture_test_o1::float_mod_error_wado ... ignored, set CI/WADO_FULL_TEST to run
test fixture_test_o1::float_to_string_wado ... ignored, set CI/WADO_FULL_TEST to run
test fixture_test_o1::fn_ref_bare_to_ref_param_error_wado ... ignored, set CI/WADO_FULL_TEST to run
test fixture_test_o1::fn_ref_cross_module_alias_wado ... ignored, set CI/WADO_FULL_TEST to run
test fixture_test_o1::fn_ref_cross_module_newtype_wado ... ignored, set CI/WADO_FULL_TEST to run
test fixture_test_o1::fn_ref_cross_module_wado ... ignored, set CI/WADO_FULL_TEST to run
test fixture_test_o1::fn_ref_generic_alias_wado ... ignored, set CI/WADO_FULL_TEST to run
test fixture_test_o1::fn_ref_generic_arity_mismatch_error_wado ... ignored, set CI/WADO_FULL_TEST to run
test fixture_test_o1::fn_ref_generic_cross_module_wado ... ignored, set CI/WADO_FULL_TEST to run
test fixture_test_o1::fn_ref_generic_double_turbofish_error_wado ... ignored, set CI/WADO_FULL_TEST to run
test fixture_test_o1::fn_ref_generic_error_wado ... ignored, set CI/WADO_FULL_TEST to run
test fixture_test_o1::fn_ref_generic_inferred_wado ... ignored, set CI/WADO_FULL_TEST to run
test fixture_test_o1::fn_ref_generic_outer_wado ... ignored, set CI/WADO_FULL_TEST to run
test fixture_test_o1::fn_ref_generic_ref_wado ... ignored, set CI/WADO_FULL_TEST to run
test fixture_test_o1::fn_ref_generic_self_recursive_wado ... ignored, set CI/WADO_FULL_TEST to run
test fixture_test_o1::fn_ref_generic_turbofish_wado ... ignored, set CI/WADO_FULL_TEST to run
test fixture_test_o1::fn_ref_mut_out_param_wado ... ignored, set CI/WADO_FULL_TEST to run
test fixture_test_o1::fn_ref_parameter_wado ... ignored, set CI/WADO_FULL_TEST to run
test fixture_test_o1::fn_ref_type_mismatch_error_wado ... ignored, set CI/WADO_FULL_TEST to run
test fixture_test_o1::for_merged_wado ... ignored, set CI/WADO_FULL_TEST to run
test fixture_test_o1::for_of_1_wado ... ignored, set CI/WADO_FULL_TEST to run
test fixture_test_o1::for_of_2_wado ... ignored, set CI/WADO_FULL_TEST to run
test fixture_test_o1::for_of_indexed_array_test_wado ... ignored, set CI/WADO_FULL_TEST to run
test fixture_test_o1::for_of_iterator_enumerate_wado ... ignored, set CI/WADO_FULL_TEST to run
test fixture_test_o1::for_of_ref_wado ... ignored, set CI/WADO_FULL_TEST to run
test fixture_test_o1::forof_generic_array_wado ... ignored, set CI/WADO_FULL_TEST to run
test fixture_test_o1::from_char_to_string_wado ... ignored, set CI/WADO_FULL_TEST to run
test fixture_test_o1::from_literal_cast_wado ... ignored, set CI/WADO_FULL_TEST to run
test fixture_test_o1::from_literal_custom_wado ... ignored, set CI/WADO_FULL_TEST to run
test fixture_test_o1::from_literal_enum_concrete_wado ... ignored, set CI/WADO_FULL_TEST to run
test fixture_test_o1::from_literal_error_duplicate_field_wado ... ignored, set CI/WADO_FULL_TEST to run
test fixture_test_o1::from_literal_error_enum_mismatch_wado ... ignored, set CI/WADO_FULL_TEST to run
test fixture_test_o1::from_literal_error_flags_mismatch_wado ... ignored, set CI/WADO_FULL_TEST to run
test fixture_test_o1::from_literal_error_nested_generic_mismatch_wado ... ignored, set CI/WADO_FULL_TEST to run
test fixture_test_o1::from_literal_error_newtype_mismatch_wado ... ignored, set CI/WADO_FULL_TEST to run
test fixture_test_o1::from_literal_error_variant_mismatch_wado ... ignored, set CI/WADO_FULL_TEST to run
test fixture_test_o1::from_literal_flags_concrete_wado ... ignored, set CI/WADO_FULL_TEST to run
test fixture_test_o1::from_literal_fn_arg_wado ... ignored, set CI/WADO_FULL_TEST to run
test fixture_test_o1::from_literal_nested_generic_wado ... ignored, set CI/WADO_FULL_TEST to run
test fixture_test_o1::from_literal_newtype_concrete_wado ... ignored, set CI/WADO_FULL_TEST to run
test fixture_test_o1::from_literal_return_wado ... ignored, set CI/WADO_FULL_TEST to run
test fixture_test_o1::from_literal_variant_concrete_wado ... ignored, set CI/WADO_FULL_TEST to run
test fixture_test_o1::from_numeric_widening_wado ... ignored, set CI/WADO_FULL_TEST to run
test fixture_test_o1::generic_advanced_wado ... ignored, set CI/WADO_FULL_TEST to run
test fixture_test_o1::generic_forward_variant_wado ... ignored, set CI/WADO_FULL_TEST to run
test fixture_test_o1::generic_forward_wado ... ignored, set CI/WADO_FULL_TEST to run
test fixture_test_o1::generic_function_merged_wado ... ignored, set CI/WADO_FULL_TEST to run
test fixture_test_o1::generic_method_merged_wado ... ignored, set CI/WADO_FULL_TEST to run
test fixture_test_o1::generic_struct_1_wado ... ignored, set CI/WADO_FULL_TEST to run
test fixture_test_o1::geometry_wado ... ignored, set CI/WADO_FULL_TEST to run
test fixture_test_o1::global_1_wado ... ignored, set CI/WADO_FULL_TEST to run
test fixture_test_o1::global_2_wado ... ignored, set CI/WADO_FULL_TEST to run
test fixture_test_o1::global_closure_field_wado ... ignored, set CI/WADO_FULL_TEST to run
test fixture_test_o1::global_dce_cross_module_wado ... ignored, set CI/WADO_FULL_TEST to run
test fixture_test_o1::global_dce_wado ... ignored, set CI/WADO_FULL_TEST to run
test fixture_test_o1::global_immutable_assign_wado ... ignored, set CI/WADO_FULL_TEST to run
test fixture_test_o1::global_import_wado ... ignored, set CI/WADO_FULL_TEST to run
test fixture_test_o1::global_multimod_same_name_wado ... ignored, set CI/WADO_FULL_TEST to run
test fixture_test_o1::global_multimod_wado ... ignored, set CI/WADO_FULL_TEST to run
test fixture_test_o1::global_nullable_option_ref_wado ... ignored, set CI/WADO_FULL_TEST to run
test fixture_test_o1::hfs_aliased_local_whole_read_wado ... ignored, set CI/WADO_FULL_TEST to run
test fixture_test_o1::hfs_break_from_scalar_state_commits_wado ... ignored, set CI/WADO_FULL_TEST to run
test fixture_test_o1::hfs_call_as_match_scrutinee_wado ... ignored, set CI/WADO_FULL_TEST to run
test fixture_test_o1::hfs_closure_in_loop_body_wado ... ignored, set CI/WADO_FULL_TEST to run
test fixture_test_o1::hfs_consecutive_mut_calls_no_inter_sync_wado ... ignored, set CI/WADO_FULL_TEST to run
test fixture_test_o1::hfs_duplicate_mut_ref_args_wado ... ignored, set CI/WADO_FULL_TEST to run
test fixture_test_o1::hfs_early_return_with_wrapped_call_wado ... ignored, set CI/WADO_FULL_TEST to run
test fixture_test_o1::hfs_if_condition_call_then_scalar_wado ... ignored, set CI/WADO_FULL_TEST to run
test fixture_test_o1::hfs_if_let_value_non_unit_wado ... ignored, set CI/WADO_FULL_TEST to run
test fixture_test_o1::hfs_inline_arm_mixed_with_call_arm_wado ... ignored, set CI/WADO_FULL_TEST to run
test fixture_test_o1::hfs_inline_break_no_writeback_wado ... ignored, set CI/WADO_FULL_TEST to run
test fixture_test_o1::hfs_match_arm_local_hoisted_out_of_loop_wado ... ignored, set CI/WADO_FULL_TEST to run
test fixture_test_o1::hfs_match_guard_cross_arm_side_effect_wado ... ignored, set CI/WADO_FULL_TEST to run
test fixture_test_o1::hfs_match_guard_with_call_wado ... ignored, set CI/WADO_FULL_TEST to run
test fixture_test_o1::hfs_match_guarded_arm_wado ... ignored, set CI/WADO_FULL_TEST to run
test fixture_test_o1::hfs_match_let_value_non_unit_wado ... ignored, set CI/WADO_FULL_TEST to run
test fixture_test_o1::hfs_match_nested_in_block_wado ... ignored, set CI/WADO_FULL_TEST to run
test fixture_test_o1::hfs_match_scalar_arm_mixed_with_call_arm_wado ... ignored, set CI/WADO_FULL_TEST to run
test fixture_test_o1::hfs_multi_call_in_expression_wado ... ignored, set CI/WADO_FULL_TEST to run
test fixture_test_o1::hfs_nested_loop_iter_n_back_edge_wado ... ignored, set CI/WADO_FULL_TEST to run
test fixture_test_o1::http_200_wado ... ignored, set CI/WADO_FULL_TEST to run
test fixture_test_o1::http_400_wado ... ignored, set CI/WADO_FULL_TEST to run
test fixture_test_o1::http_500_wado ... ignored, set CI/WADO_FULL_TEST to run
test fixture_test_o1::http_base64_decode_wado ... ignored, set CI/WADO_FULL_TEST to run
test fixture_test_o1::http_body_contains_wado ... ignored, set CI/WADO_FULL_TEST to run
test fixture_test_o1::http_client_advanced_wado ... ignored, set CI/WADO_FULL_TEST to run
test fixture_test_o1::http_client_request_full_wado ... ignored, set CI/WADO_FULL_TEST to run
test fixture_test_o1::http_client_send_body_read_wado ... ignored, set CI/WADO_FULL_TEST to run
test fixture_test_o1::http_client_send_error_wado ... ignored, set CI/WADO_FULL_TEST to run
test fixture_test_o1::http_client_send_proxy_wado ... ignored, set CI/WADO_FULL_TEST to run
test fixture_test_o1::http_client_send_simple_wado ... ignored, set CI/WADO_FULL_TEST to run
test fixture_test_o1::http_client_send_with_body_wado ... ignored, set CI/WADO_FULL_TEST to run
test fixture_test_o1::http_drop_unused_request_wado ... ignored, set CI/WADO_FULL_TEST to run
test fixture_test_o1::http_drop_value_block_wado ... ignored, set CI/WADO_FULL_TEST to run
test fixture_test_o1::http_echo_headers_wado ... ignored, set CI/WADO_FULL_TEST to run
test fixture_test_o1::http_error_code_comprehensive_wado ... ignored, set CI/WADO_FULL_TEST to run
test fixture_test_o1::http_error_code_payload_wado ... ignored, set CI/WADO_FULL_TEST to run
test fixture_test_o1::http_error_code_variants_wado ... ignored, set CI/WADO_FULL_TEST to run
test fixture_test_o1::http_error_code_wado ... ignored, set CI/WADO_FULL_TEST to run
test fixture_test_o1::http_export_in_test_world_wado ... ignored, set CI/WADO_FULL_TEST to run
test fixture_test_o1::http_fields_copy_all_wado ... ignored, set CI/WADO_FULL_TEST to run
test fixture_test_o1::http_fields_from_list_error_wado ... ignored, set CI/WADO_FULL_TEST to run
test fixture_test_o1::http_fields_from_list_wado ... ignored, set CI/WADO_FULL_TEST to run
test fixture_test_o1::http_fields_get_and_delete_wado ... ignored, set CI/WADO_FULL_TEST to run
test fixture_test_o1::http_fields_immutable_errors_wado ... ignored, set CI/WADO_FULL_TEST to run
test fixture_test_o1::http_fields_set_wado ... ignored, set CI/WADO_FULL_TEST to run
test fixture_test_o1::http_fields_wado ... ignored, set CI/WADO_FULL_TEST to run
test fixture_test_o1::http_future_new_wado ... ignored, set CI/WADO_FULL_TEST to run
test fixture_test_o1::http_method_and_scheme_variants_wado ... ignored, set CI/WADO_FULL_TEST to run
test fixture_test_o1::http_method_routing_wado ... ignored, set CI/WADO_FULL_TEST to run
test fixture_test_o1::http_middleware_forward_wado ... ignored, set CI/WADO_FULL_TEST to run
test fixture_test_o1::http_request_authority_wado ... ignored, set CI/WADO_FULL_TEST to run
test fixture_test_o1::http_request_headers_wado ... ignored, set CI/WADO_FULL_TEST to run
test fixture_test_o1::http_request_method_delete_wado ... ignored, set CI/WADO_FULL_TEST to run
test fixture_test_o1::http_request_method_get_wado ... ignored, set CI/WADO_FULL_TEST to run
test fixture_test_o1::http_request_method_patch_wado ... ignored, set CI/WADO_FULL_TEST to run
test fixture_test_o1::http_request_method_put_wado ... ignored, set CI/WADO_FULL_TEST to run
test fixture_test_o1::http_request_method_wado ... ignored, set CI/WADO_FULL_TEST to run
test fixture_test_o1::http_request_options_timeouts_wado ... ignored, set CI/WADO_FULL_TEST to run
test fixture_test_o1::http_request_options_wado ... ignored, set CI/WADO_FULL_TEST to run
test fixture_test_o1::http_request_path_wado ... ignored, set CI/WADO_FULL_TEST to run
test fixture_test_o1::http_request_scheme_wado ... ignored, set CI/WADO_FULL_TEST to run
test fixture_test_o1::http_request_setter_errors_wado ... ignored, set CI/WADO_FULL_TEST to run
test fixture_test_o1::http_response_get_headers_wado ... ignored, set CI/WADO_FULL_TEST to run
test fixture_test_o1::http_response_headers_multi_wado ... ignored, set CI/WADO_FULL_TEST to run
test fixture_test_o1::http_response_headers_wado ... ignored, set CI/WADO_FULL_TEST to run
test fixture_test_o1::http_response_ops_wado ... ignored, set CI/WADO_FULL_TEST to run
test fixture_test_o1::http_response_set_status_invalid_wado ... ignored, set CI/WADO_FULL_TEST to run
test fixture_test_o1::http_response_trailers_wado ... ignored, set CI/WADO_FULL_TEST to run
test fixture_test_o1::http_routing_created_wado ... ignored, set CI/WADO_FULL_TEST to run
test fixture_test_o1::http_routing_wado ... ignored, set CI/WADO_FULL_TEST to run
test fixture_test_o1::http_task_return_in_let_block_wado ... ignored, set CI/WADO_FULL_TEST to run
test fixture_test_o1::http_uninit_string_conditional_trap_wado ... ignored, set CI/WADO_FULL_TEST to run
test fixture_test_o1::http_unmatched_async_export_wado ... ignored, set CI/WADO_FULL_TEST to run
test fixture_test_o1::httpbin_404_wado ... ignored, set CI/WADO_FULL_TEST to run
test fixture_test_o1::httpbin_405_wado ... ignored, set CI/WADO_FULL_TEST to run
test fixture_test_o1::httpbin_anything_wado ... ignored, set CI/WADO_FULL_TEST to run
test fixture_test_o1::httpbin_get_wado ... ignored, set CI/WADO_FULL_TEST to run
test fixture_test_o1::httpbin_headers_wado ... ignored, set CI/WADO_FULL_TEST to run
test fixture_test_o1::httpbin_post_wado ... ignored, set CI/WADO_FULL_TEST to run
test fixture_test_o1::httpbin_server_404_wado ... ignored, set CI/WADO_FULL_TEST to run
test fixture_test_o1::httpbin_server_hello_wado ... ignored, set CI/WADO_FULL_TEST to run
test fixture_test_o1::httpbin_status_wado ... ignored, set CI/WADO_FULL_TEST to run
test fixture_test_o1::i64_arithmetic_wado ... ignored, set CI/WADO_FULL_TEST to run
test fixture_test_o1::i64_comparison_literal_wado ... ignored, set CI/WADO_FULL_TEST to run
test fixture_test_o1::i64_to_string_wado ... ignored, set CI/WADO_FULL_TEST to run
test fixture_test_o1::ice_array_iter_into_iterator_wado ... ignored, set CI/WADO_FULL_TEST to run
test fixture_test_o1::ice_treeset_iter_by_ref_wado ... ignored, set CI/WADO_FULL_TEST to run
test fixture_test_o1::ident_merged_wado ... ignored, set CI/WADO_FULL_TEST to run
test fixture_test_o1::if_all_null_branches_error_wado ... ignored, set CI/WADO_FULL_TEST to run
test fixture_test_o1::if_branch_divergent_types_in_expression_position_rejects_wado ... ignored, set CI/WADO_FULL_TEST to run
test fixture_test_o1::if_let_branch_divergent_types_in_expression_position_rejects_wado ... ignored, set CI/WADO_FULL_TEST to run
test fixture_test_o1::if_let_init_scope_wado ... ignored, set CI/WADO_FULL_TEST to run
test fixture_test_o1::if_let_some_ref_from_fn_wado ... ignored, set CI/WADO_FULL_TEST to run
test fixture_test_o1::if_merged_wado ... ignored, set CI/WADO_FULL_TEST to run
test fixture_test_o1::if_no_else_in_expression_position_rejects_wado ... ignored, set CI/WADO_FULL_TEST to run
test fixture_test_o1::if_null_branch_vs_concrete_error_wado ... ignored, set CI/WADO_FULL_TEST to run
test fixture_test_o1::import_from_nested_subdir_wado ... ignored, set CI/WADO_FULL_TEST to run
test fixture_test_o1::import_from_subdir_wado ... ignored, set CI/WADO_FULL_TEST to run
test fixture_test_o1::import_transitive_simple_wado ... ignored, set CI/WADO_FULL_TEST to run
test fixture_test_o1::import_with_dot_segments_wado ... ignored, set CI/WADO_FULL_TEST to run
test fixture_test_o1::include_bytes_basic_wado ... ignored, set CI/WADO_FULL_TEST to run
test fixture_test_o1::include_bytes_not_found_wado ... ignored, set CI/WADO_FULL_TEST to run
test fixture_test_o1::include_bytes_not_string_literal_wado ... ignored, set CI/WADO_FULL_TEST to run
test fixture_test_o1::include_str_basic_wado ... ignored, set CI/WADO_FULL_TEST to run
test fixture_test_o1::include_str_invalid_utf8_wado ... ignored, set CI/WADO_FULL_TEST to run
test fixture_test_o1::include_str_no_parens_wado ... ignored, set CI/WADO_FULL_TEST to run
test fixture_test_o1::include_str_not_found_wado ... ignored, set CI/WADO_FULL_TEST to run
test fixture_test_o1::include_str_not_string_literal_wado ... ignored, set CI/WADO_FULL_TEST to run
test fixture_test_o1::index_assign_types_wado ... ignored, set CI/WADO_FULL_TEST to run
test fixture_test_o1::index_assign_wado ... ignored, set CI/WADO_FULL_TEST to run
test fixture_test_o1::index_mut_method_call_wado ... ignored, set CI/WADO_FULL_TEST to run
test fixture_test_o1::index_trait_assign_wado ... ignored, set CI/WADO_FULL_TEST to run
test fixture_test_o1::index_trait_both_wado ... ignored, set CI/WADO_FULL_TEST to run
test fixture_test_o1::index_trait_chained_wado ... ignored, set CI/WADO_FULL_TEST to run
test fixture_test_o1::index_trait_complex_static_wado ... ignored, set CI/WADO_FULL_TEST to run
test fixture_test_o1::index_trait_conditional_wado ... ignored, set CI/WADO_FULL_TEST to run
test fixture_test_o1::index_trait_full_struct_wado ... ignored, set CI/WADO_FULL_TEST to run
test fixture_test_o1::index_trait_function_wado ... ignored, set CI/WADO_FULL_TEST to run
test fixture_test_o1::index_trait_loop_wado ... ignored, set CI/WADO_FULL_TEST to run
test fixture_test_o1::index_trait_multiple_wado ... ignored, set CI/WADO_FULL_TEST to run
test fixture_test_o1::index_trait_read_wado ... ignored, set CI/WADO_FULL_TEST to run
test fixture_test_o1::index_value_generic_wado ... ignored, set CI/WADO_FULL_TEST to run
test fixture_test_o1::index_value_option_pattern_wado ... ignored, set CI/WADO_FULL_TEST to run
test fixture_test_o1::index_value_trait_wado ... ignored, set CI/WADO_FULL_TEST to run
test fixture_test_o1::infer_builtin_array_new_from_lhs_wado ... ignored, set CI/WADO_FULL_TEST to run
test fixture_test_o1::infer_builtin_select_in_generic_method_wado ... ignored, set CI/WADO_FULL_TEST to run
test fixture_test_o1::infer_lhs_overrides_literal_wado ... ignored, set CI/WADO_FULL_TEST to run
test fixture_test_o1::infer_method_type_arg_from_return_type_wado ... ignored, set CI/WADO_FULL_TEST to run
test fixture_test_o1::infer_method_type_arg_uninferable_error_wado ... ignored, set CI/WADO_FULL_TEST to run
test fixture_test_o1::infer_static_method_from_lhs_wado ... ignored, set CI/WADO_FULL_TEST to run
test fixture_test_o1::infer_type_arg_from_assoc_bound_method_wado ... ignored, set CI/WADO_FULL_TEST to run
test fixture_test_o1::infer_type_arg_from_assoc_bound_wado ... ignored, set CI/WADO_FULL_TEST to run
test fixture_test_o1::inherent_impl_foreign_type_wado ... ignored, set CI/WADO_FULL_TEST to run
test fixture_test_o1::inline_array_append_nested_wado ... ignored, set CI/WADO_FULL_TEST to run
test fixture_test_o1::inline_cold_path_cost_wado ... ignored, set CI/WADO_FULL_TEST to run
test fixture_test_o1::inline_cross_module_method_wado ... ignored, set CI/WADO_FULL_TEST to run
test fixture_test_o1::inline_merged_wado ... ignored, set CI/WADO_FULL_TEST to run
test fixture_test_o1::inline_mutual_recursive_generic_visit_wado ... ignored, set CI/WADO_FULL_TEST to run
test fixture_test_o1::inline_primitive_method_wado ... ignored, set CI/WADO_FULL_TEST to run
test fixture_test_o1::inline_u128_print_o3_regression_wado ... ignored, set CI/WADO_FULL_TEST to run
test fixture_test_o1::inline_unlikely_cost_wado ... ignored, set CI/WADO_FULL_TEST to run
test fixture_test_o1::inlining_test_wado ... ignored, set CI/WADO_FULL_TEST to run
test fixture_test_o1::inspect_1_wado ... ignored, set CI/WADO_FULL_TEST to run
test fixture_test_o1::inspect_2_wado ... ignored, set CI/WADO_FULL_TEST to run
test fixture_test_o1::inspect_3_wado ... ignored, set CI/WADO_FULL_TEST to run
test fixture_test_o1::inspect_closure_indirect_wado ... ignored, set CI/WADO_FULL_TEST to run
test fixture_test_o1::inspect_closure_multi_sig_wado ... ignored, set CI/WADO_FULL_TEST to run
test fixture_test_o1::inspect_fn_cross_module_wado ... ignored, set CI/WADO_FULL_TEST to run
test fixture_test_o1::inspect_fnref_wado ... ignored, set CI/WADO_FULL_TEST to run
test fixture_test_o1::inspect_ref_array_field_wado ... ignored, set CI/WADO_FULL_TEST to run
test fixture_test_o1::inspect_struct_unit_field_wado ... ignored, set CI/WADO_FULL_TEST to run
test fixture_test_o1::int128_coercion_wado ... ignored, set CI/WADO_FULL_TEST to run
test fixture_test_o1::int128_large_literal_wado ... ignored, set CI/WADO_FULL_TEST to run
test fixture_test_o1::integer_1_wado ... ignored, set CI/WADO_FULL_TEST to run
test fixture_test_o1::integer_2_wado ... ignored, set CI/WADO_FULL_TEST to run
test fixture_test_o1::internal_f64_to_string_wado ... ignored, set CI/WADO_FULL_TEST to run
test fixture_test_o1::into_iterator_item_bound_wado ... ignored, set CI/WADO_FULL_TEST to run
test fixture_test_o1::iter_map_collect_variant_wado ... ignored, set CI/WADO_FULL_TEST to run
test fixture_test_o1::iterator_assoc_type_chain_wado ... ignored, set CI/WADO_FULL_TEST to run
test fixture_test_o1::iterator_filter_o3_regression_wado ... ignored, set CI/WADO_FULL_TEST to run
test fixture_test_o1::iterator_generic_map_cross_module_wado ... ignored, set CI/WADO_FULL_TEST to run
test fixture_test_o1::iterator_generic_map_test_wado ... ignored, set CI/WADO_FULL_TEST to run
test fixture_test_o1::iterator_generic_map_wado ... ignored, set CI/WADO_FULL_TEST to run
test fixture_test_o1::iterator_merged_wado ... ignored, set CI/WADO_FULL_TEST to run
test fixture_test_o1::iterator_trait_map_wado ... ignored, set CI/WADO_FULL_TEST to run
test fixture_test_o1::key_value_literal_blanket_impl_wado ... ignored, set CI/WADO_FULL_TEST to run
test fixture_test_o1::key_value_literal_both_traits_wado ... ignored, set CI/WADO_FULL_TEST to run
test fixture_test_o1::key_value_literal_conditional_wado ... ignored, set CI/WADO_FULL_TEST to run
test fixture_test_o1::key_value_literal_immutable_wado ... ignored, set CI/WADO_FULL_TEST to run
test fixture_test_o1::labeled_block_break_coercion_wado ... ignored, set CI/WADO_FULL_TEST to run
test fixture_test_o1::labeled_block_break_null_coercion_wado ... ignored, set CI/WADO_FULL_TEST to run
test fixture_test_o1::labeled_block_break_shadowed_label_wado ... ignored, set CI/WADO_FULL_TEST to run
test fixture_test_o1::labeled_block_error_break_null_uninferable_wado ... ignored, set CI/WADO_FULL_TEST to run
test fixture_test_o1::labeled_block_error_break_null_vs_concrete_wado ... ignored, set CI/WADO_FULL_TEST to run
test fixture_test_o1::labeled_block_error_break_type_mismatch_wado ... ignored, set CI/WADO_FULL_TEST to run
test fixture_test_o1::labeled_block_error_unknown_label_wado ... ignored, set CI/WADO_FULL_TEST to run
test fixture_test_o1::labeled_block_wado ... ignored, set CI/WADO_FULL_TEST to run
test fixture_test_o1::let_immutable_reassign_error_wado ... ignored, set CI/WADO_FULL_TEST to run
test fixture_test_o1::licm_alias_mut_ref_loop_wado ... ignored, set CI/WADO_FULL_TEST to run
test fixture_test_o1::likely_unlikely_wado ... ignored, set CI/WADO_FULL_TEST to run
test fixture_test_o1::local_integers_mut_wado ... ignored, set CI/WADO_FULL_TEST to run
test fixture_test_o1::local_merged_wado ... ignored, set CI/WADO_FULL_TEST to run
test fixture_test_o1::location_function_wado ... ignored, set CI/WADO_FULL_TEST to run
test fixture_test_o1::location_literal_data_no_section_wado ... ignored, set CI/WADO_FULL_TEST to run
test fixture_test_o1::location_literal_submodule_wado ... ignored, set CI/WADO_FULL_TEST to run
test fixture_test_o1::location_literal_unknown_wado ... ignored, set CI/WADO_FULL_TEST to run
test fixture_test_o1::location_merged_wado ... ignored, set CI/WADO_FULL_TEST to run
test fixture_test_o1::log_stderr_explicit_import_wado ... ignored, set CI/WADO_FULL_TEST to run
test fixture_test_o1::log_stderr_from_cli_wado ... ignored, set CI/WADO_FULL_TEST to run
test fixture_test_o1::log_stderr_not_exported_wado ... ignored, set CI/WADO_FULL_TEST to run
test fixture_test_o1::log_stdout_explicit_import_wado ... ignored, set CI/WADO_FULL_TEST to run
test fixture_test_o1::log_stdout_from_cli_wado ... ignored, set CI/WADO_FULL_TEST to run
test fixture_test_o1::loop_basic_wado ... ignored, set CI/WADO_FULL_TEST to run
test fixture_test_o1::loop_continue_wado ... ignored, set CI/WADO_FULL_TEST to run
test fixture_test_o1::loop_nested_wado ... ignored, set CI/WADO_FULL_TEST to run
test fixture_test_o1::loop_with_inner_labeled_break_is_divergent_wado ... ignored, set CI/WADO_FULL_TEST to run
test fixture_test_o1::match_1_wado ... ignored, set CI/WADO_FULL_TEST to run
test fixture_test_o1::match_2_wado ... ignored, set CI/WADO_FULL_TEST to run
test fixture_test_o1::match_all_null_arms_error_wado ... ignored, set CI/WADO_FULL_TEST to run
test fixture_test_o1::match_arm_discarded_call_invalid_wasm_wado ... ignored, set CI/WADO_FULL_TEST to run
test fixture_test_o1::match_arm_discarded_call_semicolon_irrelevant_wado ... ignored, set CI/WADO_FULL_TEST to run
test fixture_test_o1::match_arm_divergent_types_in_expression_position_rejects_wado ... ignored, set CI/WADO_FULL_TEST to run
test fixture_test_o1::match_arm_scope_error_wado ... ignored, set CI/WADO_FULL_TEST to run
test fixture_test_o1::match_arm_struct_field_invalid_wasm_wado ... ignored, set CI/WADO_FULL_TEST to run
test fixture_test_o1::match_associated_constant_pattern_wado ... ignored, set CI/WADO_FULL_TEST to run
test fixture_test_o1::match_break_in_while_wado ... ignored, set CI/WADO_FULL_TEST to run
test fixture_test_o1::match_break_many_arms_wado ... ignored, set CI/WADO_FULL_TEST to run
test fixture_test_o1::match_comprehensive_wado ... ignored, set CI/WADO_FULL_TEST to run
test fixture_test_o1::match_ergonomics_let_destructure_wado ... ignored, set CI/WADO_FULL_TEST to run
test fixture_test_o1::match_ergonomics_mut_ref_wado ... ignored, set CI/WADO_FULL_TEST to run
test fixture_test_o1::match_ergonomics_wado ... ignored, set CI/WADO_FULL_TEST to run
test fixture_test_o1::match_exhaustive_bool_error_wado ... ignored, set CI/WADO_FULL_TEST to run
test fixture_test_o1::match_exhaustive_enum_error_wado ... ignored, set CI/WADO_FULL_TEST to run
test fixture_test_o1::match_exhaustive_option_error_wado ... ignored, set CI/WADO_FULL_TEST to run
test fixture_test_o1::match_exhaustive_option_only_none_error_wado ... ignored, set CI/WADO_FULL_TEST to run
test fixture_test_o1::match_exhaustive_option_only_null_error_wado ... ignored, set CI/WADO_FULL_TEST to run
test fixture_test_o1::match_exhaustive_variant_error_wado ... ignored, set CI/WADO_FULL_TEST to run
test fixture_test_o1::match_expr_scope_error_wado ... ignored, set CI/WADO_FULL_TEST to run
test fixture_test_o1::match_global_constant_pattern_wado ... ignored, set CI/WADO_FULL_TEST to run
test fixture_test_o1::match_literal_f32_wado ... ignored, set CI/WADO_FULL_TEST to run
test fixture_test_o1::match_literal_f64_wado ... ignored, set CI/WADO_FULL_TEST to run
test fixture_test_o1::match_literal_i128_guarded_wado ... ignored, set CI/WADO_FULL_TEST to run
test fixture_test_o1::match_literal_i128_large_wado ... ignored, set CI/WADO_FULL_TEST to run
test fixture_test_o1::match_literal_i128_side_effect_wado ... ignored, set CI/WADO_FULL_TEST to run
test fixture_test_o1::match_literal_wado ... ignored, set CI/WADO_FULL_TEST to run
test fixture_test_o1::match_nested_guard_variant_in_tuple_wado ... ignored, set CI/WADO_FULL_TEST to run
test fixture_test_o1::match_nested_patterns_wado ... ignored, set CI/WADO_FULL_TEST to run
test fixture_test_o1::match_nested_struct_in_variant_wado ... ignored, set CI/WADO_FULL_TEST to run
test fixture_test_o1::match_nested_three_level_wado ... ignored, set CI/WADO_FULL_TEST to run
test fixture_test_o1::match_nested_variant_in_variant_wado ... ignored, set CI/WADO_FULL_TEST to run
test fixture_test_o1::match_nested_variant_tuple_payload_wado ... ignored, set CI/WADO_FULL_TEST to run
test fixture_test_o1::match_null_arm_infers_option_inner_wado ... ignored, set CI/WADO_FULL_TEST to run
test fixture_test_o1::match_null_arm_vs_concrete_error_wado ... ignored, set CI/WADO_FULL_TEST to run
test fixture_test_o1::match_or_pattern_1_wado ... ignored, set CI/WADO_FULL_TEST to run
test fixture_test_o1::match_or_pattern_2_wado ... ignored, set CI/WADO_FULL_TEST to run
test fixture_test_o1::match_or_pattern_3_wado ... ignored, set CI/WADO_FULL_TEST to run
test fixture_test_o1::match_or_pattern_4_wado ... ignored, set CI/WADO_FULL_TEST to run
test fixture_test_o1::match_or_pattern_5_wado ... ignored, set CI/WADO_FULL_TEST to run
test fixture_test_o1::match_or_pattern_6_wado ... ignored, set CI/WADO_FULL_TEST to run
test fixture_test_o1::match_or_pattern_iflet_1_wado ... ignored, set CI/WADO_FULL_TEST to run
test fixture_test_o1::match_or_pattern_string_wado ... ignored, set CI/WADO_FULL_TEST to run
test fixture_test_o1::match_return_from_arm_wado ... ignored, set CI/WADO_FULL_TEST to run
test fixture_test_o1::match_tuple_pattern_on_array_error_wado ... ignored, set CI/WADO_FULL_TEST to run
test fixture_test_o1::match_tuple_pattern_on_array_iflet_error_wado ... ignored, set CI/WADO_FULL_TEST to run
test fixture_test_o1::match_variant_1_wado ... ignored, set CI/WADO_FULL_TEST to run
test fixture_test_o1::match_variant_2_wado ... ignored, set CI/WADO_FULL_TEST to run
test fixture_test_o1::match_variant_array_struct_in_arm_wado ... ignored, set CI/WADO_FULL_TEST to run
test fixture_test_o1::match_variant_import_module_wado ... ignored, set CI/WADO_FULL_TEST to run
test fixture_test_o1::match_variant_import_wado ... ignored, set CI/WADO_FULL_TEST to run
test fixture_test_o1::matches_guard_non_bool_error_wado ... ignored, set CI/WADO_FULL_TEST to run
test fixture_test_o1::matches_merged_wado ... ignored, set CI/WADO_FULL_TEST to run
test fixture_test_o1::matches_option_string_literal_wado ... ignored, set CI/WADO_FULL_TEST to run
test fixture_test_o1::matches_prefix_error_wado ... ignored, set CI/WADO_FULL_TEST to run
test fixture_test_o1::matches_scope_error_wado ... ignored, set CI/WADO_FULL_TEST to run
test fixture_test_o1::method_turbofish_non_generic_struct_wado ... ignored, set CI/WADO_FULL_TEST to run
test fixture_test_o1::missing_return_closure_partial_if_wado ... ignored, set CI/WADO_FULL_TEST to run
test fixture_test_o1::missing_return_closure_semicolon_wado ... ignored, set CI/WADO_FULL_TEST to run
test fixture_test_o1::missing_return_closure_wado ... ignored, set CI/WADO_FULL_TEST to run
test fixture_test_o1::missing_return_definite_exit_paths_wado ... ignored, set CI/WADO_FULL_TEST to run
test fixture_test_o1::missing_return_fn_semicolon_wado ... ignored, set CI/WADO_FULL_TEST to run
test fixture_test_o1::missing_return_fn_wado ... ignored, set CI/WADO_FULL_TEST to run
test fixture_test_o1::missing_return_if_panic_no_else_wado ... ignored, set CI/WADO_FULL_TEST to run
test fixture_test_o1::missing_return_method_wado ... ignored, set CI/WADO_FULL_TEST to run
test fixture_test_o1::missing_return_partial_if_wado ... ignored, set CI/WADO_FULL_TEST to run
test fixture_test_o1::mixed_int_float_arithmetic_wado ... ignored, set CI/WADO_FULL_TEST to run
test fixture_test_o1::module_attr_generated_meta_wado ... ignored, set CI/WADO_FULL_TEST to run
test fixture_test_o1::module_attr_generated_wado ... ignored, set CI/WADO_FULL_TEST to run
test fixture_test_o1::module_attr_todo_compile_error_wado ... ignored, set CI/WADO_FULL_TEST to run
test fixture_test_o1::module_attr_todo_wado ... ignored, set CI/WADO_FULL_TEST to run
test fixture_test_o1::monotonic_clock_now_wado ... ignored, set CI/WADO_FULL_TEST to run
test fixture_test_o1::multiple_effect_imports_wado ... ignored, set CI/WADO_FULL_TEST to run
test fixture_test_o1::multiple_println_wado ... ignored, set CI/WADO_FULL_TEST to run
test fixture_test_o1::mut_param_error_assign_wado ... ignored, set CI/WADO_FULL_TEST to run
test fixture_test_o1::mut_param_merged_wado ... ignored, set CI/WADO_FULL_TEST to run
test fixture_test_o1::mut_param_wado ... ignored, set CI/WADO_FULL_TEST to run
test fixture_test_o1::mut_ref_if_return_wado ... ignored, set CI/WADO_FULL_TEST to run
test fixture_test_o1::namespace_import_core_wado ... ignored, set CI/WADO_FULL_TEST to run
test fixture_test_o1::namespace_import_enum_wado ... ignored, set CI/WADO_FULL_TEST to run
test fixture_test_o1::namespace_import_struct_wado ... ignored, set CI/WADO_FULL_TEST to run
test fixture_test_o1::namespace_import_wado ... ignored, set CI/WADO_FULL_TEST to run
test fixture_test_o1::nested_array_wado ... ignored, set CI/WADO_FULL_TEST to run
test fixture_test_o1::nested_variant_match_ref_test_wado ... ignored, set CI/WADO_FULL_TEST to run
test fixture_test_o1::never_binary_op_trap_wado ... ignored, set CI/WADO_FULL_TEST to run
test fixture_test_o1::never_global_trap_wado ... ignored, set CI/WADO_FULL_TEST to run
test fixture_test_o1::never_let_binding_trap_wado ... ignored, set CI/WADO_FULL_TEST to run
test fixture_test_o1::never_let_local_via_closure_wado ... ignored, set CI/WADO_FULL_TEST to run
test fixture_test_o1::never_merged_wado ... ignored, set CI/WADO_FULL_TEST to run
test fixture_test_o1::never_return_wado ... ignored, set CI/WADO_FULL_TEST to run
test fixture_test_o1::newtype_array_sort_wado ... ignored, set CI/WADO_FULL_TEST to run
test fixture_test_o1::newtype_basic_wado ... ignored, set CI/WADO_FULL_TEST to run
test fixture_test_o1::newtype_chained_method_wado ... ignored, set CI/WADO_FULL_TEST to run
test fixture_test_o1::newtype_chained_wado ... ignored, set CI/WADO_FULL_TEST to run
test fixture_test_o1::newtype_closure_coercion_wado ... ignored, set CI/WADO_FULL_TEST to run
test fixture_test_o1::newtype_float_types_wado ... ignored, set CI/WADO_FULL_TEST to run
test fixture_test_o1::newtype_generic_container_return_wado ... ignored, set CI/WADO_FULL_TEST to run
test fixture_test_o1::newtype_generic_trait_dispatch_wado ... ignored, set CI/WADO_FULL_TEST to run
test fixture_test_o1::newtype_generic_wado ... ignored, set CI/WADO_FULL_TEST to run
test fixture_test_o1::newtype_impl_not_on_base_wado ... ignored, set CI/WADO_FULL_TEST to run
test fixture_test_o1::newtype_impl_wado ... ignored, set CI/WADO_FULL_TEST to run
test fixture_test_o1::newtype_index_trait_wado ... ignored, set CI/WADO_FULL_TEST to run
test fixture_test_o1::newtype_integer_types_wado ... ignored, set CI/WADO_FULL_TEST to run
test fixture_test_o1::newtype_method_inheritance_wado ... ignored, set CI/WADO_FULL_TEST to run
test fixture_test_o1::newtype_multiple_params_wado ... ignored, set CI/WADO_FULL_TEST to run
test fixture_test_o1::newtype_operator_trait_wado ... ignored, set CI/WADO_FULL_TEST to run
test fixture_test_o1::newtype_option_pattern_wado ... ignored, set CI/WADO_FULL_TEST to run
test fixture_test_o1::newtype_return_type_wado ... ignored, set CI/WADO_FULL_TEST to run
test fixture_test_o1::newtype_static_method_wado ... ignored, set CI/WADO_FULL_TEST to run
test fixture_test_o1::newtype_string_coercion_wado ... ignored, set CI/WADO_FULL_TEST to run
test fixture_test_o1::newtype_trait_bounds_wado ... ignored, set CI/WADO_FULL_TEST to run
test fixture_test_o1::newtype_trait_method_wado ... ignored, set CI/WADO_FULL_TEST to run
test fixture_test_o1::newtype_wasi_wado ... ignored, set CI/WADO_FULL_TEST to run
test fixture_test_o1::niri_branch_hint_const_fold_wado ... ignored, set CI/WADO_FULL_TEST to run
test fixture_test_o1::niri_if_arm_meet_nested_match_arm_wado ... ignored, set CI/WADO_FULL_TEST to run
test fixture_test_o1::niri_if_arm_meet_preserves_fields_wado ... ignored, set CI/WADO_FULL_TEST to run
test fixture_test_o1::niri_if_bool_arms_collapse_wado ... ignored, set CI/WADO_FULL_TEST to run
test fixture_test_o1::niri_labeled_block_non_tail_break_wado ... ignored, set CI/WADO_FULL_TEST to run
test fixture_test_o1::niri_loop_invariant_array_len_wado ... ignored, set CI/WADO_FULL_TEST to run
test fixture_test_o1::niri_loop_writes_drop_field_env_wado ... ignored, set CI/WADO_FULL_TEST to run
test fixture_test_o1::niri_match_const_fold_wado ... ignored, set CI/WADO_FULL_TEST to run
test fixture_test_o1::niri_match_enum_discriminator_wado ... ignored, set CI/WADO_FULL_TEST to run
test fixture_test_o1::niri_pure_call_fold_wado ... ignored, set CI/WADO_FULL_TEST to run
test fixture_test_o1::niri_trapping_then_preserves_fields_wado ... ignored, set CI/WADO_FULL_TEST to run
test fixture_test_o1::number_literal_decimal_not_int_wado ... ignored, set CI/WADO_FULL_TEST to run
test fixture_test_o1::number_literal_neg_exp_not_int_wado ... ignored, set CI/WADO_FULL_TEST to run
test fixture_test_o1::number_literal_overflow_wado ... ignored, set CI/WADO_FULL_TEST to run
test fixture_test_o1::number_literal_wado ... ignored, set CI/WADO_FULL_TEST to run
test fixture_test_o1::operator_missing_trait_error_wado ... ignored, set CI/WADO_FULL_TEST to run
test fixture_test_o1::operator_not_applicable_mixed_wado ... ignored, set CI/WADO_FULL_TEST to run
test fixture_test_o1::operator_not_applicable_string_wado ... ignored, set CI/WADO_FULL_TEST to run
test fixture_test_o1::opt_codewriter_miscompile_wado ... ignored, set CI/WADO_FULL_TEST to run
test fixture_test_o1::opt_const_fold_aliased_field_wado ... ignored, set CI/WADO_FULL_TEST to run
test fixture_test_o1::opt_const_fold_div_zero_wado ... ignored, set CI/WADO_FULL_TEST to run
test fixture_test_o1::opt_const_wado ... ignored, set CI/WADO_FULL_TEST to run
test fixture_test_o1::opt_container_sroa_edge_wado ... ignored, set CI/WADO_FULL_TEST to run
test fixture_test_o1::opt_container_sroa_nondup_idx_wado ... ignored, set CI/WADO_FULL_TEST to run
test fixture_test_o1::opt_container_sroa_struct_wado ... ignored, set CI/WADO_FULL_TEST to run
test fixture_test_o1::opt_container_sroa_tuple_wado ... ignored, set CI/WADO_FULL_TEST to run
test fixture_test_o1::opt_copy_prop_multi_field_wado ... ignored, set CI/WADO_FULL_TEST to run
test fixture_test_o1::opt_copy_prop_nested_variant_wado ... ignored, set CI/WADO_FULL_TEST to run
test fixture_test_o1::opt_copy_prop_while_let_wado ... ignored, set CI/WADO_FULL_TEST to run
test fixture_test_o1::opt_crossmod_array_wado ... ignored, set CI/WADO_FULL_TEST to run
test fixture_test_o1::opt_dce_break_then_unreachable_wado ... ignored, set CI/WADO_FULL_TEST to run
test fixture_test_o1::opt_dce_tail_break_flatten_wado ... ignored, set CI/WADO_FULL_TEST to run
test fixture_test_o1::opt_dce_trap_preserved_unread_let_wado ... ignored, set CI/WADO_FULL_TEST to run
test fixture_test_o1::opt_elide_adjacent_struct_local_intervening_copy_wado ... ignored, set CI/WADO_FULL_TEST to run
test fixture_test_o1::opt_elide_adjacent_struct_local_wado ... ignored, set CI/WADO_FULL_TEST to run
test fixture_test_o1::opt_elide_box_local_expr_clobbers_intervening_wado ... ignored, set CI/WADO_FULL_TEST to run
test fixture_test_o1::opt_elide_box_local_observable_before_field_wado ... ignored, set CI/WADO_FULL_TEST to run
test fixture_test_o1::opt_elide_box_local_shortcircuit_right_arm_wado ... ignored, set CI/WADO_FULL_TEST to run
test fixture_test_o1::opt_eqz_wado ... ignored, set CI/WADO_FULL_TEST to run
test fixture_test_o1::opt_fusion_no_dead_break_wado ... ignored, set CI/WADO_FULL_TEST to run
test fixture_test_o1::opt_hfs_immut_ref_method_reread_wado ... ignored, set CI/WADO_FULL_TEST to run
test fixture_test_o1::opt_hfs_immut_ref_no_reread_wado ... ignored, set CI/WADO_FULL_TEST to run
test fixture_test_o1::opt_hfs_immut_ref_sync_wado ... ignored, set CI/WADO_FULL_TEST to run
test fixture_test_o1::opt_hfs_labeled_block_match_wado ... ignored, set CI/WADO_FULL_TEST to run
test fixture_test_o1::opt_hfs_loop_exit_no_writeback_wado ... ignored, set CI/WADO_FULL_TEST to run
test fixture_test_o1::opt_hfs_mixed_ref_sync_wado ... ignored, set CI/WADO_FULL_TEST to run
test fixture_test_o1::opt_hfs_mut_ref_reread_wado ... ignored, set CI/WADO_FULL_TEST to run
test fixture_test_o1::opt_hfs_stores_ref_sync_wado ... ignored, set CI/WADO_FULL_TEST to run
test fixture_test_o1::opt_inline_backtrack_miscompile_wado ... ignored, set CI/WADO_FULL_TEST to run
test fixture_test_o1::opt_inline_duplicate_fn_wado ... ignored, set CI/WADO_FULL_TEST to run
test fixture_test_o1::opt_inline_wado ... ignored, set CI/WADO_FULL_TEST to run
test fixture_test_o1::opt_labeled_block_copy_mutation_wado ... ignored, set CI/WADO_FULL_TEST to run
test fixture_test_o1::opt_labeled_block_fusion_wado ... ignored, set CI/WADO_FULL_TEST to run
test fixture_test_o1::opt_licm_aliased_field_via_call_wado ... ignored, set CI/WADO_FULL_TEST to run
test fixture_test_o1::opt_licm_aliased_mut_ref_params_wado ... ignored, set CI/WADO_FULL_TEST to run
test fixture_test_o1::opt_licm_aliased_ref_fields_wado ... ignored, set CI/WADO_FULL_TEST to run
test fixture_test_o1::opt_licm_immut_ref_method_wado ... ignored, set CI/WADO_FULL_TEST to run
test fixture_test_o1::opt_licm_immut_ref_mixed_wado ... ignored, set CI/WADO_FULL_TEST to run
test fixture_test_o1::opt_licm_immut_ref_multi_wado ... ignored, set CI/WADO_FULL_TEST to run
test fixture_test_o1::opt_licm_immut_ref_wado ... ignored, set CI/WADO_FULL_TEST to run
test fixture_test_o1::opt_licm_mut_ref_no_hoist_wado ... ignored, set CI/WADO_FULL_TEST to run
test fixture_test_o1::opt_licm_nested_ref_chain_wado ... ignored, set CI/WADO_FULL_TEST to run
test fixture_test_o1::opt_multi_value_user_struct_break_wado ... ignored, set CI/WADO_FULL_TEST to run
test fixture_test_o1::opt_multi_value_user_struct_escape_wado ... ignored, set CI/WADO_FULL_TEST to run
test fixture_test_o1::opt_multi_value_user_struct_match_wado ... ignored, set CI/WADO_FULL_TEST to run
test fixture_test_o1::opt_multi_value_user_struct_wado ... ignored, set CI/WADO_FULL_TEST to run
test fixture_test_o1::opt_ref_elim_inline_shadow_wado ... ignored, set CI/WADO_FULL_TEST to run
test fixture_test_o1::opt_ref_elim_rebound_local_wado ... ignored, set CI/WADO_FULL_TEST to run
test fixture_test_o1::opt_sroa_box_parameter_wado ... ignored, set CI/WADO_FULL_TEST to run
test fixture_test_o1::opt_sroa_edge_cases_wado ... ignored, set CI/WADO_FULL_TEST to run
test fixture_test_o1::opt_sroa_intraprocedural_wado ... ignored, set CI/WADO_FULL_TEST to run
test fixture_test_o1::opt_sroa_newtype_param_wado ... ignored, set CI/WADO_FULL_TEST to run
test fixture_test_o1::opt_sroa_param_aliased_ref_wado ... ignored, set CI/WADO_FULL_TEST to run
test fixture_test_o1::opt_sroa_param_nested_same_field_wado ... ignored, set CI/WADO_FULL_TEST to run
test fixture_test_o1::opt_sroa_return_match_wado ... ignored, set CI/WADO_FULL_TEST to run
test fixture_test_o1::opt_sroa_single_field_wado ... ignored, set CI/WADO_FULL_TEST to run
test fixture_test_o1::opt_sroa_stores_ref_blocked_wado ... ignored, set CI/WADO_FULL_TEST to run
test fixture_test_o1::opt_sroa_stores_ref_mixed_wado ... ignored, set CI/WADO_FULL_TEST to run
test fixture_test_o1::opt_sroa_stores_ref_mut_wado ... ignored, set CI/WADO_FULL_TEST to run
test fixture_test_o1::opt_sroa_stores_ref_wado ... ignored, set CI/WADO_FULL_TEST to run
test fixture_test_o1::opt_sroa_variant_br_exit_wado ... ignored, set CI/WADO_FULL_TEST to run
test fixture_test_o1::opt_sroa_variant_per_case_wado ... ignored, set CI/WADO_FULL_TEST to run
test fixture_test_o1::opt_sroa_variant_prefix_overinvalidate_wado ... ignored, set CI/WADO_FULL_TEST to run
test fixture_test_o1::opt_sroa_variant_return_if_descent_wado ... ignored, set CI/WADO_FULL_TEST to run
test fixture_test_o1::opt_sroa_variant_return_temp_elide_wado ... ignored, set CI/WADO_FULL_TEST to run
test fixture_test_o1::opt_sroa_variant_tail_call_wado ... ignored, set CI/WADO_FULL_TEST to run
test fixture_test_o1::opt_sroa_variant_wado ... ignored, set CI/WADO_FULL_TEST to run
test fixture_test_o1::opt_sroa_wado ... ignored, set CI/WADO_FULL_TEST to run
test fixture_test_o1::opt_string_push_short_literal_wado ... ignored, set CI/WADO_FULL_TEST to run
test fixture_test_o1::opt_walk_fn_miscompile_wado ... ignored, set CI/WADO_FULL_TEST to run
test fixture_test_o1::opt_wir_dead_if_zero_wado ... ignored, set CI/WADO_FULL_TEST to run
test fixture_test_o1::optimize_bce_field_access_equiv_wado ... ignored, set CI/WADO_FULL_TEST to run
test fixture_test_o1::optimize_bce_if_guard_wado ... ignored, set CI/WADO_FULL_TEST to run
test fixture_test_o1::optimize_bce_ref_param_wado ... ignored, set CI/WADO_FULL_TEST to run
test fixture_test_o1::optimize_bitmask_bce_wado ... ignored, set CI/WADO_FULL_TEST to run
test fixture_test_o1::option_construct_wado ... ignored, set CI/WADO_FULL_TEST to run
test fixture_test_o1::option_i32_struct_field_wado ... ignored, set CI/WADO_FULL_TEST to run
test fixture_test_o1::option_match_invalid_wado ... ignored, set CI/WADO_FULL_TEST to run
test fixture_test_o1::option_match_wado ... ignored, set CI/WADO_FULL_TEST to run
test fixture_test_o1::ordering_basic_wado ... ignored, set CI/WADO_FULL_TEST to run
test fixture_test_o1::orphan_rule_allowed_local_generic_self_wado ... ignored, set CI/WADO_FULL_TEST to run
test fixture_test_o1::orphan_rule_allowed_local_self_wado ... ignored, set CI/WADO_FULL_TEST to run
test fixture_test_o1::orphan_rule_allowed_local_trait_wado ... ignored, set CI/WADO_FULL_TEST to run
test fixture_test_o1::orphan_rule_allowed_rfc2451_wado ... ignored, set CI/WADO_FULL_TEST to run
test fixture_test_o1::orphan_rule_error_both_foreign_wado ... ignored, set CI/WADO_FULL_TEST to run
test fixture_test_o1::orphan_rule_error_foreign_generic_self_wado ... ignored, set CI/WADO_FULL_TEST to run
test fixture_test_o1::orphan_rule_error_rfc2451_no_local_wado ... ignored, set CI/WADO_FULL_TEST to run
test fixture_test_o1::orphan_rule_error_uncovered_param_before_local_wado ... ignored, set CI/WADO_FULL_TEST to run
test fixture_test_o1::orphan_rule_error_uncovered_type_param_wado ... ignored, set CI/WADO_FULL_TEST to run
test fixture_test_o1::panic_basic_wado ... ignored, set CI/WADO_FULL_TEST to run
test fixture_test_o1::panic_stack_trace_names_wado ... ignored, set CI/WADO_FULL_TEST to run
test fixture_test_o1::pattern_match_exhaustive_variant_last_arm_wado ... ignored, set CI/WADO_FULL_TEST to run
test fixture_test_o1::pattern_match_non_exhaustive_keeps_fallback_wado ... ignored, set CI/WADO_FULL_TEST to run
test fixture_test_o1::pattern_mut_binding_wado ... ignored, set CI/WADO_FULL_TEST to run
test fixture_test_o1::precedence_error_chain_mixed_direction_wado ... ignored, set CI/WADO_FULL_TEST to run
test fixture_test_o1::precedence_error_chain_mixed_equality_wado ... ignored, set CI/WADO_FULL_TEST to run
test fixture_test_o1::precedence_error_chain_not_equal_wado ... ignored, set CI/WADO_FULL_TEST to run
test fixture_test_o1::precedence_merged_wado ... ignored, set CI/WADO_FULL_TEST to run
test fixture_test_o1::prelude_type_collision_wado ... ignored, set CI/WADO_FULL_TEST to run
test fixture_test_o1::primitive_arithmetic_wado ... ignored, set CI/WADO_FULL_TEST to run
test fixture_test_o1::pub_struct_field_access_ok_wado ... ignored, set CI/WADO_FULL_TEST to run
test fixture_test_o1::pub_struct_field_access_wado ... ignored, set CI/WADO_FULL_TEST to run
test fixture_test_o1::pub_struct_field_literal_error_wado ... ignored, set CI/WADO_FULL_TEST to run
test fixture_test_o1::pub_struct_field_same_module_wado ... ignored, set CI/WADO_FULL_TEST to run
test fixture_test_o1::pub_use_alias_facade_wado ... ignored, set CI/WADO_FULL_TEST to run
test fixture_test_o1::pub_use_alias_wado ... ignored, set CI/WADO_FULL_TEST to run
test fixture_test_o1::pub_use_chain_a_wado ... ignored, set CI/WADO_FULL_TEST to run
test fixture_test_o1::pub_use_chain_b_wado ... ignored, set CI/WADO_FULL_TEST to run
test fixture_test_o1::pub_use_chain_c_wado ... ignored, set CI/WADO_FULL_TEST to run
test fixture_test_o1::pub_use_chain_wado ... ignored, set CI/WADO_FULL_TEST to run
test fixture_test_o1::pub_use_facade_wado ... ignored, set CI/WADO_FULL_TEST to run
test fixture_test_o1::pub_use_lib_wado ... ignored, set CI/WADO_FULL_TEST to run
test fixture_test_o1::pub_use_prelude_mod_wado ... ignored, set CI/WADO_FULL_TEST to run
test fixture_test_o1::pub_use_prelude_types_wado ... ignored, set CI/WADO_FULL_TEST to run
test fixture_test_o1::pub_use_prelude_wado ... ignored, set CI/WADO_FULL_TEST to run
test fixture_test_o1::pub_use_wado ... ignored, set CI/WADO_FULL_TEST to run
test fixture_test_o1::range_match_assoc_const_wado ... ignored, set CI/WADO_FULL_TEST to run
test fixture_test_o1::range_match_basic_wado ... ignored, set CI/WADO_FULL_TEST to run
test fixture_test_o1::range_match_char_wado ... ignored, set CI/WADO_FULL_TEST to run
test fixture_test_o1::range_match_empty_pattern_error_wado ... ignored, set CI/WADO_FULL_TEST to run
test fixture_test_o1::range_match_exhaustive_error_wado ... ignored, set CI/WADO_FULL_TEST to run
test fixture_test_o1::range_match_exhaustive_u8_wado ... ignored, set CI/WADO_FULL_TEST to run
test fixture_test_o1::range_match_overlap_error_wado ... ignored, set CI/WADO_FULL_TEST to run
test fixture_test_o1::range_match_reversed_char_pattern_error_wado ... ignored, set CI/WADO_FULL_TEST to run
test fixture_test_o1::range_match_reversed_inclusive_pattern_error_wado ... ignored, set CI/WADO_FULL_TEST to run
test fixture_test_o1::range_match_reversed_pattern_error_wado ... ignored, set CI/WADO_FULL_TEST to run
test fixture_test_o1::range_matches_operator_wado ... ignored, set CI/WADO_FULL_TEST to run
test fixture_test_o1::range_non_ord_error_wado ... ignored, set CI/WADO_FULL_TEST to run
test fixture_test_o1::range_precedence_wado ... ignored, set CI/WADO_FULL_TEST to run
test fixture_test_o1::range_reversed_char_error_wado ... ignored, set CI/WADO_FULL_TEST to run
test fixture_test_o1::range_reversed_error_wado ... ignored, set CI/WADO_FULL_TEST to run
test fixture_test_o1::range_reversed_inclusive_error_wado ... ignored, set CI/WADO_FULL_TEST to run
test fixture_test_o1::range_reversed_negative_error_wado ... ignored, set CI/WADO_FULL_TEST to run
test fixture_test_o1::range_type_mismatch_error_wado ... ignored, set CI/WADO_FULL_TEST to run
test fixture_test_o1::recursive_generic_struct_wado ... ignored, set CI/WADO_FULL_TEST to run
test fixture_test_o1::ref_1_wado ... ignored, set CI/WADO_FULL_TEST to run
test fixture_test_o1::ref_2_wado ... ignored, set CI/WADO_FULL_TEST to run
test fixture_test_o1::ref_3_wado ... ignored, set CI/WADO_FULL_TEST to run
test fixture_test_o1::ref_edge_immut_assign_wado ... ignored, set CI/WADO_FULL_TEST to run
test fixture_test_o1::ref_edge_mut_immut_wado ... ignored, set CI/WADO_FULL_TEST to run
test fixture_test_o1::ref_equality_error_arithmetic_wado ... ignored, set CI/WADO_FULL_TEST to run
test fixture_test_o1::ref_equality_error_ordering_wado ... ignored, set CI/WADO_FULL_TEST to run
test fixture_test_o1::ref_equality_no_eq_wado ... ignored, set CI/WADO_FULL_TEST to run
test fixture_test_o1::ref_equality_struct_with_ref_wado ... ignored, set CI/WADO_FULL_TEST to run
test fixture_test_o1::ref_equality_wado ... ignored, set CI/WADO_FULL_TEST to run
test fixture_test_o1::ref_field_ref_wado ... ignored, set CI/WADO_FULL_TEST to run
test fixture_test_o1::ref_impl_dispatch_list_vs_array_wado ... ignored, set CI/WADO_FULL_TEST to run
test fixture_test_o1::ref_method_receivers_error_self_by_value_wado ... ignored, set CI/WADO_FULL_TEST to run
test fixture_test_o1::resolver_error_unknown_identifier_wado ... ignored, set CI/WADO_FULL_TEST to run
test fixture_test_o1::resource_method_instance_wado ... ignored, set CI/WADO_FULL_TEST to run
test fixture_test_o1::resource_method_static_wado ... ignored, set CI/WADO_FULL_TEST to run
test fixture_test_o1::result_basic_wado ... ignored, set CI/WADO_FULL_TEST to run
test fixture_test_o1::result_if_let_err_wado ... ignored, set CI/WADO_FULL_TEST to run
test fixture_test_o1::result_if_let_mismatch_wado ... ignored, set CI/WADO_FULL_TEST to run
test fixture_test_o1::result_if_let_ok_wado ... ignored, set CI/WADO_FULL_TEST to run
test fixture_test_o1::result_match_payload_wado ... ignored, set CI/WADO_FULL_TEST to run
test fixture_test_o1::result_match_wado ... ignored, set CI/WADO_FULL_TEST to run
test fixture_test_o1::result_mut_ref_side_effect_wado ... ignored, set CI/WADO_FULL_TEST to run
test fixture_test_o1::result_unit_cm_variant_passthrough_wado ... ignored, set CI/WADO_FULL_TEST to run
test fixture_test_o1::result_unit_variant_passthrough_wado ... ignored, set CI/WADO_FULL_TEST to run
test fixture_test_o1::result_unwrap_fresh_elision_wado ... ignored, set CI/WADO_FULL_TEST to run
test fixture_test_o1::return_merged_wado ... ignored, set CI/WADO_FULL_TEST to run
test fixture_test_o1::scalarize_chain_wado ... ignored, set CI/WADO_FULL_TEST to run
test fixture_test_o1::scope_block_var_not_visible_wado ... ignored, set CI/WADO_FULL_TEST to run
test fixture_test_o1::scope_for_loop_var_not_visible_wado ... ignored, set CI/WADO_FULL_TEST to run
test fixture_test_o1::scope_nested_blocks_wado ... ignored, set CI/WADO_FULL_TEST to run
test fixture_test_o1::scope_shadow_field_not_self_ref_wado ... ignored, set CI/WADO_FULL_TEST to run
test fixture_test_o1::scope_shadow_no_self_ref_wado ... ignored, set CI/WADO_FULL_TEST to run
test fixture_test_o1::scope_shadow_param_not_self_ref_wado ... ignored, set CI/WADO_FULL_TEST to run
test fixture_test_o1::scope_shadow_self_ref_closure_wado ... ignored, set CI/WADO_FULL_TEST to run
test fixture_test_o1::scope_shadow_self_ref_wado ... ignored, set CI/WADO_FULL_TEST to run
test fixture_test_o1::scope_shadowing_in_block_wado ... ignored, set CI/WADO_FULL_TEST to run
test fixture_test_o1::scope_shadowing_same_block_wado ... ignored, set CI/WADO_FULL_TEST to run
test fixture_test_o1::scope_while_loop_var_not_visible_wado ... ignored, set CI/WADO_FULL_TEST to run
test fixture_test_o1::select_basic_wado ... ignored, set CI/WADO_FULL_TEST to run
test fixture_test_o1::select_extended_arms_wado ... ignored, set CI/WADO_FULL_TEST to run
test fixture_test_o1::select_no_opt_trapping_arms_wado ... ignored, set CI/WADO_FULL_TEST to run
test fixture_test_o1::select_no_opt_wado ... ignored, set CI/WADO_FULL_TEST to run
test fixture_test_o1::sequence_literal_custom_wado ... ignored, set CI/WADO_FULL_TEST to run
test fixture_test_o1::sequence_literal_fn_arg_wado ... ignored, set CI/WADO_FULL_TEST to run
test fixture_test_o1::sequence_literal_immutable_wado ... ignored, set CI/WADO_FULL_TEST to run
test fixture_test_o1::sequence_literal_newtype_wado ... ignored, set CI/WADO_FULL_TEST to run
test fixture_test_o1::serde_compile_error_no_deser_wado ... ignored, set CI/WADO_FULL_TEST to run
test fixture_test_o1::serde_compile_error_no_impl_wado ... ignored, set CI/WADO_FULL_TEST to run
test fixture_test_o1::serde_default_init_wado ... ignored, set CI/WADO_FULL_TEST to run
test fixture_test_o1::serde_deserialize_trait_wado ... ignored, set CI/WADO_FULL_TEST to run
test fixture_test_o1::serde_error_types_wado ... ignored, set CI/WADO_FULL_TEST to run
test fixture_test_o1::serde_full_json_serialize_wado ... ignored, set CI/WADO_FULL_TEST to run
test fixture_test_o1::serde_generic_trait_method_wado ... ignored, set CI/WADO_FULL_TEST to run
test fixture_test_o1::serde_json_array_string_wado ... ignored, set CI/WADO_FULL_TEST to run
test fixture_test_o1::serde_json_default_wado ... ignored, set CI/WADO_FULL_TEST to run
test fixture_test_o1::serde_json_deser_error_edge_wado ... ignored, set CI/WADO_FULL_TEST to run
test fixture_test_o1::serde_json_deser_error_wado ... ignored, set CI/WADO_FULL_TEST to run
test fixture_test_o1::serde_json_duplicate_fields_wado ... ignored, set CI/WADO_FULL_TEST to run
test fixture_test_o1::serde_json_error_kind_wado ... ignored, set CI/WADO_FULL_TEST to run
test fixture_test_o1::serde_json_int_types_wado ... ignored, set CI/WADO_FULL_TEST to run
test fixture_test_o1::serde_json_large_int_wado ... ignored, set CI/WADO_FULL_TEST to run
test fixture_test_o1::serde_json_multi_type_deser_wado ... ignored, set CI/WADO_FULL_TEST to run
test fixture_test_o1::serde_json_nested_struct_wado ... ignored, set CI/WADO_FULL_TEST to run
test fixture_test_o1::serde_json_option_array_fields_wado ... ignored, set CI/WADO_FULL_TEST to run
test fixture_test_o1::serde_json_primitives_wado ... ignored, set CI/WADO_FULL_TEST to run
test fixture_test_o1::serde_json_rename_all_wado ... ignored, set CI/WADO_FULL_TEST to run
test fixture_test_o1::serde_json_rename_wado ... ignored, set CI/WADO_FULL_TEST to run
test fixture_test_o1::serde_json_result_wado ... ignored, set CI/WADO_FULL_TEST to run
test fixture_test_o1::serde_json_roundtrip_complex_wado ... ignored, set CI/WADO_FULL_TEST to run
test fixture_test_o1::serde_json_scientific_notation_wado ... ignored, set CI/WADO_FULL_TEST to run
test fixture_test_o1::serde_json_ser_error_wado ... ignored, set CI/WADO_FULL_TEST to run
test fixture_test_o1::serde_json_string_escape_wado ... ignored, set CI/WADO_FULL_TEST to run
test fixture_test_o1::serde_json_struct_deser_o2_wado ... ignored, set CI/WADO_FULL_TEST to run
test fixture_test_o1::serde_json_struct_no_closure_wado ... ignored, set CI/WADO_FULL_TEST to run
test fixture_test_o1::serde_json_synth_enum_wado ... ignored, set CI/WADO_FULL_TEST to run
test fixture_test_o1::serde_json_synth_flags_wado ... ignored, set CI/WADO_FULL_TEST to run
test fixture_test_o1::serde_json_synth_variant_wado ... ignored, set CI/WADO_FULL_TEST to run
test fixture_test_o1::serde_json_treemap_wado ... ignored, set CI/WADO_FULL_TEST to run
test fixture_test_o1::serde_json_tuple_wado ... ignored, set CI/WADO_FULL_TEST to run
test fixture_test_o1::serde_json_unknown_fields_wado ... ignored, set CI/WADO_FULL_TEST to run
test fixture_test_o1::serde_ndjson_wrapper_wado ... ignored, set CI/WADO_FULL_TEST to run
test fixture_test_o1::serde_serialize_array_wado ... ignored, set CI/WADO_FULL_TEST to run
test fixture_test_o1::serde_serialize_enum_wado ... ignored, set CI/WADO_FULL_TEST to run
test fixture_test_o1::serde_serialize_option_wado ... ignored, set CI/WADO_FULL_TEST to run
test fixture_test_o1::serde_serialize_struct_wado ... ignored, set CI/WADO_FULL_TEST to run
test fixture_test_o1::serde_serialize_trait_wado ... ignored, set CI/WADO_FULL_TEST to run
test fixture_test_o1::serde_serialize_variant_wado ... ignored, set CI/WADO_FULL_TEST to run
test fixture_test_o1::serde_sub_serializer_wado ... ignored, set CI/WADO_FULL_TEST to run
test fixture_test_o1::serde_synth_propagates_begin_struct_error_wado ... ignored, set CI/WADO_FULL_TEST to run
test fixture_test_o1::serde_synth_wado ... ignored, set CI/WADO_FULL_TEST to run
test fixture_test_o1::shebang_basic_wado ... ignored, set CI/WADO_FULL_TEST to run
test fixture_test_o1::short_circuit_wado ... ignored, set CI/WADO_FULL_TEST to run
test fixture_test_o1::simd_basic_wado ... ignored, set CI/WADO_FULL_TEST to run
test fixture_test_o1::simd_v128_inspect_wado ... ignored, set CI/WADO_FULL_TEST to run
test fixture_test_o1::single_module_variant_iter_wado ... ignored, set CI/WADO_FULL_TEST to run
test fixture_test_o1::static_1_wado ... ignored, set CI/WADO_FULL_TEST to run
test fixture_test_o1::static_2_wado ... ignored, set CI/WADO_FULL_TEST to run
test fixture_test_o1::static_method_in_generic_context_wado ... ignored, set CI/WADO_FULL_TEST to run
test fixture_test_o1::static_method_trait_bound_error_wado ... ignored, set CI/WADO_FULL_TEST to run
test fixture_test_o1::store_to_load_forwarding_wado ... ignored, set CI/WADO_FULL_TEST to run
test fixture_test_o1::stores_basic_wado ... ignored, set CI/WADO_FULL_TEST to run
test fixture_test_o1::stores_fn_type_with_effect_param_wado ... ignored, set CI/WADO_FULL_TEST to run
test fixture_test_o1::stores_grammar_relaxed_wado ... ignored, set CI/WADO_FULL_TEST to run
test fixture_test_o1::stores_optimize_field_forward_wado ... ignored, set CI/WADO_FULL_TEST to run
test fixture_test_o1::stores_optimize_mixed_calls_wado ... ignored, set CI/WADO_FULL_TEST to run
test fixture_test_o1::stores_optimize_multiple_non_stores_wado ... ignored, set CI/WADO_FULL_TEST to run
test fixture_test_o1::stores_optimize_with_stores_no_forward_wado ... ignored, set CI/WADO_FULL_TEST to run
test fixture_test_o1::stores_self_violation_wado ... ignored, set CI/WADO_FULL_TEST to run
test fixture_test_o1::stores_self_wado ... ignored, set CI/WADO_FULL_TEST to run
test fixture_test_o1::stores_validation_error_wado ... ignored, set CI/WADO_FULL_TEST to run
test fixture_test_o1::stores_validation_unknown_wado ... ignored, set CI/WADO_FULL_TEST to run
test fixture_test_o1::stores_violation_global_wado ... ignored, set CI/WADO_FULL_TEST to run
test fixture_test_o1::stores_violation_return_wado ... ignored, set CI/WADO_FULL_TEST to run
test fixture_test_o1::stores_violation_struct_wado ... ignored, set CI/WADO_FULL_TEST to run
test fixture_test_o1::stores_with_effects_wado ... ignored, set CI/WADO_FULL_TEST to run
test fixture_test_o1::stream_cm_future_drop_wado ... ignored, set CI/WADO_FULL_TEST to run
test fixture_test_o1::stream_cm_stderr_write_wado ... ignored, set CI/WADO_FULL_TEST to run
test fixture_test_o1::stream_cm_stdin_pipe_wado ... ignored, set CI/WADO_FULL_TEST to run
test fixture_test_o1::stream_cm_stdin_read_wado ... ignored, set CI/WADO_FULL_TEST to run
test fixture_test_o1::stream_future_types_wado ... ignored, set CI/WADO_FULL_TEST to run
test fixture_test_o1::stream_http_echo_wado ... ignored, set CI/WADO_FULL_TEST to run
test fixture_test_o1::stream_http_read_request_body_wado ... ignored, set CI/WADO_FULL_TEST to run
test fixture_test_o1::stream_http_response_body_multi_wado ... ignored, set CI/WADO_FULL_TEST to run
test fixture_test_o1::stream_http_response_body_string_wado ... ignored, set CI/WADO_FULL_TEST to run
test fixture_test_o1::stream_http_response_body_wado ... ignored, set CI/WADO_FULL_TEST to run
test fixture_test_o1::stream_new_pair_wado ... ignored, set CI/WADO_FULL_TEST to run
test fixture_test_o1::stream_read_basic_wado ... ignored, set CI/WADO_FULL_TEST to run
test fixture_test_o1::stream_read_eof_wado ... ignored, set CI/WADO_FULL_TEST to run
test fixture_test_o1::stream_read_multiple_wado ... ignored, set CI/WADO_FULL_TEST to run
test fixture_test_o1::stream_readable_close_wado ... ignored, set CI/WADO_FULL_TEST to run
test fixture_test_o1::stream_writable_close_wado ... ignored, set CI/WADO_FULL_TEST to run
test fixture_test_o1::stream_writable_type_wado ... ignored, set CI/WADO_FULL_TEST to run
test fixture_test_o1::stream_write_hello_wado ... ignored, set CI/WADO_FULL_TEST to run
test fixture_test_o1::stream_write_multiple_wado ... ignored, set CI/WADO_FULL_TEST to run
test fixture_test_o1::stream_write_via_stream_wado ... ignored, set CI/WADO_FULL_TEST to run
test fixture_test_o1::string_from_utf8_lossy_newtype_wado ... ignored, set CI/WADO_FULL_TEST to run
test fixture_test_o1::string_insert_panic_boundary_wado ... ignored, set CI/WADO_FULL_TEST to run
test fixture_test_o1::string_insert_str_panic_boundary_wado ... ignored, set CI/WADO_FULL_TEST to run
test fixture_test_o1::string_multiline_wado ... ignored, set CI/WADO_FULL_TEST to run
test fixture_test_o1::string_remove_panic_boundary_wado ... ignored, set CI/WADO_FULL_TEST to run
test fixture_test_o1::string_remove_panic_oob_wado ... ignored, set CI/WADO_FULL_TEST to run
test fixture_test_o1::string_substr_bytes_panic_boundary_wado ... ignored, set CI/WADO_FULL_TEST to run
test fixture_test_o1::string_substr_bytes_panic_oob_wado ... ignored, set CI/WADO_FULL_TEST to run
test fixture_test_o1::string_truncate_panic_wado ... ignored, set CI/WADO_FULL_TEST to run
test fixture_test_o1::struct_1_wado ... ignored, set CI/WADO_FULL_TEST to run
test fixture_test_o1::struct_2_wado ... ignored, set CI/WADO_FULL_TEST to run
test fixture_test_o1::struct_destruct_exhaustive_error_wado ... ignored, set CI/WADO_FULL_TEST to run
test fixture_test_o1::struct_destruct_named_type_error_wado ... ignored, set CI/WADO_FULL_TEST to run
test fixture_test_o1::struct_eq_auto_generic_wado ... ignored, set CI/WADO_FULL_TEST to run
test fixture_test_o1::struct_eq_auto_ord_wado ... ignored, set CI/WADO_FULL_TEST to run
test fixture_test_o1::struct_eq_auto_user_override_wado ... ignored, set CI/WADO_FULL_TEST to run
test fixture_test_o1::struct_eq_auto_variant_field_wado ... ignored, set CI/WADO_FULL_TEST to run
test fixture_test_o1::struct_eq_auto_wado ... ignored, set CI/WADO_FULL_TEST to run
test fixture_test_o1::struct_field_rebind_in_export_run_wado ... ignored, set CI/WADO_FULL_TEST to run
test fixture_test_o1::struct_implicit_error_no_type_wado ... ignored, set CI/WADO_FULL_TEST to run
test fixture_test_o1::struct_import_alias_wado ... ignored, set CI/WADO_FULL_TEST to run
test fixture_test_o1::struct_import_collision_wado ... ignored, set CI/WADO_FULL_TEST to run
test fixture_test_o1::struct_literal_restrict_error_wado ... ignored, set CI/WADO_FULL_TEST to run
test fixture_test_o1::struct_literal_string_key_destructure_wado ... ignored, set CI/WADO_FULL_TEST to run
test fixture_test_o1::struct_literal_string_key_expr_error_wado ... ignored, set CI/WADO_FULL_TEST to run
test fixture_test_o1::struct_literal_string_key_int_error_wado ... ignored, set CI/WADO_FULL_TEST to run
test fixture_test_o1::struct_literal_string_key_keyword_wado ... ignored, set CI/WADO_FULL_TEST to run
test fixture_test_o1::struct_literal_string_key_treemap_wado ... ignored, set CI/WADO_FULL_TEST to run
test fixture_test_o1::struct_literal_string_key_wado ... ignored, set CI/WADO_FULL_TEST to run
test fixture_test_o1::struct_literal_unknown_field_error_wado ... ignored, set CI/WADO_FULL_TEST to run
test fixture_test_o1::struct_literal_unknown_field_implicit_error_wado ... ignored, set CI/WADO_FULL_TEST to run
test fixture_test_o1::struct_name_conflict_wado ... ignored, set CI/WADO_FULL_TEST to run
test fixture_test_o1::switch_default_binding_wado ... ignored, set CI/WADO_FULL_TEST to run
test fixture_test_o1::template_inspect_default_cap_wado ... ignored, set CI/WADO_FULL_TEST to run
test fixture_test_o1::template_string_generic_wado ... ignored, set CI/WADO_FULL_TEST to run
test fixture_test_o1::template_string_option_loop_wado ... ignored, set CI/WADO_FULL_TEST to run
test fixture_test_o1::template_string_precision_wado ... ignored, set CI/WADO_FULL_TEST to run
test fixture_test_o1::template_string_wado ... ignored, set CI/WADO_FULL_TEST to run
test fixture_test_o1::temporary_mut_array_arg_wado ... ignored, set CI/WADO_FULL_TEST to run
test fixture_test_o1::test_decl_wado ... ignored, set CI/WADO_FULL_TEST to run
test fixture_test_o1::test_expect_trap_wado ... ignored, set CI/WADO_FULL_TEST to run
test fixture_test_o1::test_fail_wado ... ignored, set CI/WADO_FULL_TEST to run
test fixture_test_o1::test_imported_test_block_skipped_wado ... ignored, set CI/WADO_FULL_TEST to run
test fixture_test_o1::test_special_names_wado ... ignored, set CI/WADO_FULL_TEST to run
test fixture_test_o1::test_todo_wado ... ignored, set CI/WADO_FULL_TEST to run
test fixture_test_o1::test_unicode_names_wado ... ignored, set CI/WADO_FULL_TEST to run
test fixture_test_o1::test_world_variant_generic_run_wado ... ignored, set CI/WADO_FULL_TEST to run
test fixture_test_o1::test_world_variant_generic_wado ... ignored, set CI/WADO_FULL_TEST to run
test fixture_test_o1::test_world_variant_group_wado ... ignored, set CI/WADO_FULL_TEST to run
test fixture_test_o1::tir_optimize_bool_identity_wado ... ignored, set CI/WADO_FULL_TEST to run
test fixture_test_o1::tir_optimize_early_exit_guard_wado ... ignored, set CI/WADO_FULL_TEST to run
test fixture_test_o1::tir_optimize_short_circuit_bounds_wado ... ignored, set CI/WADO_FULL_TEST to run
test fixture_test_o1::tmpl_hoist_escape_mixed_wado ... ignored, set CI/WADO_FULL_TEST to run
test fixture_test_o1::tmpl_hoist_escape_safe_wado ... ignored, set CI/WADO_FULL_TEST to run
test fixture_test_o1::tmpl_hoist_escape_unsafe_wado ... ignored, set CI/WADO_FULL_TEST to run
test fixture_test_o1::tmpl_hoist_fmt_default_wado ... ignored, set CI/WADO_FULL_TEST to run
test fixture_test_o1::tmpl_hoist_fmt_edge_wado ... ignored, set CI/WADO_FULL_TEST to run
test fixture_test_o1::tmpl_hoist_fmt_mixed_wado ... ignored, set CI/WADO_FULL_TEST to run
test fixture_test_o1::tmpl_hoist_fmt_multi_default_wado ... ignored, set CI/WADO_FULL_TEST to run
test fixture_test_o1::tmpl_hoist_fmt_params_wado ... ignored, set CI/WADO_FULL_TEST to run
test fixture_test_o1::tmpl_hoist_fmt_specifier_wado ... ignored, set CI/WADO_FULL_TEST to run
test fixture_test_o1::tmpl_hoist_fmt_struct_wado ... ignored, set CI/WADO_FULL_TEST to run
test fixture_test_o1::tmpl_hoist_formatter_wado ... ignored, set CI/WADO_FULL_TEST to run
test fixture_test_o1::tmpl_hoist_loop_wado ... ignored, set CI/WADO_FULL_TEST to run
test fixture_test_o1::trait_basic_wado ... ignored, set CI/WADO_FULL_TEST to run
test fixture_test_o1::trait_bound_1_wado ... ignored, set CI/WADO_FULL_TEST to run
test fixture_test_o1::trait_bound_2_wado ... ignored, set CI/WADO_FULL_TEST to run
test fixture_test_o1::trait_bound_3_wado ... ignored, set CI/WADO_FULL_TEST to run
test fixture_test_o1::trait_bound_4_wado ... ignored, set CI/WADO_FULL_TEST to run
test fixture_test_o1::trait_bound_5_wado ... ignored, set CI/WADO_FULL_TEST to run
test fixture_test_o1::trait_bound_6_wado ... ignored, set CI/WADO_FULL_TEST to run
test fixture_test_o1::trait_bound_7_wado ... ignored, set CI/WADO_FULL_TEST to run
test fixture_test_o1::trait_bound_add_generic_wado ... ignored, set CI/WADO_FULL_TEST to run
test fixture_test_o1::trait_bound_array_ord_wado ... ignored, set CI/WADO_FULL_TEST to run
test fixture_test_o1::trait_bound_crossmod_fn_violation_wado ... ignored, set CI/WADO_FULL_TEST to run
test fixture_test_o1::trait_bound_crossmod_violation_wado ... ignored, set CI/WADO_FULL_TEST to run
test fixture_test_o1::trait_bound_crossmod_wado ... ignored, set CI/WADO_FULL_TEST to run
test fixture_test_o1::trait_bound_fn_violation_wado ... ignored, set CI/WADO_FULL_TEST to run
test fixture_test_o1::trait_bound_impl_block_violation_wado ... ignored, set CI/WADO_FULL_TEST to run
test fixture_test_o1::trait_bound_method_on_type_param_builtin_wado ... ignored, set CI/WADO_FULL_TEST to run
test fixture_test_o1::trait_bound_method_on_type_param_ref_wado ... ignored, set CI/WADO_FULL_TEST to run
test fixture_test_o1::trait_bound_multi_violation_wado ... ignored, set CI/WADO_FULL_TEST to run
test fixture_test_o1::trait_bound_ord_wado ... ignored, set CI/WADO_FULL_TEST to run
test fixture_test_o1::trait_bound_reason_field_wado ... ignored, set CI/WADO_FULL_TEST to run
test fixture_test_o1::trait_bound_reason_nested_wado ... ignored, set CI/WADO_FULL_TEST to run
test fixture_test_o1::trait_bound_sort_no_ord_wado ... ignored, set CI/WADO_FULL_TEST to run
test fixture_test_o1::trait_bound_struct_field_bounded_violation_wado ... ignored, set CI/WADO_FULL_TEST to run
test fixture_test_o1::trait_bound_violation_wado ... ignored, set CI/WADO_FULL_TEST to run
test fixture_test_o1::trait_default_assert_self_call_wado ... ignored, set CI/WADO_FULL_TEST to run
test fixture_test_o1::trait_default_assoc_type_wado ... ignored, set CI/WADO_FULL_TEST to run
test fixture_test_o1::trait_default_method_calls_t_default_crossmod_wado ... ignored, set CI/WADO_FULL_TEST to run
test fixture_test_o1::trait_default_method_calls_t_default_wado ... ignored, set CI/WADO_FULL_TEST to run
test fixture_test_o1::trait_default_method_generic_self_call_wado ... ignored, set CI/WADO_FULL_TEST to run
test fixture_test_o1::trait_default_method_type_param_wado ... ignored, set CI/WADO_FULL_TEST to run
test fixture_test_o1::trait_default_wado ... ignored, set CI/WADO_FULL_TEST to run
test fixture_test_o1::trait_generic_assoc_type_return_wado ... ignored, set CI/WADO_FULL_TEST to run
test fixture_test_o1::trait_generic_option_return_wado ... ignored, set CI/WADO_FULL_TEST to run
test fixture_test_o1::trait_inherent_priority_wado ... ignored, set CI/WADO_FULL_TEST to run
test fixture_test_o1::trait_method_calls_method_wado ... ignored, set CI/WADO_FULL_TEST to run
test fixture_test_o1::trait_method_generic_concrete_trait_arg_wado ... ignored, set CI/WADO_FULL_TEST to run
test fixture_test_o1::trait_method_generic_return_on_assoc_type_wado ... ignored, set CI/WADO_FULL_TEST to run
test fixture_test_o1::trait_multiple_traits_wado ... ignored, set CI/WADO_FULL_TEST to run
test fixture_test_o1::trait_multiple_wado ... ignored, set CI/WADO_FULL_TEST to run
test fixture_test_o1::trait_mut_self_wado ... ignored, set CI/WADO_FULL_TEST to run
test fixture_test_o1::trait_option_return_wado ... ignored, set CI/WADO_FULL_TEST to run
test fixture_test_o1::trait_static_method_via_type_path_wado ... ignored, set CI/WADO_FULL_TEST to run
test fixture_test_o1::trait_unit_return_wado ... ignored, set CI/WADO_FULL_TEST to run
test fixture_test_o1::treemap_btree2_wado ... ignored, set CI/WADO_FULL_TEST to run
test fixture_test_o1::treemap_btree_wado ... ignored, set CI/WADO_FULL_TEST to run
test fixture_test_o1::treemap_literal_basic_wado ... ignored, set CI/WADO_FULL_TEST to run
test fixture_test_o1::treemap_literal_cast_wado ... ignored, set CI/WADO_FULL_TEST to run
test fixture_test_o1::treemap_literal_empty_wado ... ignored, set CI/WADO_FULL_TEST to run
test fixture_test_o1::treemap_literal_error_non_string_key_wado ... ignored, set CI/WADO_FULL_TEST to run
test fixture_test_o1::treemap_literal_fn_arg_wado ... ignored, set CI/WADO_FULL_TEST to run
test fixture_test_o1::treemap_literal_mutable_wado ... ignored, set CI/WADO_FULL_TEST to run
test fixture_test_o1::treemap_literal_string_values_wado ... ignored, set CI/WADO_FULL_TEST to run
test fixture_test_o1::treeset_mut_ref_deep_wado ... ignored, set CI/WADO_FULL_TEST to run
test fixture_test_o1::try_merged_wado ... ignored, set CI/WADO_FULL_TEST to run
test fixture_test_o1::try_op_error_non_result_fn_wado ... ignored, set CI/WADO_FULL_TEST to run
test fixture_test_o1::try_op_error_on_non_result_wado ... ignored, set CI/WADO_FULL_TEST to run
test fixture_test_o1::try_op_error_option_in_result_fn_wado ... ignored, set CI/WADO_FULL_TEST to run
test fixture_test_o1::try_op_error_result_in_option_fn_wado ... ignored, set CI/WADO_FULL_TEST to run
test fixture_test_o1::try_op_generic_method_call_wado ... ignored, set CI/WADO_FULL_TEST to run
test fixture_test_o1::tuple_1_wado ... ignored, set CI/WADO_FULL_TEST to run
test fixture_test_o1::tuple_2_wado ... ignored, set CI/WADO_FULL_TEST to run
test fixture_test_o1::tuple_destruct_error_mismatch_wado ... ignored, set CI/WADO_FULL_TEST to run
test fixture_test_o1::tuple_destruct_rest_wado ... ignored, set CI/WADO_FULL_TEST to run
test fixture_test_o1::tuple_elision_multivalue_wado ... ignored, set CI/WADO_FULL_TEST to run
test fixture_test_o1::tuple_error_index_out_of_bounds_wado ... ignored, set CI/WADO_FULL_TEST to run
test fixture_test_o1::tuple_error_length_mismatch_wado ... ignored, set CI/WADO_FULL_TEST to run
test fixture_test_o1::tuple_error_variable_index_wado ... ignored, set CI/WADO_FULL_TEST to run
test fixture_test_o1::tuple_for_of_break_wado ... ignored, set CI/WADO_FULL_TEST to run
test fixture_test_o1::tuple_for_of_continue_wado ... ignored, set CI/WADO_FULL_TEST to run
test fixture_test_o1::tuple_for_of_ref_wado ... ignored, set CI/WADO_FULL_TEST to run
test fixture_test_o1::tuple_for_of_return_wado ... ignored, set CI/WADO_FULL_TEST to run
test fixture_test_o1::tuple_for_of_wado ... ignored, set CI/WADO_FULL_TEST to run
test fixture_test_o1::tuple_literal_expected_type_in_branch_wado ... ignored, set CI/WADO_FULL_TEST to run
test fixture_test_o1::tuple_name_collision_2_wado ... ignored, set CI/WADO_FULL_TEST to run
test fixture_test_o1::tuple_name_collision_wado ... ignored, set CI/WADO_FULL_TEST to run
test fixture_test_o1::tuple_zip_wado ... ignored, set CI/WADO_FULL_TEST to run
test fixture_test_o1::type_cast_wado ... ignored, set CI/WADO_FULL_TEST to run
test fixture_test_o1::type_param_omission_cross_module_wado ... ignored, set CI/WADO_FULL_TEST to run
test fixture_test_o1::type_param_omission_free_fn_wado ... ignored, set CI/WADO_FULL_TEST to run
test fixture_test_o1::type_param_omission_instance_method_wado ... ignored, set CI/WADO_FULL_TEST to run
test fixture_test_o1::type_param_omission_static_method_wado ... ignored, set CI/WADO_FULL_TEST to run
test fixture_test_o1::type_param_omission_two_t_coerce_wado ... ignored, set CI/WADO_FULL_TEST to run
test fixture_test_o1::typecheck_assignment_wrong_type_wado ... ignored, set CI/WADO_FULL_TEST to run
test fixture_test_o1::typecheck_auto_deref_array_elem_wado ... ignored, set CI/WADO_FULL_TEST to run
test fixture_test_o1::typecheck_auto_deref_assign_wado ... ignored, set CI/WADO_FULL_TEST to run
test fixture_test_o1::typecheck_auto_deref_binary_op_wado ... ignored, set CI/WADO_FULL_TEST to run
test fixture_test_o1::typecheck_auto_deref_closure_arg_wado ... ignored, set CI/WADO_FULL_TEST to run
test fixture_test_o1::typecheck_auto_deref_comparison_wado ... ignored, set CI/WADO_FULL_TEST to run
test fixture_test_o1::typecheck_auto_deref_fn_arg_wado ... ignored, set CI/WADO_FULL_TEST to run
test fixture_test_o1::typecheck_auto_deref_generic_fn_wado ... ignored, set CI/WADO_FULL_TEST to run
test fixture_test_o1::typecheck_auto_deref_index_wado ... ignored, set CI/WADO_FULL_TEST to run
test fixture_test_o1::typecheck_auto_deref_let_binding_wado ... ignored, set CI/WADO_FULL_TEST to run
test fixture_test_o1::typecheck_auto_deref_nested_wado ... ignored, set CI/WADO_FULL_TEST to run
test fixture_test_o1::typecheck_auto_deref_return_wado ... ignored, set CI/WADO_FULL_TEST to run
test fixture_test_o1::typecheck_auto_deref_struct_field_wado ... ignored, set CI/WADO_FULL_TEST to run
test fixture_test_o1::typecheck_binop_add_f32_f64_wado ... ignored, set CI/WADO_FULL_TEST to run
test fixture_test_o1::typecheck_binop_add_i32_f32_wado ... ignored, set CI/WADO_FULL_TEST to run
test fixture_test_o1::typecheck_binop_add_i32_i64_wado ... ignored, set CI/WADO_FULL_TEST to run
test fixture_test_o1::typecheck_binop_add_i32_u32_wado ... ignored, set CI/WADO_FULL_TEST to run
test fixture_test_o1::typecheck_binop_add_u32_u64_wado ... ignored, set CI/WADO_FULL_TEST to run
test fixture_test_o1::typecheck_binop_eq_generic_vs_primitive_wado ... ignored, set CI/WADO_FULL_TEST to run
test fixture_test_o1::typecheck_binop_eq_i32_i64_wado ... ignored, set CI/WADO_FULL_TEST to run
test fixture_test_o1::typecheck_binop_fn_eq_wado ... ignored, set CI/WADO_FULL_TEST to run
test fixture_test_o1::typecheck_binop_shl_u64_i32_wado ... ignored, set CI/WADO_FULL_TEST to run
test fixture_test_o1::typecheck_binop_shr_i64_u32_wado ... ignored, set CI/WADO_FULL_TEST to run
test fixture_test_o1::typecheck_deref_nonref_wado ... ignored, set CI/WADO_FULL_TEST to run
test fixture_test_o1::typecheck_fn_arg_wrong_struct_wado ... ignored, set CI/WADO_FULL_TEST to run
test fixture_test_o1::typecheck_fn_arg_wrong_type_wado ... ignored, set CI/WADO_FULL_TEST to run
test fixture_test_o1::typecheck_generic_instance_mismatch_wado ... ignored, set CI/WADO_FULL_TEST to run
test fixture_test_o1::typecheck_global_init_wrong_type_wado ... ignored, set CI/WADO_FULL_TEST to run
test fixture_test_o1::typecheck_if_expr_branch_wado ... ignored, set CI/WADO_FULL_TEST to run
test fixture_test_o1::typecheck_if_expr_missing_else_wado ... ignored, set CI/WADO_FULL_TEST to run
test fixture_test_o1::typecheck_let_annotation_wrong_type_wado ... ignored, set CI/WADO_FULL_TEST to run
test fixture_test_o1::typecheck_newtype_assign_base_wado ... ignored, set CI/WADO_FULL_TEST to run
test fixture_test_o1::typecheck_newtype_assign_to_base_wado ... ignored, set CI/WADO_FULL_TEST to run
test fixture_test_o1::typecheck_newtype_chained_method_wado ... ignored, set CI/WADO_FULL_TEST to run
test fixture_test_o1::typecheck_newtype_method_byvalue_reverse_wado ... ignored, set CI/WADO_FULL_TEST to run
test fixture_test_o1::typecheck_newtype_method_byvalue_wado ... ignored, set CI/WADO_FULL_TEST to run
test fixture_test_o1::typecheck_newtype_method_ref_reverse_wado ... ignored, set CI/WADO_FULL_TEST to run
test fixture_test_o1::typecheck_newtype_method_ref_wado ... ignored, set CI/WADO_FULL_TEST to run
test fixture_test_o1::typecheck_newtype_mix_types_wado ... ignored, set CI/WADO_FULL_TEST to run
test fixture_test_o1::typecheck_newtype_multiple_params_wado ... ignored, set CI/WADO_FULL_TEST to run
test fixture_test_o1::typecheck_newtype_operator_mix_wado ... ignored, set CI/WADO_FULL_TEST to run
test fixture_test_o1::typecheck_newtype_return_type_wado ... ignored, set CI/WADO_FULL_TEST to run
test fixture_test_o1::typecheck_newtype_string_coercion_wado ... ignored, set CI/WADO_FULL_TEST to run
test fixture_test_o1::typecheck_option_coerce_struct_field_wado ... ignored, set CI/WADO_FULL_TEST to run
test fixture_test_o1::typecheck_option_mismatch_struct_field_wado ... ignored, set CI/WADO_FULL_TEST to run
test fixture_test_o1::typecheck_ref_deref_shared_yields_mut_wado ... ignored, set CI/WADO_FULL_TEST to run
test fixture_test_o1::typecheck_return_cross_module_wado ... ignored, set CI/WADO_FULL_TEST to run
test fixture_test_o1::typecheck_return_type_wado ... ignored, set CI/WADO_FULL_TEST to run
test fixture_test_o1::typecheck_struct_field_wrong_type_wado ... ignored, set CI/WADO_FULL_TEST to run
test fixture_test_o1::typecheck_submodule_generic_type_wado ... ignored, set CI/WADO_FULL_TEST to run
test fixture_test_o1::typecheck_submodule_type_wado ... ignored, set CI/WADO_FULL_TEST to run
test fixture_test_o1::typecheck_treemap_literal_hetero_values_wado ... ignored, set CI/WADO_FULL_TEST to run
test fixture_test_o1::typecheck_tuple_type_wado ... ignored, set CI/WADO_FULL_TEST to run
test fixture_test_o1::typecheck_variant_ref_coercion_wado ... ignored, set CI/WADO_FULL_TEST to run
test fixture_test_o1::u64_arithmetic_wado ... ignored, set CI/WADO_FULL_TEST to run
test fixture_test_o1::unary_neg_float_wado ... ignored, set CI/WADO_FULL_TEST to run
test fixture_test_o1::unicode_incomplete_surrogate_pair_wado ... ignored, set CI/WADO_FULL_TEST to run
test fixture_test_o1::unicode_invalid_codepoint_wado ... ignored, set CI/WADO_FULL_TEST to run
test fixture_test_o1::unicode_lone_surrogate_braces_wado ... ignored, set CI/WADO_FULL_TEST to run
test fixture_test_o1::unicode_surrogate_not_followed_by_low_wado ... ignored, set CI/WADO_FULL_TEST to run
test fixture_test_o1::use_invalid_module_path_wado ... ignored, set CI/WADO_FULL_TEST to run
test fixture_test_o1::use_local_module_wado ... ignored, set CI/WADO_FULL_TEST to run
test fixture_test_o1::use_unknown_namespace_wado ... ignored, set CI/WADO_FULL_TEST to run
test fixture_test_o1::user_effect_smoke_wado ... ignored, set CI/WADO_FULL_TEST to run
test fixture_test_o1::user_func_wado ... ignored, set CI/WADO_FULL_TEST to run
test fixture_test_o1::user_function_call_wado ... ignored, set CI/WADO_FULL_TEST to run
test fixture_test_o1::user_resource_smoke_wado ... ignored, set CI/WADO_FULL_TEST to run
test fixture_test_o1::user_world_smoke_wado ... ignored, set CI/WADO_FULL_TEST to run
test fixture_test_o1::value_copy_builtin_array_wado ... ignored, set CI/WADO_FULL_TEST to run
test fixture_test_o1::value_copy_demote_element_mut_wado ... ignored, set CI/WADO_FULL_TEST to run
test fixture_test_o1::value_copy_demote_mixed_sites_wado ... ignored, set CI/WADO_FULL_TEST to run
test fixture_test_o1::value_copy_demote_wado ... ignored, set CI/WADO_FULL_TEST to run
test fixture_test_o1::value_copy_elide_qmark_wado ... ignored, set CI/WADO_FULL_TEST to run
test fixture_test_o1::value_copy_iterator_fresh_elision_wado ... ignored, set CI/WADO_FULL_TEST to run
test fixture_test_o1::value_copy_nested_array_helper_chain_wado ... ignored, set CI/WADO_FULL_TEST to run
test fixture_test_o1::value_copy_nested_struct_wado ... ignored, set CI/WADO_FULL_TEST to run
test fixture_test_o1::value_semantics_wado ... ignored, set CI/WADO_FULL_TEST to run
test fixture_test_o1::var_uninit_loop_not_guaranteed_error_wado ... ignored, set CI/WADO_FULL_TEST to run
test fixture_test_o1::var_uninit_missing_else_error_wado ... ignored, set CI/WADO_FULL_TEST to run
test fixture_test_o1::var_uninit_no_assign_error_wado ... ignored, set CI/WADO_FULL_TEST to run
test fixture_test_o1::var_uninit_no_type_annotation_error_wado ... ignored, set CI/WADO_FULL_TEST to run
test fixture_test_o1::var_uninit_partial_match_error_wado ... ignored, set CI/WADO_FULL_TEST to run
test fixture_test_o1::var_uninit_valid_wado ... ignored, set CI/WADO_FULL_TEST to run
test fixture_test_o1::variadic_1_wado ... ignored, set CI/WADO_FULL_TEST to run
test fixture_test_o1::variadic_2_wado ... ignored, set CI/WADO_FULL_TEST to run
test fixture_test_o1::variadic_3_wado ... ignored, set CI/WADO_FULL_TEST to run
test fixture_test_o1::variadic_concat_wado ... ignored, set CI/WADO_FULL_TEST to run
test fixture_test_o1::variadic_deserialize_wado ... ignored, set CI/WADO_FULL_TEST to run
test fixture_test_o1::variadic_ellipsis_error_wado ... ignored, set CI/WADO_FULL_TEST to run
test fixture_test_o1::variadic_for_of_generic_method_wado ... ignored, set CI/WADO_FULL_TEST to run
test fixture_test_o1::variadic_for_of_ref_wado ... ignored, set CI/WADO_FULL_TEST to run
test fixture_test_o1::variadic_impl_method_type_param_wado ... ignored, set CI/WADO_FULL_TEST to run
test fixture_test_o1::variadic_parse_error_effect_pack_wado ... ignored, set CI/WADO_FULL_TEST to run
test fixture_test_o1::variadic_parse_error_two_packs_wado ... ignored, set CI/WADO_FULL_TEST to run
test fixture_test_o1::variadic_trait_bound_wado ... ignored, set CI/WADO_FULL_TEST to run
test fixture_test_o1::variant_construct_wado ... ignored, set CI/WADO_FULL_TEST to run
test fixture_test_o1::variant_construct_with_payload_wado ... ignored, set CI/WADO_FULL_TEST to run
test fixture_test_o1::variant_cross_module_pattern_wado ... ignored, set CI/WADO_FULL_TEST to run
test fixture_test_o1::variant_custom_decl_wado ... ignored, set CI/WADO_FULL_TEST to run
test fixture_test_o1::variant_deref_cross_module_wado ... ignored, set CI/WADO_FULL_TEST to run
test fixture_test_o1::variant_eq_auto_generic_wado ... ignored, set CI/WADO_FULL_TEST to run
test fixture_test_o1::variant_eq_auto_recursive_wado ... ignored, set CI/WADO_FULL_TEST to run
test fixture_test_o1::variant_eq_auto_wado ... ignored, set CI/WADO_FULL_TEST to run
test fixture_test_o1::variant_eq_user_impl_wado ... ignored, set CI/WADO_FULL_TEST to run
test fixture_test_o1::variant_f64_payload_wado ... ignored, set CI/WADO_FULL_TEST to run
test fixture_test_o1::variant_if_let_basic_wado ... ignored, set CI/WADO_FULL_TEST to run
test fixture_test_o1::variant_import_module_wado ... ignored, set CI/WADO_FULL_TEST to run
test fixture_test_o1::variant_import_mut_wado ... ignored, set CI/WADO_FULL_TEST to run
test fixture_test_o1::variant_import_struct_module_wado ... ignored, set CI/WADO_FULL_TEST to run
test fixture_test_o1::variant_import_struct_simple_wado ... ignored, set CI/WADO_FULL_TEST to run
test fixture_test_o1::variant_import_struct_wado ... ignored, set CI/WADO_FULL_TEST to run
test fixture_test_o1::variant_import_value_wado ... ignored, set CI/WADO_FULL_TEST to run
test fixture_test_o1::variant_import_wado ... ignored, set CI/WADO_FULL_TEST to run
test fixture_test_o1::variant_in_struct_field_wado ... ignored, set CI/WADO_FULL_TEST to run
test fixture_test_o1::variant_in_struct_match_module_wado ... ignored, set CI/WADO_FULL_TEST to run
test fixture_test_o1::variant_in_struct_match_wado ... ignored, set CI/WADO_FULL_TEST to run
test fixture_test_o1::variant_in_struct_simple_module_wado ... ignored, set CI/WADO_FULL_TEST to run
test fixture_test_o1::variant_in_struct_simple_wado ... ignored, set CI/WADO_FULL_TEST to run
test fixture_test_o1::variant_infer_wado ... ignored, set CI/WADO_FULL_TEST to run
test fixture_test_o1::variant_option_of_variant_wado ... ignored, set CI/WADO_FULL_TEST to run
test fixture_test_o1::variant_qualified_pattern_wado ... ignored, set CI/WADO_FULL_TEST to run
test fixture_test_o1::variant_recursive_struct_payload_constructor_wado ... ignored, set CI/WADO_FULL_TEST to run
test fixture_test_o1::variant_struct_concat_module_wado ... ignored, set CI/WADO_FULL_TEST to run
test fixture_test_o1::variant_struct_concat_wado ... ignored, set CI/WADO_FULL_TEST to run
test fixture_test_o1::variant_struct_string_module_wado ... ignored, set CI/WADO_FULL_TEST to run
test fixture_test_o1::variant_struct_string_wado ... ignored, set CI/WADO_FULL_TEST to run
test fixture_test_o1::variant_value_semantics_wado ... ignored, set CI/WADO_FULL_TEST to run
test fixture_test_o1::wasi_cli_terminal_wado ... ignored, set CI/WADO_FULL_TEST to run
test fixture_test_o1::wasi_cli_wado ... ignored, set CI/WADO_FULL_TEST to run
test fixture_test_o1::wasi_clocks_full_wado ... ignored, set CI/WADO_FULL_TEST to run
test fixture_test_o1::wasi_clocks_timezone_wado ... ignored, set CI/WADO_FULL_TEST to run
test fixture_test_o1::wasi_clocks_wado ... ignored, set CI/WADO_FULL_TEST to run
test fixture_test_o1::wasi_filesystem_advise_sync_wado ... ignored, set CI/WADO_FULL_TEST to run
test fixture_test_o1::wasi_filesystem_append_stream_wado ... ignored, set CI/WADO_FULL_TEST to run
test fixture_test_o1::wasi_filesystem_dir_ops_wado ... ignored, set CI/WADO_FULL_TEST to run
test fixture_test_o1::wasi_filesystem_get_type_wado ... ignored, set CI/WADO_FULL_TEST to run
test fixture_test_o1::wasi_filesystem_metadata_hash_wado ... ignored, set CI/WADO_FULL_TEST to run
test fixture_test_o1::wasi_filesystem_open_at_wado ... ignored, set CI/WADO_FULL_TEST to run
test fixture_test_o1::wasi_filesystem_open_flags_wado ... ignored, set CI/WADO_FULL_TEST to run
test fixture_test_o1::wasi_filesystem_read_stream_wado ... ignored, set CI/WADO_FULL_TEST to run
test fixture_test_o1::wasi_filesystem_read_transform_stream_wado ... ignored, set CI/WADO_FULL_TEST to run
test fixture_test_o1::wasi_filesystem_rename_unlink_wado ... ignored, set CI/WADO_FULL_TEST to run
test fixture_test_o1::wasi_filesystem_set_size_wado ... ignored, set CI/WADO_FULL_TEST to run
test fixture_test_o1::wasi_filesystem_set_times_wado ... ignored, set CI/WADO_FULL_TEST to run
test fixture_test_o1::wasi_filesystem_stat_wado ... ignored, set CI/WADO_FULL_TEST to run
test fixture_test_o1::wasi_filesystem_symlink_wado ... ignored, set CI/WADO_FULL_TEST to run
test fixture_test_o1::wasi_filesystem_wado ... ignored, set CI/WADO_FULL_TEST to run
test fixture_test_o1::wasi_filesystem_write_stream_wado ... ignored, set CI/WADO_FULL_TEST to run
test fixture_test_o1::wasi_newtype_literal_wado ... ignored, set CI/WADO_FULL_TEST to run
test fixture_test_o1::wasi_random_wado ... ignored, set CI/WADO_FULL_TEST to run
test fixture_test_o1::wasi_sockets_import_wado ... ignored, set CI/WADO_FULL_TEST to run
test fixture_test_o1::wasi_tls_import_wado ... ignored, set CI/WADO_FULL_TEST to run
test fixture_test_o1::wasi_tls_mock_error_wado ... ignored, set CI/WADO_FULL_TEST to run
test fixture_test_o1::wasi_tls_mock_recv_wado ... ignored, set CI/WADO_FULL_TEST to run
test fixture_test_o1::wasi_tls_result_error_wado ... ignored, set CI/WADO_FULL_TEST to run
test fixture_test_o1::wasm_import_bad_import_wado ... ignored, set CI/WADO_FULL_TEST to run
test fixture_test_o1::wasm_import_has_start_wado ... ignored, set CI/WADO_FULL_TEST to run
test fixture_test_o1::wasm_import_invalid_wasm_wado ... ignored, set CI/WADO_FULL_TEST to run
test fixture_test_o1::wasm_import_invalid_wat_wado ... ignored, set CI/WADO_FULL_TEST to run
test fixture_test_o1::wasm_import_user_wasm_wado ... ignored, set CI/WADO_FULL_TEST to run
test fixture_test_o1::wasm_import_user_wat_wado ... ignored, set CI/WADO_FULL_TEST to run
test fixture_test_o1::wasm_instructions_float_math_wado ... ignored, set CI/WADO_FULL_TEST to run
test fixture_test_o1::wasm_name_conflict_closure_wado ... ignored, set CI/WADO_FULL_TEST to run
test fixture_test_o1::wasm_name_conflict_entry_struct_wado ... ignored, set CI/WADO_FULL_TEST to run
test fixture_test_o1::wasm_name_conflict_enum_wado ... ignored, set CI/WADO_FULL_TEST to run
test fixture_test_o1::wasm_name_conflict_free_fn_wado ... ignored, set CI/WADO_FULL_TEST to run
test fixture_test_o1::wasm_name_conflict_generic_fn_wado ... ignored, set CI/WADO_FULL_TEST to run
test fixture_test_o1::wasm_name_conflict_global_wado ... ignored, set CI/WADO_FULL_TEST to run
test fixture_test_o1::wasm_name_conflict_method_wado ... ignored, set CI/WADO_FULL_TEST to run
test fixture_test_o1::wasm_name_conflict_newtype_wado ... ignored, set CI/WADO_FULL_TEST to run
test fixture_test_o1::wasm_name_conflict_pub_use_alias_wado ... ignored, set CI/WADO_FULL_TEST to run
test fixture_test_o1::wasm_name_conflict_struct_wado ... ignored, set CI/WADO_FULL_TEST to run
test fixture_test_o1::wasm_name_conflict_trait_wado ... ignored, set CI/WADO_FULL_TEST to run
test fixture_test_o1::wasm_name_conflict_variant_wado ... ignored, set CI/WADO_FULL_TEST to run
test fixture_test_o1::while_merged_wado ... ignored, set CI/WADO_FULL_TEST to run
test fixture_test_o1::wildcard_import_no_bind_wado ... ignored, set CI/WADO_FULL_TEST to run
test fixture_test_o1::wildcard_import_wado ... ignored, set CI/WADO_FULL_TEST to run
test fixture_test_o1::wir_issue6_circular_struct_variant_wado ... ignored, set CI/WADO_FULL_TEST to run
test fixture_test_o1::wir_issue8_cross_module_variant_wado ... ignored, set CI/WADO_FULL_TEST to run
test fixture_test_o1::wir_optimize_branchless_increment_wado ... ignored, set CI/WADO_FULL_TEST to run
test fixture_test_o1::wir_optimize_copy_prop_destructure_wado ... ignored, set CI/WADO_FULL_TEST to run
test fixture_test_o1::wir_optimize_cse_wado ... ignored, set CI/WADO_FULL_TEST to run
test fixture_test_o1::wir_optimize_dae_wado ... ignored, set CI/WADO_FULL_TEST to run
test fixture_test_o1::wir_optimize_dce_orphan_push_wado ... ignored, set CI/WADO_FULL_TEST to run
test fixture_test_o1::wir_optimize_labeled_block_copy_prop_safety_wado ... ignored, set CI/WADO_FULL_TEST to run
test fixture_test_o1::wir_optimize_labeled_block_copy_prop_wado ... ignored, set CI/WADO_FULL_TEST to run
test fixture_test_o1::wir_optimize_negate_eqz_wado ... ignored, set CI/WADO_FULL_TEST to run
test fixture_test_o1::wir_optimize_unwrap_fresh_elision_edge_wado ... ignored, set CI/WADO_FULL_TEST to run
test fixture_test_o1::wir_optimize_unwrap_fresh_elision_wado ... ignored, set CI/WADO_FULL_TEST to run
test fixture_test_o1::wir_optimize_value_copy_call_arg_needed_wado ... ignored, set CI/WADO_FULL_TEST to run
test fixture_test_o1::wir_optimize_value_copy_chained_field_wado ... ignored, set CI/WADO_FULL_TEST to run
test fixture_test_o1::wir_optimize_value_copy_if_fresh_wado ... ignored, set CI/WADO_FULL_TEST to run
test fixture_test_o1::wir_optimize_value_copy_match_fresh_wado ... ignored, set CI/WADO_FULL_TEST to run
test fixture_test_o1::wir_optimize_value_copy_multivalue_fresh_wado ... ignored, set CI/WADO_FULL_TEST to run
test fixture_test_o1::wir_optimize_value_copy_mutation_needed_wado ... ignored, set CI/WADO_FULL_TEST to run
test fixture_test_o1::wir_optimize_value_copy_str_bytes_loop_wado ... ignored, set CI/WADO_FULL_TEST to run
test fixture_test_o1::wir_optimize_value_copy_variant_read_wado ... ignored, set CI/WADO_FULL_TEST to run
test fixture_test_o1::wir_optimize_vcopy_deref_snapshot_wado ... ignored, set CI/WADO_FULL_TEST to run
test fixture_test_o1::wir_optimize_vcopy_into_struct_wado ... ignored, set CI/WADO_FULL_TEST to run
test fixture_test_o1::wir_optimize_vcopy_return_struct_wado ... ignored, set CI/WADO_FULL_TEST to run
test fixture_test_o1::with_handler_body_return_is_definite_exit_wado ... ignored, set CI/WADO_FULL_TEST to run
test fixture_test_o0::wir_optimize_vcopy_return_struct_wado ... ok
test fixture_test_o0::with_handler_body_return_is_definite_exit_wado ... ok
test fixture_test_o2::allocator_free_rewind_wado ... ok
test fixture_test_o2::allocator_debug_poison_wado ... ok
test fixture_test_o2::allocator_freelist_align_wado ... ok
test fixture_test_o2::allocator_freelist_bins_wado ... ok
test fixture_test_o2::allocator_freelist_churn_wado ... ok
test fixture_test_o2::allocator_freelist_churn_mixed_wado ... ok
test fixture_test_o2::allocator_freelist_coalesce_both_wado ... ok
test fixture_test_o2::allocator_freelist_coalesce_wado ... ok
test fixture_test_o2::allocator_freelist_double_free_wado ... ok
test fixture_test_o2::allocator_freelist_no_coalesce_wado ... ok
test fixture_test_o2::allocator_freelist_reclaim_wado ... ok
test fixture_test_o2::allocator_freelist_split_wado ... ok
test fixture_test_o2::allocator_grow_wado ... ok
test fixture_test_o2::allocator_freelist_zero_free_wado ... ok
test fixture_test_o2::anon_struct_basic_wado ... ok
test fixture_test_o2::anon_struct_nested_wado ... ok
test fixture_test_o2::anon_struct_structural_eq_wado ... ok
test fixture_test_o2::anon_struct_shorthand_wado ... ok
test fixture_test_o2::anon_struct_various_types_wado ... ok
test fixture_test_o2::array_append_collapse_wado ... ok
test fixture_test_o2::array_bounds_check_negative_wado ... ok
test fixture_test_o2::array_bounds_check_empty_wado ... ok
test fixture_test_o2::array_bounds_check_oob_read_wado ... ok
test fixture_test_o2::array_bounds_check_oob_write_wado ... ok
test fixture_test_o2::array_bounds_elim_const_wado ... ok
test fixture_test_o2::array_bounds_elim_const_wir_wado ... ok
test fixture_test_o2::array_bounds_elim_le_guard_wado ... ok
test fixture_test_o2::array_bounds_elim_le_guard_wir_wado ... ok
test fixture_test_o2::array_bounds_elim_loop_guard_wado ... ok
test fixture_test_o2::array_bounds_elim_loop_guard_wir_wado ... ok
test fixture_test_o2::array_bounds_elim_oob_after_mutation_wado ... ok
test fixture_test_o2::array_bounds_elim_oob_complex_wado ... ok
test fixture_test_o2::array_bounds_elim_oob_loop_dynamic_wado ... ok
test fixture_test_o2::array_bounds_elim_oob_preserved_wir_wado ... ok
test fixture_test_o2::array_bounds_elim_oob_simple_wado ... ok
test fixture_test_o2::array_error_heterogeneous_wado ... ok
test fixture_test_o2::array_empty_wado ... ok
test fixture_test_o2::array_bounds_wado ... ok
test fixture_test_o2::array_explicit_cast_wado ... ok
test fixture_test_o2::array_f64_wado ... ok
test fixture_test_o2::array_index_1_wado ... ok
test fixture_test_o2::array_index_2_wado ... ok
test fixture_test_o2::array_index_inline_method_wado ... ok
test fixture_test_o2::array_literal_coerce_u8_wado ... ok
test fixture_test_o2::array_large_literal_dynamic_wado ... ok
test fixture_test_o2::array_index_inline_recursive_wado ... ok
test fixture_test_o2::array_literal_nir_materialize_wado ... ok
test fixture_test_o2::array_literal_side_effect_element_wado ... ok
test fixture_test_o2::array_of_generic_struct_wado ... ok
test fixture_test_o2::array_param_coercion_wado ... ok
test fixture_test_o2::array_new_wado ... ok
test fixture_test_o2::array_return_wado ... ok
test fixture_test_o2::array_specialized_wado ... ok
test fixture_test_o2::array_tuple_unit_wado ... ok
test fixture_test_o2::array_string_wado ... ok
test fixture_test_o2::assert_fail_call_arg_ident_wado ... ok
test fixture_test_o2::array_type_annotation_wado ... ok
test fixture_test_o2::assert_escape_in_condition_wado ... ok
test fixture_test_o2::assert_fail_call_arg_side_effect_wado ... ok
test fixture_test_o2::assert_fail_intermediate_wado ... ok
test fixture_test_o2::assert_fail_mut_ref_arg_wado ... ok
test fixture_test_o2::assert_fail_call_arg_wado ... ok
test fixture_test_o2::assert_fail_side_effect_wado ... ok
test fixture_test_o2::assert_fail_simple_wado ... ok
test fixture_test_o2::assert_inspect_char_wado ... ok
test fixture_test_o2::assert_fail_with_message_wado ... ok
test fixture_test_o2::assert_inspect_enum_wado ... ok
test fixture_test_o2::assert_inspect_if_wado ... ok
test fixture_test_o2::assert_inspect_float_precision_wado ... ok
test fixture_test_o2::assert_inspect_float_wado ... ok
test fixture_test_o2::assert_inspect_matches_wado ... ok
test fixture_test_o2::assert_inspect_mut_ref_wado ... ok
test fixture_test_o2::assert_inspect_ref_wado ... ok
test fixture_test_o2::assert_inspect_string_wado ... ok
test fixture_test_o2::assert_inspect_struct_wado ... ok
test fixture_test_o2::assert_inspect_variant_wado ... ok
test fixture_test_o2::assert_truncate_string_wado ... ok
test fixture_test_o2::assert_pass_wado ... ok
test fixture_test_o2::assoc_projection_method_compose_wado ... ok
test fixture_test_o2::assoc_type_generic_param_projection_wado ... ok
test fixture_test_o2::assoc_type_projection_struct_field_wado ... ok
test fixture_test_o2::associated_const_wado ... ok
test fixture_test_o2::associated_type_1_wado ... ok
test fixture_test_o2::bind_error_duplicate_in_scope_wado ... ok
test fixture_test_o2::bind_error_module_wado ... ok
test fixture_test_o2::bind_error_use_before_define_wado ... ok
test fixture_test_o2::associated_type_2_wado ... ok
test fixture_test_o2::auto_deref_template_wado ... ok
test fixture_test_o2::auto_deref_wado ... ok
test fixture_test_o2::bitwise_merged_wado ... ok
test fixture_test_o2::bug_copy_prop_method_array_literal_arg_wado ... ok
test fixture_test_o2::bug_copy_prop_mut_param_rebind_wado ... ok
test fixture_test_o2::bug_mut_ref_after_continue_wado ... ok
test fixture_test_o2::bug_store_load_forward_mut_method_receiver_wado ... ok
test fixture_test_o2::callable_expr_arg_type_error_wado ... ok
test fixture_test_o2::builtin_v128_load_store_wado ... ok
test fixture_test_o2::callable_expr_arity_error_wado ... ok
test fixture_test_o2::callable_expr_not_callable_error_wado ... ok
test fixture_test_o2::char_cast_from_i32_error_wado ... ok
test fixture_test_o2::callable_expr_wado ... ok
test fixture_test_o2::cast_deref_precedence_wado ... ok
test fixture_test_o2::cast_int64_to_int_wado ... ok
test fixture_test_o2::char_cast_from_i8_error_wado ... ok
test fixture_test_o2::char_cast_to_f64_error_wado ... ok
test fixture_test_o2::char_cast_from_u32_error_wado ... ok
test fixture_test_o2::char_cast_wado ... ok
test fixture_test_o2::cli_args_wado ... ok
test fixture_test_o2::cli_eprint_wado ... ok
test fixture_test_o2::cli_print_wado ... ok
test fixture_test_o2::closure_1_wado ... ok
test fixture_test_o2::closure_auto_capture_mut_wado ... ok
test fixture_test_o2::closure_2_wado ... ok
test fixture_test_o2::closure_3_wado ... ok
test fixture_test_o2::closure_bound_with_multi_effect_wado ... ok
test fixture_test_o2::closure_cm_boundary_import_error_wado ... ok
test fixture_test_o2::closure_cm_boundary_imported_struct_error_wado ... ok
test fixture_test_o2::closure_cm_boundary_param_error_wado ... ok
test fixture_test_o2::closure_cm_boundary_return_error_wado ... ok
test fixture_test_o2::closure_cm_boundary_struct_field_error_wado ... ok
test fixture_test_o2::closure_cm_boundary_variant_payload_error_wado ... ok
test fixture_test_o2::closure_escapes_effect_todo_wado ... ok
test fixture_test_o2::closure_field_mutation_wado ... ok
test fixture_test_o2::closure_effect_generic_wado ... ok
test fixture_test_o2::closure_fn_bound_with_effect_param_wado ... ok
test fixture_test_o2::closure_fn_bound_with_regular_type_param_wado ... ok
test fixture_test_o2::closure_fn_mut_basic_wado ... ok
test fixture_test_o2::closure_for_loop_mutation_wado ... ok
test fixture_test_o2::closure_generic_bound_fn_wado ... ok
test fixture_test_o2::closure_iflet_template_collision_wado ... ok
test fixture_test_o2::closure_iterator_effectful_wado ... ok
test fixture_test_o2::closure_iterator_fn_mut_wado ... ok
test fixture_test_o2::closure_match_body_mutation_wado ... ok
test fixture_test_o2::closure_method_fn_bound_wado ... ok
test fixture_test_o2::closure_mut_binding_required_via_field_error_wado ... ok
test fixture_test_o2::closure_mut_binding_required_error_wado ... ok
test fixture_test_o2::closure_mut_binding_required_via_index_error_wado ... ok
test fixture_test_o2::closure_mut_binding_required_via_nested_field_error_wado ... ok
test fixture_test_o2::closure_mut_binding_required_via_index_field_error_wado ... ok
test fixture_test_o2::closure_mut_binding_temporary_root_wado ... ok
test fixture_test_o2::closure_mut_binding_via_field_wado ... ok
test fixture_test_o2::closure_mut_param_required_error_wado ... ok
test fixture_test_o2::closure_mut_binding_via_index_wado ... ok
test fixture_test_o2::closure_nested_literal_wado ... ok
test fixture_test_o2::closure_subtyping_fn_mut_to_fn_error_wado ... ok
test fixture_test_o2::closure_param_pattern_temp_wado ... ok
test fixture_test_o2::closure_subtyping_fn_to_fn_mut_wado ... ok
test fixture_test_o2::closure_template_local_collision_wado ... ok
test fixture_test_o2::cm_error_context_wado ... ok
test fixture_test_o2::cm_future_partial_use_destructure_wado ... ok
test fixture_test_o2::cm_future_read_cli_wado ... ok
test fixture_test_o2::cm_future_read_wado ... ok
test fixture_test_o2::cm_stream_read_record_in_branch_wado ... ok
test fixture_test_o2::cm_subtask_join_wado ... ok
test fixture_test_o2::cm_waitable_set_new_wado ... ok
test fixture_test_o2::cm_waitable_set_poll_wado ... ok
test fixture_test_o2::coerce_float_literal_args_wado ... ok
test fixture_test_o2::coerce_float_literal_let_wado ... ok
test fixture_test_o2::coerce_float_literal_return_wado ... ok
test fixture_test_o2::coerce_float_wado ... ok
test fixture_test_o2::coerce_i128_u128_wado ... ok
test fixture_test_o2::coerce_int_1_wado ... ok
test fixture_test_o2::coerce_int_2_wado ... ok
test fixture_test_o2::coerce_int_4_wado ... ok
test fixture_test_o2::coerce_int_3_wado ... ok
test fixture_test_o2::coerce_invalid_i128_hex_overflow_wado ... ok
test fixture_test_o2::coerce_invalid_i128_overflow_wado ... ok
test fixture_test_o2::coerce_invalid_i16_hex_overflow_wado ... ok
test fixture_test_o2::coerce_invalid_i128_underflow_wado ... ok
test fixture_test_o2::coerce_invalid_i16_overflow_wado ... ok
test fixture_test_o2::coerce_invalid_i16_underflow_wado ... ok
test fixture_test_o2::coerce_invalid_i32_binary_overflow_wado ... ok
test fixture_test_o2::coerce_invalid_i32_hex_bit_pattern_wado ... ok
test fixture_test_o2::coerce_invalid_i32_hex_overflow_wado ... ok
test fixture_test_o2::coerce_invalid_i32_octal_overflow_wado ... ok
test fixture_test_o2::coerce_invalid_i32_overflow_wado ... ok
test fixture_test_o2::coerce_invalid_i32_underflow_wado ... ok
test fixture_test_o2::coerce_invalid_i64_hex_bit_pattern_wado ... ok
test fixture_test_o2::coerce_invalid_i64_overflow_wado ... ok
test fixture_test_o2::coerce_invalid_i8_binary_overflow_wado ... ok
test fixture_test_o2::coerce_invalid_i8_hex_overflow_wado ... ok
test fixture_test_o2::coerce_invalid_i8_octal_overflow_wado ... ok
test fixture_test_o2::coerce_invalid_i8_overflow_wado ... ok
test fixture_test_o2::coerce_invalid_i8_underflow_wado ... ok
test fixture_test_o2::coerce_invalid_u128_hex_overflow_wado ... ok
test fixture_test_o2::coerce_invalid_u16_negative_wado ... ok
test fixture_test_o2::coerce_invalid_u128_overflow_wado ... ok
test fixture_test_o2::coerce_invalid_u16_overflow_wado ... ok
test fixture_test_o2::coerce_invalid_u32_negative_wado ... ok
test fixture_test_o2::coerce_invalid_u64_negative_wado ... ok
test fixture_test_o2::coerce_invalid_u32_overflow_wado ... ok
test fixture_test_o2::coerce_invalid_u8_negative_wado ... ok
test fixture_test_o2::coerce_invalid_u8_overflow_wado ... ok
test fixture_test_o2::coerce_match_arm_wado ... ok
test fixture_test_o2::cold_path_fallthrough_wado ... ok
test fixture_test_o2::coerce_struct_field_wado ... ok
test fixture_test_o2::cold_path_wado ... ok
test fixture_test_o2::compiler_item_attr_unknown_name_rejected_wado ... ok
test fixture_test_o2::compiler_item_attr_user_module_rejected_wado ... ok
test fixture_test_o2::comparison_chain_side_effects_wado ... ok
test fixture_test_o2::compound_assign_basic_wado ... ok
test fixture_test_o2::concrete_impl_inherent_wado ... ok
test fixture_test_o2::concrete_impl_method_generics_wado ... ok
test fixture_test_o2::concrete_impl_nested_wrong_wado ... ok
test fixture_test_o2::concrete_impl_nested_generic_wado ... ok
test fixture_test_o2::concrete_impl_wrong_instantiation_wado ... ok
test fixture_test_o2::concrete_impl_param_name_collision_wado ... ok
test fixture_test_o2::concrete_impl_trait_wado ... ok
test fixture_test_o2::condition_implication_field_chain_bound_wado ... ok
test fixture_test_o2::condition_implication_stale_def_soundness_wado ... ok
test fixture_test_o2::const_fold_wado ... ok
test fixture_test_o2::const_global_dedup_refeq_wado ... ok
test fixture_test_o2::const_global_dedup_wado ... ok
test fixture_test_o2::const_global_entry_wado ... ok
test fixture_test_o2::const_global_object_wado ... ok
test fixture_test_o2::const_global_scalar_read_wado ... ok
test fixture_test_o2::const_object_globalization_wado ... ok
test fixture_test_o2::contextual_keyword_wado ... ok
test fixture_test_o2::copy_prop_mutable_source_wado ... ok
test fixture_test_o2::copy_prop_struct_method_mut_self_wado ... ok
test fixture_test_o2::cross_destruct_patterns_wado ... ok
test fixture_test_o2::cross_module_generic_deep_wado ... ok
test fixture_test_o2::cross_module_generic_helper_wado ... ok
test fixture_test_o2::cross_module_same_name_effect_aliased_wado ... ok
test fixture_test_o2::cross_module_generic_import_wado ... ok
test fixture_test_o2::cross_module_same_name_enum_wado ... ok
test fixture_test_o2::cross_module_same_name_effect_wado ... ok
test fixture_test_o2::cross_module_same_name_flags_wado ... ok
test fixture_test_o2::cross_module_same_name_fn_infer_wado ... ok
test fixture_test_o2::cross_module_same_name_fn_wado ... ok
test fixture_test_o2::cross_module_same_name_foreign_impl_wado ... ok
test fixture_test_o2::cross_module_same_name_generic_wado ... ok
test fixture_test_o2::cross_module_same_name_inspect_wado ... ok
test fixture_test_o2::cross_module_same_name_method_wado ... ok
test fixture_test_o2::cross_module_same_name_newtype_wado ... ok
test fixture_test_o2::cross_module_same_name_resource_wado ... ok
test fixture_test_o2::cross_module_same_name_static_wado ... ok
test fixture_test_o2::cross_module_same_name_struct_iter_wado ... ok
test fixture_test_o2::cross_module_same_name_struct_wado ... ok
test fixture_test_o2::cross_module_same_name_trait_direct_wado ... ok
test fixture_test_o2::cross_module_same_name_trait_wado ... ok
test fixture_test_o2::cross_module_same_name_variant_iflet_wado ... ok
test fixture_test_o2::cross_module_same_name_variant_match_arms_wado ... ok
test fixture_test_o2::cross_module_same_name_variant_wado ... ok
test fixture_test_o2::cross_module_same_name_world_wado ... ok
test fixture_test_o2::cross_module_struct_field_type_wado ... ok
test fixture_test_o2::cross_module_struct_tuple_field_wado ... ok
test fixture_test_o2::cross_module_treemap_variant_wado ... ok
test fixture_test_o2::cross_module_undefined_struct_in_array_wado ... ok
test fixture_test_o2::cross_module_undefined_struct_wado ... ok
test fixture_test_o2::cross_module_type_identity_wado ... ok
test fixture_test_o2::cross_module_variant_iter_wado ... ok
test fixture_test_o2::dce_closure_functor_cross_module_wado ... ok
test fixture_test_o2::dce_bytes_literals_wado ... ok
test fixture_test_o2::dce_closure_functor_wado ... ok
test fixture_test_o2::default_arg_closure_rejected_error_wado ... ok
test fixture_test_o2::default_arg_effectful_default_error_wado ... ok
test fixture_test_o2::default_arg_basic_wado ... ok
test fixture_test_o2::default_arg_enum_variant_wado ... ok
test fixture_test_o2::default_arg_export_fn_rejected_error_wado ... ok
test fixture_test_o2::default_arg_fn_type_erases_wado ... ok
test fixture_test_o2::default_arg_non_trailing_error_wado ... ok
test fixture_test_o2::default_arg_generic_method_wado ... ok
test fixture_test_o2::default_arg_method_refers_earlier_param_wado ... ok
test fixture_test_o2::default_arg_method_wado ... ok
test fixture_test_o2::default_arg_private_item_wado ... ok
test fixture_test_o2::default_arg_pure_call_wado ... ok
test fixture_test_o2::default_arg_refers_earlier_param_wado ... ok
test fixture_test_o2::default_arg_trait_impl_redeclare_error_wado ... ok
test fixture_test_o2::default_arg_trait_method_wado ... ok
test fixture_test_o2::default_field_auto_derive_default_wado ... ok
test fixture_test_o2::default_field_auto_derive_partial_error_wado ... ok
test fixture_test_o2::default_field_auto_derive_user_impl_wins_wado ... ok
test fixture_test_o2::default_field_basic_wado ... ok
test fixture_test_o2::default_field_effectful_default_error_wado ... ok
test fixture_test_o2::default_field_omit_earlier_wado ... ok
test fixture_test_o2::default_field_private_set_error_wado ... ok
test fixture_test_o2::default_field_private_omitted_ok_wado ... ok
test fixture_test_o2::default_field_required_missing_error_wado ... ok
test fixture_test_o2::default_field_struct_in_struct_wado ... ok
test fixture_test_o2::default_field_variant_payload_ref_match_wado ... ok
test fixture_test_o2::default_trait_wado ... ok
test fixture_test_o2::default_field_serde_default_wado ... ok
test fixture_test_o2::default_type_params_wado ... ok
test fixture_test_o2::dict_mini_wado ... ok
test fixture_test_o2::display_unit_wado ... ok
test fixture_test_o2::divergent_body_skips_missing_return_wado ... ok
test fixture_test_o2::effect_1_wado ... ok
test fixture_test_o2::effect_2_wado ... ok
test fixture_test_o2::display_1_wado ... ok
test fixture_test_o2::display_2_wado ... ok
test fixture_test_o2::effect_benign_multi_wado ... ok
test fixture_test_o2::effect_benign_scoped_error_wado ... ok
test fixture_test_o2::effect_benign_suppresses_wado ... ok
test fixture_test_o2::effect_check_method_wado ... ok
test fixture_test_o2::effect_check_missing_wado ... ok
test fixture_test_o2::effect_check_static_method_wado ... ok
test fixture_test_o2::effect_generic_with_handler_error_wado ... ok
test fixture_test_o2::effect_handler_bundled_no_effect_wado ... ok
test fixture_test_o2::effect_handler_break_label_cross_wado ... ok
test fixture_test_o2::effect_handler_bundled_mixed_wado ... ok
test fixture_test_o2::effect_handler_bundled_type_param_rejected_wado ... ok
test fixture_test_o2::effect_handler_bundled_value_wado ... ok
test fixture_test_o2::effect_handler_continue_cross_wado ... ok
test fixture_test_o2::effect_handler_bundled_wado ... ok
test fixture_test_o2::effect_handler_cross_function_wado ... ok
test fixture_test_o2::effect_handler_early_return_wado ... ok
test fixture_test_o2::effect_handler_mut_self_alias_wado ... ok
test fixture_test_o2::effect_handler_inner_break_wado ... ok
test fixture_test_o2::effect_handler_nested_same_wado ... ok
test fixture_test_o2::effect_handler_resource_fields_wado ... ok
test fixture_test_o2::effect_handler_resource_future_wado ... ok
test fixture_test_o2::effect_handler_resource_stream_self_delegation_wado ... ok
test fixture_test_o2::effect_handler_resource_stream_wado ... ok
test fixture_test_o2::effect_handler_resume_wado ... ok
test fixture_test_o2::effect_handler_self_delegation_wado ... ok
test fixture_test_o2::effect_handler_with_do_wado ... ok
test fixture_test_o2::effect_handler_value_form_wado ... ok
test fixture_test_o2::effect_indirect_call_error_wado ... ok
test fixture_test_o2::effect_polymorphism_multi_param_error_wado ... ok
test fixture_test_o2::effect_polymorphism_error_wado ... ok
test fixture_test_o2::effect_propagation_effect_param_wado ... ok
test fixture_test_o2::effect_propagation_generic_body_wado ... ok
test fixture_test_o2::effect_propagation_missing_wado ... ok
test fixture_test_o2::effect_propagation_indirect_wado ... ok
test fixture_test_o2::effect_propagation_signature_async_return_wado ... ok
test fixture_test_o2::effect_propagation_signature_nested_wado ... ok
test fixture_test_o2::effect_propagation_signature_newtype_wado ... ok
test fixture_test_o2::effect_propagation_signature_param_wado ... ok
test fixture_test_o2::effect_propagation_signature_return_wado ... ok
test fixture_test_o2::effect_propagation_signature_transitive_wado ... ok
test fixture_test_o2::effect_propagation_stdout_stream_wado ... ok
test fixture_test_o2::effect_propagation_struct_field_wado ... ok
test fixture_test_o2::effect_propagation_transitive_wado ... ok
test fixture_test_o2::effect_propagation_variant_payload_wado ... ok
test fixture_test_o2::effect_resource_decl_accepted_wado ... ok
test fixture_test_o2::effect_resource_declared_wado ... ok
test fixture_test_o2::effect_resource_missing_wado ... ok
test fixture_test_o2::enum_construct_basic_wado ... ok
test fixture_test_o2::enum_display_basic_wado ... ok
test fixture_test_o2::enum_display_template_wado ... ok
test fixture_test_o2::enum_eq_ord_wado ... ok
test fixture_test_o2::enum_match_basic_wado ... ok
test fixture_test_o2::enum_impl_basic_wado ... ok
test fixture_test_o2::enum_match_if_let_wado ... ok
test fixture_test_o2::eprintln_then_trap_wado ... ok
test fixture_test_o2::error_extra_arg_wado ... ok
test fixture_test_o2::eq_null_inference_wado ... ok
test fixture_test_o2::error_extra_struct_field_wado ... ok
test fixture_test_o2::error_for_of_no_into_iterator_wado ... ok
test fixture_test_o2::error_for_of_no_iterator_wado ... ok
test fixture_test_o2::error_generic_static_method_as_instance_wado ... ok
test fixture_test_o2::error_missing_arg_wado ... ok
test fixture_test_o2::error_missing_struct_field_wado ... ok
test fixture_test_o2::error_refutable_let_bool_wado ... ok
test fixture_test_o2::error_refutable_let_literal_wado ... ok
test fixture_test_o2::error_refutable_let_variant_wado ... ok
test fixture_test_o2::error_static_method_as_instance_wado ... ok
test fixture_test_o2::error_task_return_non_async_wado ... ok
test fixture_test_o2::error_type_param_omission_two_t_method_mismatch_wado ... ok
test fixture_test_o2::error_type_param_omission_two_t_mismatch_wado ... ok
test fixture_test_o2::error_type_param_omission_two_t_static_mismatch_wado ... ok
test fixture_test_o2::error_type_param_omission_two_t_string_int_mismatch_wado ... ok
test fixture_test_o2::error_undefined_free_fn_wado ... ok
test fixture_test_o2::error_undefined_method_wado ... ok
test fixture_test_o2::error_undefined_static_method_wado ... ok
test fixture_test_o2::error_uninferable_fn_type_param_wado ... ok
test fixture_test_o2::export_param_count_mismatch_wado ... ok
test fixture_test_o2::escape_brace_wado ... ok
test fixture_test_o2::export_required_for_run_wado ... ok
test fixture_test_o2::export_return_type_mismatch_wado ... ok
test fixture_test_o2::field_forward_alias_group_invalidates_wado ... ok
test fixture_test_o2::field_forward_dedup_state_via_mut_ref_wado ... ok
test fixture_test_o2::field_forward_snapshot_after_mutation_wado ... ok
test fixture_test_o2::field_forward_struct_capture_invalidates_wado ... ok
test fixture_test_o2::flags_arith_add_wado ... ok
test fixture_test_o2::flags_arith_div_wado ... ok
test fixture_test_o2::flags_arith_mod_wado ... ok
test fixture_test_o2::flags_arith_mul_wado ... ok
test fixture_test_o2::flags_arith_sub_wado ... ok
test fixture_test_o2::flags_basic_wado ... ok
test fixture_test_o2::flags_generic_trait_dispatch_wado ... ok
test fixture_test_o2::float_mod_error_wado ... ok
test fixture_test_o2::flags_impl_wado ... ok
test fixture_test_o2::fn_ref_bare_to_ref_param_error_wado ... ok
test fixture_test_o2::float_to_string_wado ... ok
test fixture_test_o2::fn_ref_cross_module_newtype_wado ... ok
test fixture_test_o2::fn_ref_cross_module_alias_wado ... ok
test fixture_test_o2::fn_ref_cross_module_wado ... ok
test fixture_test_o2::fn_ref_generic_double_turbofish_error_wado ... ok
test fixture_test_o2::fn_ref_generic_alias_wado ... ok
test fixture_test_o2::fn_ref_generic_arity_mismatch_error_wado ... ok
test fixture_test_o2::fn_ref_generic_cross_module_wado ... ok
test fixture_test_o2::fn_ref_generic_error_wado ... ok
test fixture_test_o2::fn_ref_generic_inferred_wado ... ok
test fixture_test_o2::fn_ref_generic_outer_wado ... ok
test fixture_test_o2::fn_ref_generic_ref_wado ... ok
test fixture_test_o2::fn_ref_generic_self_recursive_wado ... ok
test fixture_test_o2::fn_ref_mut_out_param_wado ... ok
test fixture_test_o2::fn_ref_generic_turbofish_wado ... ok
test fixture_test_o2::fn_ref_parameter_wado ... ok
test fixture_test_o2::fn_ref_type_mismatch_error_wado ... ok
test fixture_test_o2::for_merged_wado ... ok
test fixture_test_o2::for_of_1_wado ... ok
test fixture_test_o2::for_of_indexed_array_test_wado ... ok
test fixture_test_o2::for_of_2_wado ... ok
test fixture_test_o2::for_of_iterator_enumerate_wado ... ok
test fixture_test_o2::for_of_ref_wado ... ok
test fixture_test_o2::forof_generic_array_wado ... ok
test fixture_test_o2::from_char_to_string_wado ... ok
test fixture_test_o2::from_literal_custom_wado ... ok
test fixture_test_o2::from_literal_cast_wado ... ok
test fixture_test_o2::from_literal_error_duplicate_field_wado ... ok
test fixture_test_o2::from_literal_enum_concrete_wado ... ok
test fixture_test_o2::from_literal_error_flags_mismatch_wado ... ok
test fixture_test_o2::from_literal_error_enum_mismatch_wado ... ok
test fixture_test_o2::from_literal_error_nested_generic_mismatch_wado ... ok
test fixture_test_o2::from_literal_error_newtype_mismatch_wado ... ok
test fixture_test_o2::from_literal_error_variant_mismatch_wado ... ok
test fixture_test_o2::from_literal_flags_concrete_wado ... ok
test fixture_test_o2::from_literal_fn_arg_wado ... ok
test fixture_test_o2::from_literal_nested_generic_wado ... ok
test fixture_test_o2::from_literal_newtype_concrete_wado ... ok
test fixture_test_o2::from_literal_return_wado ... ok
test fixture_test_o2::from_literal_variant_concrete_wado ... ok
test fixture_test_o2::from_numeric_widening_wado ... ok
test fixture_test_o2::generic_advanced_wado ... ok
test fixture_test_o2::generic_forward_variant_wado ... ok
test fixture_test_o2::generic_forward_wado ... ok
test fixture_test_o2::generic_method_merged_wado ... ok
test fixture_test_o2::generic_function_merged_wado ... ok
test fixture_test_o2::geometry_wado ... ok
test fixture_test_o2::generic_struct_1_wado ... ok
test fixture_test_o2::global_1_wado ... ok
test fixture_test_o2::global_2_wado ... ok
test fixture_test_o2::global_closure_field_wado ... ok
test fixture_test_o2::global_dce_cross_module_wado ... ok
test fixture_test_o2::global_immutable_assign_wado ... ok
test fixture_test_o2::global_dce_wado ... ok
test fixture_test_o2::global_import_wado ... ok
test fixture_test_o2::global_multimod_same_name_wado ... ok
test fixture_test_o2::global_multimod_wado ... ok
test fixture_test_o2::global_nullable_option_ref_wado ... ok
test fixture_test_o2::hfs_aliased_local_whole_read_wado ... ok
test fixture_test_o2::hfs_break_from_scalar_state_commits_wado ... ok
test fixture_test_o2::hfs_call_as_match_scrutinee_wado ... ok
test fixture_test_o2::hfs_closure_in_loop_body_wado ... ok
test fixture_test_o2::hfs_consecutive_mut_calls_no_inter_sync_wado ... ok
test fixture_test_o2::hfs_duplicate_mut_ref_args_wado ... ok
test fixture_test_o2::hfs_early_return_with_wrapped_call_wado ... ok
test fixture_test_o2::hfs_if_condition_call_then_scalar_wado ... ok
test fixture_test_o2::hfs_if_let_value_non_unit_wado ... ok
test fixture_test_o2::hfs_inline_arm_mixed_with_call_arm_wado ... ok
test fixture_test_o2::hfs_inline_break_no_writeback_wado ... ok
test fixture_test_o2::hfs_match_arm_local_hoisted_out_of_loop_wado ... ok
test fixture_test_o2::hfs_match_guard_cross_arm_side_effect_wado ... ok
test fixture_test_o2::hfs_match_guard_with_call_wado ... ok
test fixture_test_o2::hfs_match_guarded_arm_wado ... ok
test fixture_test_o2::hfs_match_let_value_non_unit_wado ... ok
test fixture_test_o2::hfs_match_nested_in_block_wado ... ok
test fixture_test_o2::hfs_match_scalar_arm_mixed_with_call_arm_wado ... ok
test fixture_test_o2::hfs_multi_call_in_expression_wado ... ok
test fixture_test_o2::hfs_nested_loop_iter_n_back_edge_wado ... ok
test fixture_test_o2::http_200_wado ... ok
test fixture_test_o2::http_400_wado ... ok
test fixture_test_o2::http_500_wado ... ok
test fixture_test_o2::http_base64_decode_wado ... ok
test fixture_test_o2::http_body_contains_wado ... ok
test fixture_test_o2::http_client_advanced_wado ... ok
test fixture_test_o2::http_client_send_body_read_wado ... ok
test fixture_test_o2::http_client_request_full_wado ... ok
test fixture_test_o2::http_client_send_error_wado ... ok
test fixture_test_o2::http_client_send_proxy_wado ... ok
test fixture_test_o2::http_client_send_simple_wado ... ok
test fixture_test_o2::http_client_send_with_body_wado ... ok
test fixture_test_o2::http_drop_unused_request_wado ... ok
test fixture_test_o2::http_drop_value_block_wado ... ok
test fixture_test_o2::http_echo_headers_wado ... ok
test fixture_test_o2::http_error_code_payload_wado ... ok
test fixture_test_o2::http_error_code_variants_wado ... ok
test fixture_test_o2::http_error_code_comprehensive_wado ... ok
test fixture_test_o2::http_error_code_wado ... ok
test fixture_test_o2::http_export_in_test_world_wado ... ok
test fixture_test_o2::http_fields_copy_all_wado ... ok
test fixture_test_o2::http_fields_from_list_error_wado ... ok
test fixture_test_o2::http_fields_from_list_wado ... ok
test fixture_test_o2::http_fields_get_and_delete_wado ... ok
test fixture_test_o2::http_fields_wado ... ok
test fixture_test_o2::http_fields_set_wado ... ok
test fixture_test_o2::http_fields_immutable_errors_wado ... ok
test fixture_test_o2::http_future_new_wado ... ok
test fixture_test_o2::http_middleware_forward_wado ... ok
test fixture_test_o2::http_method_routing_wado ... ok
test fixture_test_o2::http_method_and_scheme_variants_wado ... ok
test fixture_test_o2::http_request_authority_wado ... ok
test fixture_test_o2::http_request_method_delete_wado ... ok
test fixture_test_o2::http_request_headers_wado ... ok
test fixture_test_o2::http_request_method_get_wado ... ok
test fixture_test_o2::http_request_method_patch_wado ... ok
test fixture_test_o2::http_request_method_put_wado ... ok
test fixture_test_o2::http_request_method_wado ... ok
test fixture_test_o2::http_request_options_timeouts_wado ... ok
test fixture_test_o2::http_request_options_wado ... ok
test fixture_test_o2::http_request_path_wado ... ok
test fixture_test_o2::http_request_scheme_wado ... ok
test fixture_test_o2::http_request_setter_errors_wado ... ok
test fixture_test_o2::http_response_get_headers_wado ... ok
test fixture_test_o2::http_response_headers_multi_wado ... ok
test fixture_test_o2::http_response_headers_wado ... ok
test fixture_test_o2::http_response_ops_wado ... ok
test fixture_test_o2::http_response_set_status_invalid_wado ... ok
test fixture_test_o2::http_routing_created_wado ... ok
test fixture_test_o2::http_response_trailers_wado ... ok
test fixture_test_o2::http_routing_wado ... ok
test fixture_test_o2::http_task_return_in_let_block_wado ... ok
test fixture_test_o2::http_unmatched_async_export_wado ... ok
test fixture_test_o2::http_uninit_string_conditional_trap_wado ... ok
test fixture_test_o2::httpbin_405_wado ... ok
test fixture_test_o2::httpbin_404_wado ... ok
test fixture_test_o2::httpbin_anything_wado ... ok
test fixture_test_o2::httpbin_get_wado ... ok
test fixture_test_o2::httpbin_headers_wado ... ok
test fixture_test_o2::httpbin_server_hello_wado ... ok
test fixture_test_o2::httpbin_post_wado ... ok
test fixture_test_o2::httpbin_server_404_wado ... ok
test fixture_test_o2::i64_comparison_literal_wado ... ok
test fixture_test_o2::i64_arithmetic_wado ... ok
test fixture_test_o2::i64_to_string_wado ... ok
test fixture_test_o2::ice_array_iter_into_iterator_wado ... ok
test fixture_test_o2::ident_merged_wado ... ok
test fixture_test_o2::ice_treeset_iter_by_ref_wado ... ok
test fixture_test_o2::httpbin_status_wado ... ok
test fixture_test_o2::if_let_init_scope_wado ... ok
test fixture_test_o2::if_all_null_branches_error_wado ... ok
test fixture_test_o2::if_branch_divergent_types_in_expression_position_rejects_wado ... ok
test fixture_test_o2::if_let_branch_divergent_types_in_expression_position_rejects_wado ... ok
test fixture_test_o2::if_let_some_ref_from_fn_wado ... ok
test fixture_test_o2::if_no_else_in_expression_position_rejects_wado ... ok
test fixture_test_o2::if_null_branch_vs_concrete_error_wado ... ok
test fixture_test_o2::if_merged_wado ... ok
test fixture_test_o2::import_from_nested_subdir_wado ... ok
test fixture_test_o2::import_transitive_simple_wado ... ok
test fixture_test_o2::import_from_subdir_wado ... ok
test fixture_test_o2::include_bytes_not_string_literal_wado ... ok
test fixture_test_o2::include_bytes_not_found_wado ... ok
test fixture_test_o2::import_with_dot_segments_wado ... ok
test fixture_test_o2::include_str_no_parens_wado ... ok
test fixture_test_o2::include_str_not_found_wado ... ok
test fixture_test_o2::include_str_not_string_literal_wado ... ok
test fixture_test_o2::include_bytes_basic_wado ... ok
test fixture_test_o2::include_str_invalid_utf8_wado ... ok
test fixture_test_o2::include_str_basic_wado ... ok
test fixture_test_o2::index_assign_types_wado ... ok
test fixture_test_o2::index_mut_method_call_wado ... ok
test fixture_test_o2::index_assign_wado ... ok
test fixture_test_o2::index_trait_assign_wado ... ok
test fixture_test_o2::index_trait_both_wado ... ok
test fixture_test_o2::index_trait_chained_wado ... ok
test fixture_test_o2::index_trait_complex_static_wado ... ok
test fixture_test_o2::index_trait_conditional_wado ... ok
test fixture_test_o2::index_trait_full_struct_wado ... ok
test fixture_test_o2::index_trait_function_wado ... ok
test fixture_test_o2::index_trait_loop_wado ... ok
test fixture_test_o2::index_trait_multiple_wado ... ok
test fixture_test_o2::index_trait_read_wado ... ok
test fixture_test_o2::index_value_generic_wado ... ok
test fixture_test_o2::index_value_option_pattern_wado ... ok
test fixture_test_o2::index_value_trait_wado ... ok
test fixture_test_o2::infer_builtin_array_new_from_lhs_wado ... ok
test fixture_test_o2::infer_builtin_select_in_generic_method_wado ... ok
test fixture_test_o2::infer_lhs_overrides_literal_wado ... ok
test fixture_test_o2::infer_method_type_arg_uninferable_error_wado ... ok
test fixture_test_o2::infer_method_type_arg_from_return_type_wado ... ok
test fixture_test_o2::infer_static_method_from_lhs_wado ... ok
test fixture_test_o2::infer_type_arg_from_assoc_bound_method_wado ... ok
test fixture_test_o2::inherent_impl_foreign_type_wado ... ok
test fixture_test_o2::infer_type_arg_from_assoc_bound_wado ... ok
test fixture_test_o2::inline_array_append_nested_wado ... ok
test fixture_test_o2::inline_cross_module_method_wado ... ok
test fixture_test_o2::inline_cold_path_cost_wado ... ok
test fixture_test_o2::inline_u128_print_o3_regression_wado ... ok
test fixture_test_o2::inline_merged_wado ... ok
test fixture_test_o2::inline_mutual_recursive_generic_visit_wado ... ok
test fixture_test_o2::inline_unlikely_cost_wado ... ok
test fixture_test_o2::inline_primitive_method_wado ... ok
test fixture_test_o2::inlining_test_wado ... ok
test fixture_test_o2::inspect_3_wado ... ok
test fixture_test_o2::inspect_2_wado ... ok
test fixture_test_o2::inspect_1_wado ... ok
test fixture_test_o2::inspect_closure_indirect_wado ... ok
test fixture_test_o2::inspect_fnref_wado ... ok
test fixture_test_o2::inspect_closure_multi_sig_wado ... ok
test fixture_test_o2::inspect_fn_cross_module_wado ... ok
test fixture_test_o2::inspect_ref_array_field_wado ... ok
test fixture_test_o2::inspect_struct_unit_field_wado ... ok
test fixture_test_o2::int128_coercion_wado ... ok
test fixture_test_o2::integer_1_wado ... ok
test fixture_test_o2::int128_large_literal_wado ... ok
test fixture_test_o2::integer_2_wado ... ok
test fixture_test_o2::internal_f64_to_string_wado ... ok
test fixture_test_o2::into_iterator_item_bound_wado ... ok
test fixture_test_o2::iter_map_collect_variant_wado ... ok
test fixture_test_o2::iterator_assoc_type_chain_wado ... ok
test fixture_test_o2::iterator_filter_o3_regression_wado ... ok
test fixture_test_o2::iterator_generic_map_cross_module_wado ... ok
test fixture_test_o2::iterator_generic_map_test_wado ... ok
test fixture_test_o2::iterator_generic_map_wado ... ok
test fixture_test_o2::iterator_merged_wado ... ok
test fixture_test_o2::iterator_trait_map_wado ... ok
test fixture_test_o2::key_value_literal_blanket_impl_wado ... ok
test fixture_test_o2::key_value_literal_both_traits_wado ... ok
test fixture_test_o2::key_value_literal_conditional_wado ... ok
test fixture_test_o2::key_value_literal_immutable_wado ... ok
test fixture_test_o2::labeled_block_break_coercion_wado ... ok
test fixture_test_o2::labeled_block_break_null_coercion_wado ... ok
test fixture_test_o2::labeled_block_error_break_null_uninferable_wado ... ok
test fixture_test_o2::labeled_block_break_shadowed_label_wado ... ok
test fixture_test_o2::labeled_block_error_break_null_vs_concrete_wado ... ok
test fixture_test_o2::let_immutable_reassign_error_wado ... ok
test fixture_test_o2::labeled_block_error_unknown_label_wado ... ok
test fixture_test_o2::labeled_block_error_break_type_mismatch_wado ... ok
test fixture_test_o2::labeled_block_wado ... ok
test fixture_test_o2::licm_alias_mut_ref_loop_wado ... ok
test fixture_test_o2::likely_unlikely_wado ... ok
test fixture_test_o2::local_integers_mut_wado ... ok
test fixture_test_o2::location_function_wado ... ok
test fixture_test_o2::local_merged_wado ... ok
test fixture_test_o2::location_literal_unknown_wado ... ok
test fixture_test_o2::location_literal_data_no_section_wado ... ok
test fixture_test_o2::location_literal_submodule_wado ... ok
test fixture_test_o2::log_stderr_explicit_import_wado ... ok
test fixture_test_o2::log_stderr_from_cli_wado ... ok
test fixture_test_o2::log_stderr_not_exported_wado ... ok
test fixture_test_o2::location_merged_wado ... ok
test fixture_test_o2::log_stdout_from_cli_wado ... ok
test fixture_test_o2::log_stdout_explicit_import_wado ... ok
test fixture_test_o2::loop_basic_wado ... ok
test fixture_test_o2::loop_continue_wado ... ok
test fixture_test_o2::loop_with_inner_labeled_break_is_divergent_wado ... ok
test fixture_test_o2::loop_nested_wado ... ok
test fixture_test_o2::match_2_wado ... ok
test fixture_test_o2::match_1_wado ... ok
test fixture_test_o2::match_all_null_arms_error_wado ... ok
test fixture_test_o2::match_arm_scope_error_wado ... ok
test fixture_test_o2::match_arm_discarded_call_invalid_wasm_wado ... ok
test fixture_test_o2::match_arm_divergent_types_in_expression_position_rejects_wado ... ok
test fixture_test_o2::match_arm_discarded_call_semicolon_irrelevant_wado ... ok
test fixture_test_o2::match_arm_struct_field_invalid_wasm_wado ... ok
test fixture_test_o2::match_associated_constant_pattern_wado ... ok
test fixture_test_o2::match_break_in_while_wado ... ok
test fixture_test_o2::match_break_many_arms_wado ... ok
test fixture_test_o2::match_comprehensive_wado ... ok
test fixture_test_o2::match_ergonomics_let_destructure_wado ... ok
test fixture_test_o2::match_ergonomics_mut_ref_wado ... ok
test fixture_test_o2::match_ergonomics_wado ... ok
test fixture_test_o2::match_exhaustive_bool_error_wado ... ok
test fixture_test_o2::match_exhaustive_enum_error_wado ... ok
test fixture_test_o2::match_exhaustive_option_error_wado ... ok
test fixture_test_o2::match_expr_scope_error_wado ... ok
test fixture_test_o2::match_exhaustive_option_only_none_error_wado ... ok
test fixture_test_o2::match_exhaustive_option_only_null_error_wado ... ok
test fixture_test_o2::match_exhaustive_variant_error_wado ... ok
test fixture_test_o2::match_literal_f32_wado ... ok
test fixture_test_o2::match_literal_f64_wado ... ok
test fixture_test_o2::match_global_constant_pattern_wado ... ok
test fixture_test_o2::match_literal_i128_guarded_wado ... ok
test fixture_test_o2::match_literal_i128_large_wado ... ok
test fixture_test_o2::match_literal_wado ... ok
test fixture_test_o2::match_literal_i128_side_effect_wado ... ok
test fixture_test_o2::match_nested_guard_variant_in_tuple_wado ... ok
test fixture_test_o2::match_nested_three_level_wado ... ok
test fixture_test_o2::match_nested_struct_in_variant_wado ... ok
test fixture_test_o2::match_nested_patterns_wado ... ok
test fixture_test_o2::match_nested_variant_in_variant_wado ... ok
test fixture_test_o2::match_null_arm_vs_concrete_error_wado ... ok
test fixture_test_o2::match_null_arm_infers_option_inner_wado ... ok
test fixture_test_o2::match_nested_variant_tuple_payload_wado ... ok
test fixture_test_o2::match_or_pattern_1_wado ... ok
test fixture_test_o2::match_or_pattern_4_wado ... ok
test fixture_test_o2::match_or_pattern_2_wado ... ok
test fixture_test_o2::match_or_pattern_3_wado ... ok
test fixture_test_o2::match_or_pattern_5_wado ... ok
test fixture_test_o2::match_or_pattern_string_wado ... ok
test fixture_test_o2::match_or_pattern_6_wado ... ok
test fixture_test_o2::match_or_pattern_iflet_1_wado ... ok
test fixture_test_o2::match_tuple_pattern_on_array_error_wado ... ok
test fixture_test_o2::match_return_from_arm_wado ... ok
test fixture_test_o2::match_tuple_pattern_on_array_iflet_error_wado ... ok
test fixture_test_o2::match_variant_1_wado ... ok
test fixture_test_o2::match_variant_2_wado ... ok
test fixture_test_o2::match_variant_import_module_wado ... ok
test fixture_test_o2::match_variant_array_struct_in_arm_wado ... ok
test fixture_test_o2::matches_guard_non_bool_error_wado ... ok
test fixture_test_o2::matches_prefix_error_wado ... ok
test fixture_test_o2::matches_scope_error_wado ... ok
test fixture_test_o2::match_variant_import_wado ... ok
test fixture_test_o2::matches_option_string_literal_wado ... ok
test fixture_test_o2::matches_merged_wado ... ok
test fixture_test_o2::missing_return_closure_partial_if_wado ... ok
test fixture_test_o2::method_turbofish_non_generic_struct_wado ... ok
test fixture_test_o2::missing_return_closure_semicolon_wado ... ok
test fixture_test_o2::missing_return_closure_wado ... ok
test fixture_test_o2::missing_return_fn_semicolon_wado ... ok
test fixture_test_o2::missing_return_fn_wado ... ok
test fixture_test_o2::missing_return_definite_exit_paths_wado ... ok
test fixture_test_o2::missing_return_if_panic_no_else_wado ... ok
test fixture_test_o2::missing_return_method_wado ... ok
test fixture_test_o2::missing_return_partial_if_wado ... ok
test fixture_test_o2::module_attr_generated_meta_wado ... ok
test fixture_test_o2::mixed_int_float_arithmetic_wado ... ok
test fixture_test_o2::module_attr_todo_compile_error_wado ... ok
test fixture_test_o2::module_attr_generated_wado ... ok
test fixture_test_o2::monotonic_clock_now_wado ... ok
test fixture_test_o2::mut_param_error_assign_wado ... ok
test fixture_test_o2::module_attr_todo_wado ... ok
test fixture_test_o2::multiple_effect_imports_wado ... ok
test fixture_test_o2::multiple_println_wado ... ok
test fixture_test_o2::mut_ref_if_return_wado ... ok
test fixture_test_o2::mut_param_merged_wado ... ok
test fixture_test_o2::namespace_import_core_wado ... ok
test fixture_test_o2::mut_param_wado ... ok
test fixture_test_o2::namespace_import_enum_wado ... ok
test fixture_test_o2::namespace_import_struct_wado ... ok
test fixture_test_o2::namespace_import_wado ... ok
test fixture_test_o2::nested_array_wado ... ok
test fixture_test_o2::nested_variant_match_ref_test_wado ... ok
test fixture_test_o2::never_binary_op_trap_wado ... ok
test fixture_test_o2::never_global_trap_wado ... ok
test fixture_test_o2::never_let_binding_trap_wado ... ok
test fixture_test_o2::never_let_local_via_closure_wado ... ok
test fixture_test_o2::never_merged_wado ... ok
test fixture_test_o2::never_return_wado ... ok
test fixture_test_o2::newtype_array_sort_wado ... ok
test fixture_test_o2::newtype_basic_wado ... ok
test fixture_test_o2::newtype_chained_method_wado ... ok
test fixture_test_o2::newtype_chained_wado ... ok
test fixture_test_o2::newtype_closure_coercion_wado ... ok
test fixture_test_o2::newtype_float_types_wado ... ok
test fixture_test_o2::newtype_generic_trait_dispatch_wado ... ok
test fixture_test_o2::newtype_generic_container_return_wado ... ok
test fixture_test_o2::newtype_generic_wado ... ok
test fixture_test_o2::newtype_impl_not_on_base_wado ... ok
test fixture_test_o2::newtype_index_trait_wado ... ok
test fixture_test_o2::newtype_impl_wado ... ok
test fixture_test_o2::newtype_method_inheritance_wado ... ok
test fixture_test_o2::newtype_integer_types_wado ... ok
test fixture_test_o2::newtype_multiple_params_wado ... ok
test fixture_test_o2::newtype_operator_trait_wado ... ok
test fixture_test_o2::newtype_option_pattern_wado ... ok
test fixture_test_o2::newtype_return_type_wado ... ok
test fixture_test_o2::newtype_static_method_wado ... ok
test fixture_test_o2::newtype_string_coercion_wado ... ok
test fixture_test_o2::newtype_trait_bounds_wado ... ok
test fixture_test_o2::newtype_trait_method_wado ... ok
test fixture_test_o2::newtype_wasi_wado ... ok
test fixture_test_o2::niri_branch_hint_const_fold_wado ... ok
test fixture_test_o2::niri_if_arm_meet_nested_match_arm_wado ... ok
test fixture_test_o2::niri_if_arm_meet_preserves_fields_wado ... ok
test fixture_test_o2::niri_labeled_block_non_tail_break_wado ... ok
test fixture_test_o2::niri_if_bool_arms_collapse_wado ... ok
test fixture_test_o2::niri_loop_invariant_array_len_wado ... ok
test fixture_test_o2::niri_loop_writes_drop_field_env_wado ... ok
test fixture_test_o2::niri_match_const_fold_wado ... ok
test fixture_test_o2::niri_match_enum_discriminator_wado ... ok
test fixture_test_o2::niri_pure_call_fold_wado ... ok
test fixture_test_o2::number_literal_decimal_not_int_wado ... ok
test fixture_test_o2::number_literal_neg_exp_not_int_wado ... ok
test fixture_test_o2::number_literal_overflow_wado ... ok
test fixture_test_o2::niri_trapping_then_preserves_fields_wado ... ok
test fixture_test_o2::operator_not_applicable_mixed_wado ... ok
test fixture_test_o2::operator_missing_trait_error_wado ... ok
test fixture_test_o2::operator_not_applicable_string_wado ... ok
test fixture_test_o2::number_literal_wado ... ok
test fixture_test_o2::opt_codewriter_miscompile_wado ... ok
test fixture_test_o2::opt_const_fold_aliased_field_wado ... ok
test fixture_test_o2::opt_const_fold_div_zero_wado ... ok
test fixture_test_o2::opt_const_wado ... ok
test fixture_test_o2::opt_container_sroa_edge_wado ... ok
test fixture_test_o2::opt_container_sroa_struct_wado ... ok
test fixture_test_o2::opt_container_sroa_nondup_idx_wado ... ok
test fixture_test_o2::opt_container_sroa_tuple_wado ... ok
test fixture_test_o2::opt_copy_prop_multi_field_wado ... ok
test fixture_test_o2::opt_copy_prop_while_let_wado ... ok
test fixture_test_o2::opt_copy_prop_nested_variant_wado ... ok
test fixture_test_o2::opt_crossmod_array_wado ... ok
test fixture_test_o2::opt_dce_break_then_unreachable_wado ... ok
test fixture_test_o2::opt_dce_tail_break_flatten_wado ... ok
test fixture_test_o2::opt_dce_trap_preserved_unread_let_wado ... ok
test fixture_test_o2::opt_elide_adjacent_struct_local_intervening_copy_wado ... ok
test fixture_test_o2::opt_elide_adjacent_struct_local_wado ... ok
test fixture_test_o2::opt_elide_box_local_expr_clobbers_intervening_wado ... ok
test fixture_test_o2::opt_elide_box_local_observable_before_field_wado ... ok
test fixture_test_o2::opt_elide_box_local_shortcircuit_right_arm_wado ... ok
test fixture_test_o2::opt_eqz_wado ... ok
test fixture_test_o2::opt_fusion_no_dead_break_wado ... ok
test fixture_test_o2::opt_hfs_immut_ref_method_reread_wado ... ok
test fixture_test_o2::opt_hfs_immut_ref_no_reread_wado ... ok
test fixture_test_o2::opt_hfs_immut_ref_sync_wado ... ok
test fixture_test_o2::opt_hfs_labeled_block_match_wado ... ok
test fixture_test_o2::opt_hfs_loop_exit_no_writeback_wado ... ok
test fixture_test_o2::opt_hfs_mixed_ref_sync_wado ... ok
test fixture_test_o2::opt_inline_duplicate_fn_wado ... ok
test fixture_test_o2::opt_hfs_stores_ref_sync_wado ... ok
test fixture_test_o2::opt_hfs_mut_ref_reread_wado ... ok
test fixture_test_o2::opt_inline_backtrack_miscompile_wado ... ok
test fixture_test_o2::opt_inline_wado ... ok
test fixture_test_o2::opt_labeled_block_copy_mutation_wado ... ok
test fixture_test_o2::opt_labeled_block_fusion_wado ... ok
test fixture_test_o2::opt_licm_aliased_field_via_call_wado ... ok
test fixture_test_o2::opt_licm_aliased_mut_ref_params_wado ... ok
test fixture_test_o2::opt_licm_immut_ref_method_wado ... ok
test fixture_test_o2::opt_licm_aliased_ref_fields_wado ... ok
test fixture_test_o2::opt_licm_immut_ref_mixed_wado ... ok
test fixture_test_o2::opt_licm_mut_ref_no_hoist_wado ... ok
test fixture_test_o2::opt_licm_immut_ref_multi_wado ... ok
test fixture_test_o2::opt_licm_immut_ref_wado ... ok
test fixture_test_o2::opt_licm_nested_ref_chain_wado ... ok
test fixture_test_o2::opt_multi_value_user_struct_break_wado ... ok
test fixture_test_o2::opt_multi_value_user_struct_match_wado ... ok
test fixture_test_o2::opt_multi_value_user_struct_escape_wado ... ok
test fixture_test_o2::opt_multi_value_user_struct_wado ... ok
test fixture_test_o2::opt_ref_elim_inline_shadow_wado ... ok
test fixture_test_o2::opt_ref_elim_rebound_local_wado ... ok
test fixture_test_o2::opt_sroa_edge_cases_wado ... ok
test fixture_test_o2::opt_sroa_box_parameter_wado ... ok
test fixture_test_o2::opt_sroa_intraprocedural_wado ... ok
test fixture_test_o2::opt_sroa_newtype_param_wado ... ok
test fixture_test_o2::opt_sroa_param_aliased_ref_wado ... ok
test fixture_test_o2::opt_sroa_return_match_wado ... ok
test fixture_test_o2::opt_sroa_param_nested_same_field_wado ... ok
test fixture_test_o2::opt_sroa_stores_ref_blocked_wado ... ok
test fixture_test_o2::opt_sroa_single_field_wado ... ok
test fixture_test_o2::opt_sroa_stores_ref_mixed_wado ... ok
test fixture_test_o2::opt_sroa_stores_ref_mut_wado ... ok
test fixture_test_o2::opt_sroa_stores_ref_wado ... ok
test fixture_test_o2::opt_sroa_variant_br_exit_wado ... ok
test fixture_test_o2::opt_sroa_variant_per_case_wado ... ok
test fixture_test_o2::opt_sroa_variant_prefix_overinvalidate_wado ... ok
test fixture_test_o2::opt_sroa_variant_return_if_descent_wado ... ok
test fixture_test_o2::opt_sroa_variant_tail_call_wado ... ok
test fixture_test_o2::opt_sroa_variant_return_temp_elide_wado ... ok
test fixture_test_o2::opt_sroa_variant_wado ... ok
test fixture_test_o2::opt_sroa_wado ... ok
test fixture_test_o2::opt_string_push_short_literal_wado ... ok
test fixture_test_o2::opt_walk_fn_miscompile_wado ... ok
test fixture_test_o2::opt_wir_dead_if_zero_wado ... ok
test fixture_test_o2::optimize_bce_field_access_equiv_wado ... ok
test fixture_test_o2::optimize_bce_if_guard_wado ... ok
test fixture_test_o2::optimize_bce_ref_param_wado ... ok
test fixture_test_o2::optimize_bitmask_bce_wado ... ok
test fixture_test_o2::option_construct_wado ... ok
test fixture_test_o2::option_match_invalid_wado ... ok
test fixture_test_o2::option_i32_struct_field_wado ... ok
test fixture_test_o2::option_match_wado ... ok
test fixture_test_o2::orphan_rule_allowed_local_generic_self_wado ... ok
test fixture_test_o2::ordering_basic_wado ... ok
test fixture_test_o2::orphan_rule_allowed_local_self_wado ... ok
test fixture_test_o2::orphan_rule_allowed_local_trait_wado ... ok
test fixture_test_o2::orphan_rule_error_both_foreign_wado ... ok
test fixture_test_o2::orphan_rule_allowed_rfc2451_wado ... ok
test fixture_test_o2::orphan_rule_error_foreign_generic_self_wado ... ok
test fixture_test_o2::orphan_rule_error_rfc2451_no_local_wado ... ok
test fixture_test_o2::orphan_rule_error_uncovered_param_before_local_wado ... ok
test fixture_test_o2::orphan_rule_error_uncovered_type_param_wado ... ok
test fixture_test_o2::panic_basic_wado ... ok
test fixture_test_o2::panic_stack_trace_names_wado ... ok
test fixture_test_o2::precedence_error_chain_mixed_direction_wado ... ok
test fixture_test_o2::precedence_error_chain_mixed_equality_wado ... ok
test fixture_test_o2::precedence_error_chain_not_equal_wado ... ok
test fixture_test_o2::pattern_match_exhaustive_variant_last_arm_wado ... ok
test fixture_test_o2::pattern_match_non_exhaustive_keeps_fallback_wado ... ok
test fixture_test_o2::pattern_mut_binding_wado ... ok
test fixture_test_o2::precedence_merged_wado ... ok
test fixture_test_o2::prelude_type_collision_wado ... ok
test fixture_test_o2::pub_struct_field_access_wado ... ok
test fixture_test_o2::pub_struct_field_access_ok_wado ... ok
test fixture_test_o2::pub_struct_field_literal_error_wado ... ok
test fixture_test_o2::primitive_arithmetic_wado ... ok
test fixture_test_o2::pub_use_alias_facade_wado ... ok
test fixture_test_o2::pub_use_alias_wado ... ok
test fixture_test_o2::pub_use_chain_a_wado ... ok
test fixture_test_o2::pub_struct_field_same_module_wado ... ok
test fixture_test_o2::pub_use_chain_c_wado ... ok
test fixture_test_o2::pub_use_chain_b_wado ... ok
test fixture_test_o2::pub_use_chain_wado ... ok
test fixture_test_o2::pub_use_facade_wado ... ok
test fixture_test_o2::pub_use_lib_wado ... ok
test fixture_test_o2::pub_use_prelude_types_wado ... ok
test fixture_test_o2::pub_use_prelude_mod_wado ... ok
test fixture_test_o2::pub_use_prelude_wado ... ok
test fixture_test_o2::pub_use_wado ... ok
test fixture_test_o2::range_match_assoc_const_wado ... ok
test fixture_test_o2::range_match_basic_wado ... ok
test fixture_test_o2::range_match_char_wado ... ok
test fixture_test_o2::range_match_empty_pattern_error_wado ... ok
test fixture_test_o2::range_match_exhaustive_error_wado ... ok
test fixture_test_o2::range_match_overlap_error_wado ... ok
test fixture_test_o2::range_match_exhaustive_u8_wado ... ok
test fixture_test_o2::range_match_reversed_char_pattern_error_wado ... ok
test fixture_test_o2::range_match_reversed_inclusive_pattern_error_wado ... ok
test fixture_test_o2::range_match_reversed_pattern_error_wado ... ok
test fixture_test_o2::range_non_ord_error_wado ... ok
test fixture_test_o2::range_matches_operator_wado ... ok
test fixture_test_o2::range_reversed_char_error_wado ... ok
test fixture_test_o2::range_precedence_wado ... ok
test fixture_test_o2::range_reversed_error_wado ... ok
test fixture_test_o2::range_reversed_inclusive_error_wado ... ok
test fixture_test_o2::range_reversed_negative_error_wado ... ok
test fixture_test_o2::range_type_mismatch_error_wado ... ok
test fixture_test_o2::recursive_generic_struct_wado ... ok
test fixture_test_o2::ref_1_wado ... ok
test fixture_test_o2::ref_2_wado ... ok
test fixture_test_o2::ref_3_wado ... ok
test fixture_test_o2::ref_edge_immut_assign_wado ... ok
test fixture_test_o2::ref_edge_mut_immut_wado ... ok
test fixture_test_o2::ref_equality_error_arithmetic_wado ... ok
test fixture_test_o2::ref_equality_error_ordering_wado ... ok
test fixture_test_o2::ref_equality_no_eq_wado ... ok
test fixture_test_o2::ref_equality_struct_with_ref_wado ... ok
test fixture_test_o2::ref_method_receivers_error_self_by_value_wado ... ok
test fixture_test_o2::ref_field_ref_wado ... ok
test fixture_test_o2::ref_equality_wado ... ok
test fixture_test_o2::ref_impl_dispatch_list_vs_array_wado ... ok
test fixture_test_o2::resolver_error_unknown_identifier_wado ... ok
test fixture_test_o2::resource_method_instance_wado ... ok
test fixture_test_o2::resource_method_static_wado ... ok
test fixture_test_o2::result_basic_wado ... ok
test fixture_test_o2::result_if_let_err_wado ... ok
test fixture_test_o2::result_if_let_mismatch_wado ... ok
test fixture_test_o2::result_if_let_ok_wado ... ok
test fixture_test_o2::result_match_payload_wado ... ok
test fixture_test_o2::result_match_wado ... ok
test fixture_test_o2::result_unit_cm_variant_passthrough_wado ... ok
test fixture_test_o2::result_mut_ref_side_effect_wado ... ok
test fixture_test_o2::result_unit_variant_passthrough_wado ... ok
test fixture_test_o2::scope_block_var_not_visible_wado ... ok
test fixture_test_o2::scope_for_loop_var_not_visible_wado ... ok
test fixture_test_o2::result_unwrap_fresh_elision_wado ... ok
test fixture_test_o2::scope_shadow_field_not_self_ref_wado ... ok
test fixture_test_o2::scope_shadow_no_self_ref_wado ... ok
test fixture_test_o2::scope_shadow_param_not_self_ref_wado ... ok
test fixture_test_o2::return_merged_wado ... ok
test fixture_test_o2::scalarize_chain_wado ... ok
test fixture_test_o2::scope_nested_blocks_wado ... ok
test fixture_test_o2::scope_shadow_self_ref_closure_wado ... ok
test fixture_test_o2::scope_while_loop_var_not_visible_wado ... ok
test fixture_test_o2::scope_shadow_self_ref_wado ... ok
test fixture_test_o2::scope_shadowing_in_block_wado ... ok
test fixture_test_o2::select_basic_wado ... ok
test fixture_test_o2::scope_shadowing_same_block_wado ... ok
test fixture_test_o2::select_extended_arms_wado ... ok
test fixture_test_o2::select_no_opt_trapping_arms_wado ... ok
test fixture_test_o2::select_no_opt_wado ... ok
test fixture_test_o2::sequence_literal_custom_wado ... ok
test fixture_test_o2::sequence_literal_fn_arg_wado ... ok
test fixture_test_o2::serde_compile_error_no_deser_wado ... ok
test fixture_test_o2::sequence_literal_immutable_wado ... ok
test fixture_test_o2::sequence_literal_newtype_wado ... ok
test fixture_test_o2::serde_compile_error_no_impl_wado ... ok
test fixture_test_o2::serde_deserialize_trait_wado ... ok
test fixture_test_o2::serde_default_init_wado ... ok
test fixture_test_o2::serde_error_types_wado ... ok
test fixture_test_o2::serde_full_json_serialize_wado ... ok
test fixture_test_o2::serde_generic_trait_method_wado ... ok
test fixture_test_o2::serde_json_default_wado ... ok
test fixture_test_o2::serde_json_array_string_wado ... ok
test fixture_test_o2::serde_json_deser_error_edge_wado ... ok
test fixture_test_o2::serde_json_deser_error_wado ... ok
test fixture_test_o2::serde_json_error_kind_wado ... ok
test fixture_test_o2::serde_json_duplicate_fields_wado ... ok
test fixture_test_o2::serde_json_multi_type_deser_wado ... ok
test fixture_test_o2::serde_json_int_types_wado ... ok
test fixture_test_o2::serde_json_large_int_wado ... ok
test fixture_test_o2::serde_json_nested_struct_wado ... ok
test fixture_test_o2::serde_json_rename_all_wado ... ok
test fixture_test_o2::serde_json_option_array_fields_wado ... ok
test fixture_test_o2::serde_json_rename_wado ... ok
test fixture_test_o2::serde_json_primitives_wado ... ok
test fixture_test_o2::serde_json_result_wado ... ok
test fixture_test_o2::serde_json_ser_error_wado ... ok
test fixture_test_o2::serde_json_scientific_notation_wado ... ok
test fixture_test_o2::serde_json_string_escape_wado ... ok
test fixture_test_o2::serde_json_roundtrip_complex_wado ... ok
test fixture_test_o2::serde_json_struct_no_closure_wado ... ok
test fixture_test_o2::serde_json_struct_deser_o2_wado ... ok
test fixture_test_o2::serde_json_synth_enum_wado ... ok
test fixture_test_o2::serde_json_synth_flags_wado ... ok
test fixture_test_o2::serde_json_synth_variant_wado ... ok
test fixture_test_o2::serde_json_treemap_wado ... ok
test fixture_test_o2::serde_json_tuple_wado ... ok
test fixture_test_o2::serde_json_unknown_fields_wado ... ok
test fixture_test_o2::serde_ndjson_wrapper_wado ... ok
test fixture_test_o2::serde_serialize_array_wado ... ok
test fixture_test_o2::serde_serialize_enum_wado ... ok
test fixture_test_o2::serde_serialize_option_wado ... ok
test fixture_test_o2::serde_serialize_struct_wado ... ok
test fixture_test_o2::serde_serialize_trait_wado ... ok
test fixture_test_o2::serde_sub_serializer_wado ... ok
test fixture_test_o2::serde_serialize_variant_wado ... ok
test fixture_test_o2::serde_synth_propagates_begin_struct_error_wado ... ok
test fixture_test_o2::shebang_basic_wado ... ok
test fixture_test_o2::short_circuit_wado ... ok
test fixture_test_o2::serde_synth_wado ... ok
test fixture_test_o2::simd_basic_wado ... ok
test fixture_test_o2::simd_v128_inspect_wado ... ok
test fixture_test_o2::single_module_variant_iter_wado ... ok
test fixture_test_o2::static_1_wado ... ok
test fixture_test_o2::static_2_wado ... ok
test fixture_test_o2::static_method_trait_bound_error_wado ... ok
test fixture_test_o2::static_method_in_generic_context_wado ... ok
test fixture_test_o2::store_to_load_forwarding_wado ... ok
test fixture_test_o2::stores_basic_wado ... ok
test fixture_test_o2::stores_fn_type_with_effect_param_wado ... ok
test fixture_test_o2::stores_grammar_relaxed_wado ... ok
test fixture_test_o2::stores_optimize_field_forward_wado ... ok
test fixture_test_o2::stores_optimize_mixed_calls_wado ... ok
test fixture_test_o2::stores_optimize_multiple_non_stores_wado ... ok
test fixture_test_o2::stores_self_violation_wado ... ok
test fixture_test_o2::stores_optimize_with_stores_no_forward_wado ... ok
test fixture_test_o2::stores_self_wado ... ok
test fixture_test_o2::stores_validation_error_wado ... ok
test fixture_test_o2::stores_validation_unknown_wado ... ok
test fixture_test_o2::stores_violation_global_wado ... ok
test fixture_test_o2::stores_violation_return_wado ... ok
test fixture_test_o2::stores_violation_struct_wado ... ok
test fixture_test_o2::stores_with_effects_wado ... ok
test fixture_test_o2::stream_cm_future_drop_wado ... ok
test fixture_test_o2::stream_cm_stderr_write_wado ... ok
test fixture_test_o2::stream_cm_stdin_pipe_wado ... ok
test fixture_test_o2::stream_cm_stdin_read_wado ... ok
test fixture_test_o2::stream_future_types_wado ... ok
test fixture_test_o2::stream_http_echo_wado ... ok
test fixture_test_o2::stream_http_read_request_body_wado ... ok
test fixture_test_o2::stream_http_response_body_multi_wado ... ok
test fixture_test_o2::stream_http_response_body_string_wado ... ok
test fixture_test_o2::stream_http_response_body_wado ... ok
test fixture_test_o2::stream_new_pair_wado ... ok
test fixture_test_o2::stream_read_basic_wado ... ok
test fixture_test_o2::stream_read_eof_wado ... ok
test fixture_test_o2::stream_read_multiple_wado ... ok
test fixture_test_o2::stream_readable_close_wado ... ok
test fixture_test_o2::stream_writable_close_wado ... ok
test fixture_test_o2::stream_writable_type_wado ... ok
test fixture_test_o2::stream_write_hello_wado ... ok
test fixture_test_o2::stream_write_multiple_wado ... ok
test fixture_test_o2::stream_write_via_stream_wado ... ok
test fixture_test_o2::string_from_utf8_lossy_newtype_wado ... ok
test fixture_test_o2::string_insert_panic_boundary_wado ... ok
test fixture_test_o2::string_insert_str_panic_boundary_wado ... ok
test fixture_test_o2::string_multiline_wado ... ok
test fixture_test_o2::string_remove_panic_boundary_wado ... ok
test fixture_test_o2::string_remove_panic_oob_wado ... ok
test fixture_test_o2::string_substr_bytes_panic_boundary_wado ... ok
test fixture_test_o2::string_substr_bytes_panic_oob_wado ... ok
test fixture_test_o2::string_truncate_panic_wado ... ok
test fixture_test_o2::struct_1_wado ... ok
test fixture_test_o2::struct_destruct_named_type_error_wado ... ok
test fixture_test_o2::struct_destruct_exhaustive_error_wado ... ok
test fixture_test_o2::struct_2_wado ... ok
test fixture_test_o2::struct_eq_auto_generic_wado ... ok
test fixture_test_o2::struct_eq_auto_user_override_wado ... ok
test fixture_test_o2::struct_eq_auto_ord_wado ... ok
test fixture_test_o2::struct_eq_auto_variant_field_wado ... ok
test fixture_test_o2::struct_eq_auto_wado ... ok
test fixture_test_o2::struct_import_alias_wado ... FAILED
test fixture_test_o2::struct_literal_restrict_error_wado ... ok
test fixture_test_o2::struct_field_rebind_in_export_run_wado ... ok
test fixture_test_o2::struct_literal_string_key_expr_error_wado ... ok
test fixture_test_o2::struct_literal_string_key_int_error_wado ... ok
test fixture_test_o2::struct_implicit_error_no_type_wado ... ok
test fixture_test_o2::struct_import_collision_wado ... FAILED
test fixture_test_o2::struct_literal_string_key_destructure_wado ... ok
test fixture_test_o2::struct_literal_string_key_keyword_wado ... ok
test fixture_test_o2::struct_literal_string_key_treemap_wado ... ok
test fixture_test_o2::struct_literal_string_key_wado ... ok
test fixture_test_o2::struct_literal_unknown_field_error_wado ... ok
test fixture_test_o2::struct_literal_unknown_field_implicit_error_wado ... ok
test fixture_test_o2::struct_name_conflict_wado ... ok
test fixture_test_o2::switch_default_binding_wado ... ok
test fixture_test_o2::template_inspect_default_cap_wado ... ok
test fixture_test_o2::template_string_generic_wado ... ok
test fixture_test_o2::template_string_option_loop_wado ... ok
test fixture_test_o2::template_string_precision_wado ... ok
test fixture_test_o2::template_string_wado ... ok
test fixture_test_o2::temporary_mut_array_arg_wado ... ok
test fixture_test_o2::test_decl_wado ... ok
test fixture_test_o2::test_expect_trap_wado ... ok
test fixture_test_o2::test_fail_wado ... ok
test fixture_test_o2::test_imported_test_block_skipped_wado ... ok
test fixture_test_o2::test_special_names_wado ... ok
test fixture_test_o2::test_todo_wado ... ok
test fixture_test_o2::test_unicode_names_wado ... ok
test fixture_test_o2::test_world_variant_generic_run_wado ... ok
test fixture_test_o2::test_world_variant_group_wado ... ok
test fixture_test_o2::test_world_variant_generic_wado ... ok
test fixture_test_o2::tir_optimize_bool_identity_wado ... ok
test fixture_test_o2::tir_optimize_early_exit_guard_wado ... ok
test fixture_test_o2::tir_optimize_short_circuit_bounds_wado ... ok
test fixture_test_o2::tmpl_hoist_escape_mixed_wado ... ok
test fixture_test_o2::tmpl_hoist_escape_safe_wado ... ok
test fixture_test_o2::tmpl_hoist_escape_unsafe_wado ... ok
test fixture_test_o2::tmpl_hoist_fmt_default_wado ... ok
test fixture_test_o2::tmpl_hoist_fmt_edge_wado ... ok
test fixture_test_o2::tmpl_hoist_fmt_mixed_wado ... ok
test fixture_test_o2::tmpl_hoist_fmt_multi_default_wado ... ok
test fixture_test_o2::tmpl_hoist_fmt_specifier_wado ... ok
test fixture_test_o2::tmpl_hoist_fmt_params_wado ... ok
test fixture_test_o2::tmpl_hoist_fmt_struct_wado ... ok
test fixture_test_o2::tmpl_hoist_formatter_wado ... ok
test fixture_test_o2::trait_basic_wado ... ok
test fixture_test_o2::tmpl_hoist_loop_wado ... ok
test fixture_test_o2::trait_bound_1_wado ... ok
test fixture_test_o2::trait_bound_2_wado ... ok
test fixture_test_o2::trait_bound_4_wado ... ok
test fixture_test_o2::trait_bound_3_wado ... ok
test fixture_test_o2::trait_bound_5_wado ... ok
test fixture_test_o2::trait_bound_6_wado ... ok
test fixture_test_o2::trait_bound_array_ord_wado ... ok
test fixture_test_o2::trait_bound_7_wado ... ok
test fixture_test_o2::trait_bound_add_generic_wado ... ok
test fixture_test_o2::trait_bound_crossmod_fn_violation_wado ... ok
test fixture_test_o2::trait_bound_crossmod_violation_wado ... ok
test fixture_test_o2::trait_bound_fn_violation_wado ... ok
test fixture_test_o2::trait_bound_impl_block_violation_wado ... ok
test fixture_test_o2::trait_bound_crossmod_wado ... ok
test fixture_test_o2::trait_bound_multi_violation_wado ... ok
test fixture_test_o2::trait_bound_method_on_type_param_builtin_wado ... ok
test fixture_test_o2::trait_bound_method_on_type_param_ref_wado ... ok
test fixture_test_o2::trait_bound_ord_wado ... ok
test fixture_test_o2::trait_bound_reason_field_wado ... ok
test fixture_test_o2::trait_bound_reason_nested_wado ... ok
test fixture_test_o2::trait_bound_sort_no_ord_wado ... ok
test fixture_test_o2::trait_bound_struct_field_bounded_violation_wado ... ok
test fixture_test_o2::trait_bound_violation_wado ... ok
test fixture_test_o2::trait_default_assert_self_call_wado ... ok
test fixture_test_o2::trait_default_assoc_type_wado ... ok
test fixture_test_o2::trait_default_method_calls_t_default_crossmod_wado ... ok
test fixture_test_o2::trait_default_method_calls_t_default_wado ... ok
test fixture_test_o2::trait_default_method_generic_self_call_wado ... ok
test fixture_test_o2::trait_default_method_type_param_wado ... ok
test fixture_test_o2::trait_default_wado ... ok
test fixture_test_o2::trait_generic_assoc_type_return_wado ... ok
test fixture_test_o2::trait_generic_option_return_wado ... ok
test fixture_test_o2::trait_inherent_priority_wado ... ok
test fixture_test_o2::trait_method_calls_method_wado ... ok
test fixture_test_o2::trait_method_generic_concrete_trait_arg_wado ... ok
test fixture_test_o2::trait_method_generic_return_on_assoc_type_wado ... ok
test fixture_test_o2::trait_multiple_traits_wado ... ok
test fixture_test_o2::trait_mut_self_wado ... ok
test fixture_test_o2::trait_multiple_wado ... ok
test fixture_test_o2::trait_static_method_via_type_path_wado ... ok
test fixture_test_o2::trait_option_return_wado ... ok
test fixture_test_o2::trait_unit_return_wado ... ok
test fixture_test_o2::treemap_btree2_wado ... ok
test fixture_test_o2::treemap_btree_wado ... ok
test fixture_test_o2::treemap_literal_basic_wado ... ok
test fixture_test_o2::treemap_literal_empty_wado ... ok
test fixture_test_o2::treemap_literal_cast_wado ... ok
test fixture_test_o2::treemap_literal_error_non_string_key_wado ... ok
test fixture_test_o2::treemap_literal_fn_arg_wado ... ok
test fixture_test_o2::treemap_literal_mutable_wado ... ok
test fixture_test_o2::treemap_literal_string_values_wado ... ok
test fixture_test_o2::treeset_mut_ref_deep_wado ... ok
test fixture_test_o2::try_op_error_non_result_fn_wado ... ok
test fixture_test_o2::try_op_error_on_non_result_wado ... ok
test fixture_test_o2::try_merged_wado ... ok
test fixture_test_o2::try_op_error_option_in_result_fn_wado ... ok
test fixture_test_o2::try_op_error_result_in_option_fn_wado ... ok
test fixture_test_o2::try_op_generic_method_call_wado ... ok
test fixture_test_o2::tuple_destruct_error_mismatch_wado ... ok
test fixture_test_o2::tuple_1_wado ... ok
test fixture_test_o2::tuple_2_wado ... ok
test fixture_test_o2::tuple_error_index_out_of_bounds_wado ... ok
test fixture_test_o2::tuple_destruct_rest_wado ... ok
test fixture_test_o2::tuple_elision_multivalue_wado ... ok
test fixture_test_o2::tuple_error_length_mismatch_wado ... ok
test fixture_test_o2::tuple_error_variable_index_wado ... ok
test fixture_test_o2::tuple_for_of_break_wado ... ok
test fixture_test_o2::tuple_for_of_continue_wado ... ok
test fixture_test_o2::tuple_for_of_ref_wado ... ok
test fixture_test_o2::tuple_for_of_return_wado ... ok
test fixture_test_o2::tuple_literal_expected_type_in_branch_wado ... ok
test fixture_test_o2::tuple_name_collision_2_wado ... ok
test fixture_test_o2::tuple_for_of_wado ... ok
test fixture_test_o2::tuple_name_collision_wado ... ok
test fixture_test_o2::tuple_zip_wado ... ok
test fixture_test_o2::type_param_omission_cross_module_wado ... ok
test fixture_test_o2::type_param_omission_free_fn_wado ... ok
test fixture_test_o2::type_cast_wado ... ok
test fixture_test_o2::type_param_omission_instance_method_wado ... ok
test fixture_test_o2::typecheck_assignment_wrong_type_wado ... ok
test fixture_test_o2::type_param_omission_two_t_coerce_wado ... ok
test fixture_test_o2::type_param_omission_static_method_wado ... ok
test fixture_test_o2::typecheck_auto_deref_array_elem_wado ... ok
test fixture_test_o2::typecheck_auto_deref_assign_wado ... ok
test fixture_test_o2::typecheck_auto_deref_binary_op_wado ... ok
test fixture_test_o2::typecheck_auto_deref_closure_arg_wado ... ok
test fixture_test_o2::typecheck_auto_deref_comparison_wado ... ok
test fixture_test_o2::typecheck_auto_deref_fn_arg_wado ... ok
test fixture_test_o2::typecheck_auto_deref_generic_fn_wado ... ok
test fixture_test_o2::typecheck_auto_deref_index_wado ... ok
test fixture_test_o2::typecheck_auto_deref_let_binding_wado ... ok
test fixture_test_o2::typecheck_auto_deref_nested_wado ... ok
test fixture_test_o2::typecheck_auto_deref_return_wado ... ok
test fixture_test_o2::typecheck_auto_deref_struct_field_wado ... ok
test fixture_test_o2::typecheck_binop_add_f32_f64_wado ... ok
test fixture_test_o2::typecheck_binop_add_i32_f32_wado ... ok
test fixture_test_o2::typecheck_binop_add_i32_i64_wado ... ok
test fixture_test_o2::typecheck_binop_add_i32_u32_wado ... ok
test fixture_test_o2::typecheck_binop_add_u32_u64_wado ... ok
test fixture_test_o2::typecheck_binop_eq_generic_vs_primitive_wado ... ok
test fixture_test_o2::typecheck_binop_eq_i32_i64_wado ... ok
test fixture_test_o2::typecheck_binop_fn_eq_wado ... ok
test fixture_test_o2::typecheck_binop_shl_u64_i32_wado ... ok
test fixture_test_o2::typecheck_binop_shr_i64_u32_wado ... ok
test fixture_test_o2::typecheck_deref_nonref_wado ... ok
test fixture_test_o2::typecheck_fn_arg_wrong_struct_wado ... ok
test fixture_test_o2::typecheck_fn_arg_wrong_type_wado ... ok
test fixture_test_o2::typecheck_generic_instance_mismatch_wado ... ok
test fixture_test_o2::typecheck_global_init_wrong_type_wado ... ok
test fixture_test_o2::typecheck_if_expr_branch_wado ... ok
test fixture_test_o2::typecheck_if_expr_missing_else_wado ... ok
test fixture_test_o2::typecheck_let_annotation_wrong_type_wado ... ok
test fixture_test_o2::typecheck_newtype_assign_base_wado ... ok
test fixture_test_o2::typecheck_newtype_assign_to_base_wado ... ok
test fixture_test_o2::typecheck_newtype_chained_method_wado ... ok
test fixture_test_o2::typecheck_newtype_method_byvalue_reverse_wado ... ok
test fixture_test_o2::typecheck_newtype_method_ref_reverse_wado ... ok
test fixture_test_o2::typecheck_newtype_method_byvalue_wado ... ok
test fixture_test_o2::typecheck_newtype_method_ref_wado ... ok
test fixture_test_o2::typecheck_newtype_mix_types_wado ... ok
test fixture_test_o2::typecheck_newtype_multiple_params_wado ... ok
test fixture_test_o2::typecheck_newtype_operator_mix_wado ... ok
test fixture_test_o2::typecheck_newtype_return_type_wado ... ok
test fixture_test_o2::typecheck_newtype_string_coercion_wado ... ok
test fixture_test_o2::typecheck_option_coerce_struct_field_wado ... ok
test fixture_test_o2::typecheck_option_mismatch_struct_field_wado ... ok
test fixture_test_o2::typecheck_ref_deref_shared_yields_mut_wado ... ok
test fixture_test_o2::typecheck_return_cross_module_wado ... ok
test fixture_test_o2::typecheck_return_type_wado ... ok
test fixture_test_o2::typecheck_struct_field_wrong_type_wado ... ok
test fixture_test_o2::typecheck_submodule_generic_type_wado ... ok
test fixture_test_o2::typecheck_submodule_type_wado ... ok
test fixture_test_o2::typecheck_tuple_type_wado ... ok
test fixture_test_o2::typecheck_treemap_literal_hetero_values_wado ... ok
test fixture_test_o2::typecheck_variant_ref_coercion_wado ... ok
test fixture_test_o2::unicode_incomplete_surrogate_pair_wado ... ok
test fixture_test_o2::u64_arithmetic_wado ... ok
test fixture_test_o2::unary_neg_float_wado ... ok
test fixture_test_o2::use_invalid_module_path_wado ... ok
test fixture_test_o2::unicode_invalid_codepoint_wado ... ok
test fixture_test_o2::use_unknown_namespace_wado ... ok
test fixture_test_o2::unicode_lone_surrogate_braces_wado ... ok
test fixture_test_o2::unicode_surrogate_not_followed_by_low_wado ... ok
test fixture_test_o2::user_effect_smoke_wado ... ok
test fixture_test_o2::use_local_module_wado ... ok
test fixture_test_o2::user_func_wado ... ok
test fixture_test_o2::user_function_call_wado ... ok
test fixture_test_o2::user_resource_smoke_wado ... ok
test fixture_test_o2::user_world_smoke_wado ... ok
test fixture_test_o2::value_copy_builtin_array_wado ... ok
test fixture_test_o2::value_copy_demote_element_mut_wado ... ok
test fixture_test_o2::value_copy_demote_mixed_sites_wado ... ok
test fixture_test_o2::value_copy_demote_wado ... ok
test fixture_test_o2::value_copy_elide_qmark_wado ... ok
test fixture_test_o2::value_copy_iterator_fresh_elision_wado ... ok
test fixture_test_o2::var_uninit_loop_not_guaranteed_error_wado ... ok
test fixture_test_o2::var_uninit_missing_else_error_wado ... ok
test fixture_test_o2::var_uninit_no_assign_error_wado ... ok
test fixture_test_o2::var_uninit_no_type_annotation_error_wado ... ok
test fixture_test_o2::var_uninit_partial_match_error_wado ... ok
test fixture_test_o2::value_copy_nested_struct_wado ... ok
test fixture_test_o2::value_copy_nested_array_helper_chain_wado ... ok
test fixture_test_o2::value_semantics_wado ... ok
test fixture_test_o2::var_uninit_valid_wado ... ok
test fixture_test_o2::variadic_concat_wado ... ok
test fixture_test_o2::variadic_2_wado ... ok
test fixture_test_o2::variadic_1_wado ... ok
test fixture_test_o2::variadic_ellipsis_error_wado ... ok
test fixture_test_o2::variadic_3_wado ... ok
test fixture_test_o2::variadic_deserialize_wado ... ok
test fixture_test_o2::variadic_parse_error_effect_pack_wado ... ok
test fixture_test_o2::variadic_parse_error_two_packs_wado ... ok
test fixture_test_o2::variadic_for_of_ref_wado ... ok
test fixture_test_o2::variadic_for_of_generic_method_wado ... ok
test fixture_test_o2::variadic_impl_method_type_param_wado ... ok
test fixture_test_o2::variadic_trait_bound_wado ... ok
test fixture_test_o2::variant_construct_with_payload_wado ... ok
test fixture_test_o2::variant_construct_wado ... ok
test fixture_test_o2::variant_cross_module_pattern_wado ... ok
test fixture_test_o2::variant_custom_decl_wado ... ok
test fixture_test_o2::variant_deref_cross_module_wado ... ok
test fixture_test_o2::variant_eq_auto_generic_wado ... ok
test fixture_test_o2::variant_eq_auto_recursive_wado ... ok
test fixture_test_o2::variant_eq_auto_wado ... ok
test fixture_test_o2::variant_eq_user_impl_wado ... ok
test fixture_test_o2::variant_f64_payload_wado ... ok
test fixture_test_o2::variant_import_module_wado ... ok
test fixture_test_o2::variant_if_let_basic_wado ... ok
test fixture_test_o2::variant_import_mut_wado ... ok
test fixture_test_o2::variant_import_struct_module_wado ... ok
test fixture_test_o2::variant_import_struct_simple_wado ... ok
test fixture_test_o2::variant_import_struct_wado ... ok
test fixture_test_o2::variant_import_value_wado ... ok
test fixture_test_o2::variant_import_wado ... ok
test fixture_test_o2::variant_in_struct_match_module_wado ... ok
test fixture_test_o2::variant_in_struct_field_wado ... ok
test fixture_test_o2::variant_in_struct_match_wado ... ok
test fixture_test_o2::variant_in_struct_simple_module_wado ... ok
test fixture_test_o2::variant_in_struct_simple_wado ... ok
test fixture_test_o2::variant_infer_wado ... ok
test fixture_test_o2::variant_option_of_variant_wado ... ok
test fixture_test_o2::variant_recursive_struct_payload_constructor_wado ... ok
test fixture_test_o2::variant_qualified_pattern_wado ... ok
test fixture_test_o2::variant_struct_concat_module_wado ... ok
test fixture_test_o2::variant_struct_concat_wado ... ok
test fixture_test_o2::variant_struct_string_module_wado ... ok
test fixture_test_o2::variant_struct_string_wado ... ok
test fixture_test_o2::variant_value_semantics_wado ... ok
test fixture_test_o2::wasi_cli_terminal_wado ... ok
test fixture_test_o2::wasi_cli_wado ... ok
test fixture_test_o2::wasi_clocks_full_wado ... ok
test fixture_test_o2::wasi_clocks_timezone_wado ... ok
test fixture_test_o2::wasi_clocks_wado ... ok
test fixture_test_o2::wasi_filesystem_append_stream_wado ... ok
test fixture_test_o2::wasi_filesystem_advise_sync_wado ... ok
test fixture_test_o2::wasi_filesystem_dir_ops_wado ... ok
test fixture_test_o2::wasi_filesystem_get_type_wado ... ok
test fixture_test_o2::wasi_filesystem_open_at_wado ... ok
test fixture_test_o2::wasi_filesystem_metadata_hash_wado ... ok
test fixture_test_o2::wasi_filesystem_open_flags_wado ... ok
test fixture_test_o2::wasi_filesystem_read_stream_wado ... ok
test fixture_test_o2::wasi_filesystem_read_transform_stream_wado ... ok
test fixture_test_o2::wasi_filesystem_rename_unlink_wado ... ok
test fixture_test_o2::wasi_filesystem_set_size_wado ... ok
test fixture_test_o2::wasi_filesystem_set_times_wado ... ok
test fixture_test_o2::wasi_filesystem_stat_wado ... ok
test fixture_test_o2::wasi_filesystem_symlink_wado ... ok
test fixture_test_o2::wasi_filesystem_wado ... ok
test fixture_test_o2::wasi_filesystem_write_stream_wado ... ok
test fixture_test_o2::wasi_newtype_literal_wado ... ok
test fixture_test_o2::wasi_random_wado ... ok
test fixture_test_o2::wasi_sockets_import_wado ... ok
test fixture_test_o2::wasi_tls_import_wado ... ok
test fixture_test_o2::wasm_import_bad_import_wado ... ok
test fixture_test_o2::wasm_import_has_start_wado ... ok
test fixture_test_o2::wasm_import_invalid_wasm_wado ... ok
test fixture_test_o2::wasm_import_invalid_wat_wado ... ok
test fixture_test_o2::wasi_tls_mock_error_wado ... ok
test fixture_test_o2::wasi_tls_mock_recv_wado ... ok
test fixture_test_o2::wasi_tls_result_error_wado ... ok
test fixture_test_o2::wasm_import_user_wasm_wado ... ok
test fixture_test_o2::wasm_import_user_wat_wado ... ok
test fixture_test_o2::wasm_instructions_float_math_wado ... ok
test fixture_test_o2::wasm_name_conflict_closure_wado ... ok
test fixture_test_o2::wasm_name_conflict_entry_struct_wado ... ok
test fixture_test_o2::wasm_name_conflict_enum_wado ... ok
test fixture_test_o2::wasm_name_conflict_free_fn_wado ... ok
test fixture_test_o2::wasm_name_conflict_generic_fn_wado ... ok
test fixture_test_o2::wasm_name_conflict_global_wado ... ok
test fixture_test_o2::wasm_name_conflict_method_wado ... ok
test fixture_test_o2::wasm_name_conflict_newtype_wado ... ok
test fixture_test_o2::wasm_name_conflict_pub_use_alias_wado ... ok
test fixture_test_o2::wasm_name_conflict_struct_wado ... ok
test fixture_test_o2::wasm_name_conflict_trait_wado ... ok
test fixture_test_o2::wasm_name_conflict_variant_wado ... ok
test fixture_test_o2::wildcard_import_no_bind_wado ... ok
test fixture_test_o2::while_merged_wado ... ok
test fixture_test_o2::wildcard_import_wado ... ok
test fixture_test_o2::wir_issue6_circular_struct_variant_wado ... ok
test fixture_test_o2::wir_issue8_cross_module_variant_wado ... ok
test fixture_test_o2::wir_optimize_copy_prop_destructure_wado ... ok
test fixture_test_o2::wir_optimize_branchless_increment_wado ... ok
test fixture_test_o2::wir_optimize_cse_wado ... ok
test fixture_test_o2::wir_optimize_dae_wado ... ok
test fixture_test_o2::wir_optimize_labeled_block_copy_prop_safety_wado ... ok
test fixture_test_o2::wir_optimize_dce_orphan_push_wado ... ok
test fixture_test_o2::wir_optimize_labeled_block_copy_prop_wado ... ok
test fixture_test_o2::wir_optimize_negate_eqz_wado ... ok
test fixture_test_o2::wir_optimize_unwrap_fresh_elision_wado ... ok
test fixture_test_o2::wir_optimize_unwrap_fresh_elision_edge_wado ... ok
test fixture_test_o2::wir_optimize_value_copy_call_arg_needed_wado ... ok
test fixture_test_o2::wir_optimize_value_copy_chained_field_wado ... ok
test fixture_test_o2::wir_optimize_value_copy_if_fresh_wado ... ok
test fixture_test_o2::wir_optimize_value_copy_match_fresh_wado ... ok
test fixture_test_o2::wir_optimize_value_copy_multivalue_fresh_wado ... ok
test fixture_test_o2::wir_optimize_value_copy_mutation_needed_wado ... ok
test fixture_test_o2::wir_optimize_value_copy_str_bytes_loop_wado ... ok
test fixture_test_o2::wir_optimize_value_copy_variant_read_wado ... ok
test fixture_test_o2::wir_optimize_vcopy_deref_snapshot_wado ... ok
test fixture_test_o3::allocator_debug_poison_wado ... ignored, set CI/WADO_FULL_TEST to run
test fixture_test_o3::allocator_free_rewind_wado ... ignored, set CI/WADO_FULL_TEST to run
test fixture_test_o3::allocator_freelist_align_wado ... ignored, set CI/WADO_FULL_TEST to run
test fixture_test_o3::allocator_freelist_bins_wado ... ignored, set CI/WADO_FULL_TEST to run
test fixture_test_o3::allocator_freelist_churn_mixed_wado ... ignored, set CI/WADO_FULL_TEST to run
test fixture_test_o3::allocator_freelist_churn_wado ... ignored, set CI/WADO_FULL_TEST to run
test fixture_test_o3::allocator_freelist_coalesce_both_wado ... ignored, set CI/WADO_FULL_TEST to run
test fixture_test_o3::allocator_freelist_coalesce_wado ... ignored, set CI/WADO_FULL_TEST to run
test fixture_test_o3::allocator_freelist_double_free_wado ... ignored, set CI/WADO_FULL_TEST to run
test fixture_test_o3::allocator_freelist_no_coalesce_wado ... ignored, set CI/WADO_FULL_TEST to run
test fixture_test_o3::allocator_freelist_reclaim_wado ... ignored, set CI/WADO_FULL_TEST to run
test fixture_test_o3::allocator_freelist_split_wado ... ignored, set CI/WADO_FULL_TEST to run
test fixture_test_o3::allocator_freelist_zero_free_wado ... ignored, set CI/WADO_FULL_TEST to run
test fixture_test_o3::allocator_grow_wado ... ignored, set CI/WADO_FULL_TEST to run
test fixture_test_o3::anon_struct_basic_wado ... ignored, set CI/WADO_FULL_TEST to run
test fixture_test_o3::anon_struct_nested_wado ... ignored, set CI/WADO_FULL_TEST to run
test fixture_test_o3::anon_struct_shorthand_wado ... ignored, set CI/WADO_FULL_TEST to run
test fixture_test_o3::anon_struct_structural_eq_wado ... ignored, set CI/WADO_FULL_TEST to run
test fixture_test_o3::anon_struct_various_types_wado ... ignored, set CI/WADO_FULL_TEST to run
test fixture_test_o3::array_append_collapse_wado ... ignored, set CI/WADO_FULL_TEST to run
test fixture_test_o3::array_bounds_check_empty_wado ... ignored, set CI/WADO_FULL_TEST to run
test fixture_test_o3::array_bounds_check_negative_wado ... ignored, set CI/WADO_FULL_TEST to run
test fixture_test_o3::array_bounds_check_oob_read_wado ... ignored, set CI/WADO_FULL_TEST to run
test fixture_test_o3::array_bounds_check_oob_write_wado ... ignored, set CI/WADO_FULL_TEST to run
test fixture_test_o3::array_bounds_elim_const_wado ... ignored, set CI/WADO_FULL_TEST to run
test fixture_test_o3::array_bounds_elim_const_wir_wado ... ignored, set CI/WADO_FULL_TEST to run
test fixture_test_o3::array_bounds_elim_le_guard_wado ... ignored, set CI/WADO_FULL_TEST to run
test fixture_test_o3::array_bounds_elim_le_guard_wir_wado ... ignored, set CI/WADO_FULL_TEST to run
test fixture_test_o3::array_bounds_elim_loop_guard_wado ... ignored, set CI/WADO_FULL_TEST to run
test fixture_test_o3::array_bounds_elim_loop_guard_wir_wado ... ignored, set CI/WADO_FULL_TEST to run
test fixture_test_o3::array_bounds_elim_oob_after_mutation_wado ... ignored, set CI/WADO_FULL_TEST to run
test fixture_test_o3::array_bounds_elim_oob_complex_wado ... ignored, set CI/WADO_FULL_TEST to run
test fixture_test_o3::array_bounds_elim_oob_loop_dynamic_wado ... ignored, set CI/WADO_FULL_TEST to run
test fixture_test_o3::array_bounds_elim_oob_preserved_wir_wado ... ignored, set CI/WADO_FULL_TEST to run
test fixture_test_o3::array_bounds_elim_oob_simple_wado ... ignored, set CI/WADO_FULL_TEST to run
test fixture_test_o3::array_bounds_wado ... ignored, set CI/WADO_FULL_TEST to run
test fixture_test_o3::array_empty_wado ... ignored, set CI/WADO_FULL_TEST to run
test fixture_test_o3::array_error_heterogeneous_wado ... ignored, set CI/WADO_FULL_TEST to run
test fixture_test_o3::array_explicit_cast_wado ... ignored, set CI/WADO_FULL_TEST to run
test fixture_test_o3::array_f64_wado ... ignored, set CI/WADO_FULL_TEST to run
test fixture_test_o3::array_index_1_wado ... ignored, set CI/WADO_FULL_TEST to run
test fixture_test_o3::array_index_2_wado ... ignored, set CI/WADO_FULL_TEST to run
test fixture_test_o3::array_index_inline_method_wado ... ignored, set CI/WADO_FULL_TEST to run
test fixture_test_o3::array_index_inline_recursive_wado ... ignored, set CI/WADO_FULL_TEST to run
test fixture_test_o3::array_large_literal_dynamic_wado ... ignored, set CI/WADO_FULL_TEST to run
test fixture_test_o3::array_literal_coerce_u8_wado ... ignored, set CI/WADO_FULL_TEST to run
test fixture_test_o3::array_literal_nir_materialize_wado ... ignored, set CI/WADO_FULL_TEST to run
test fixture_test_o3::array_literal_side_effect_element_wado ... ignored, set CI/WADO_FULL_TEST to run
test fixture_test_o3::array_new_wado ... ignored, set CI/WADO_FULL_TEST to run
test fixture_test_o3::array_of_generic_struct_wado ... ignored, set CI/WADO_FULL_TEST to run
test fixture_test_o3::array_param_coercion_wado ... ignored, set CI/WADO_FULL_TEST to run
test fixture_test_o3::array_return_wado ... ignored, set CI/WADO_FULL_TEST to run
test fixture_test_o3::array_specialized_wado ... ignored, set CI/WADO_FULL_TEST to run
test fixture_test_o3::array_string_wado ... ignored, set CI/WADO_FULL_TEST to run
test fixture_test_o3::array_tuple_unit_wado ... ignored, set CI/WADO_FULL_TEST to run
test fixture_test_o3::array_type_annotation_wado ... ignored, set CI/WADO_FULL_TEST to run
test fixture_test_o3::assert_escape_in_condition_wado ... ignored, set CI/WADO_FULL_TEST to run
test fixture_test_o3::assert_fail_call_arg_ident_wado ... ignored, set CI/WADO_FULL_TEST to run
test fixture_test_o3::assert_fail_call_arg_side_effect_wado ... ignored, set CI/WADO_FULL_TEST to run
test fixture_test_o3::assert_fail_call_arg_wado ... ignored, set CI/WADO_FULL_TEST to run
test fixture_test_o3::assert_fail_intermediate_wado ... ignored, set CI/WADO_FULL_TEST to run
test fixture_test_o3::assert_fail_mut_ref_arg_wado ... ignored, set CI/WADO_FULL_TEST to run
test fixture_test_o3::assert_fail_side_effect_wado ... ignored, set CI/WADO_FULL_TEST to run
test fixture_test_o3::assert_fail_simple_wado ... ignored, set CI/WADO_FULL_TEST to run
test fixture_test_o3::assert_fail_with_message_wado ... ignored, set CI/WADO_FULL_TEST to run
test fixture_test_o3::assert_inspect_char_wado ... ignored, set CI/WADO_FULL_TEST to run
test fixture_test_o3::assert_inspect_enum_wado ... ignored, set CI/WADO_FULL_TEST to run
test fixture_test_o3::assert_inspect_float_precision_wado ... ignored, set CI/WADO_FULL_TEST to run
test fixture_test_o3::assert_inspect_float_wado ... ignored, set CI/WADO_FULL_TEST to run
test fixture_test_o3::assert_inspect_if_wado ... ignored, set CI/WADO_FULL_TEST to run
test fixture_test_o3::assert_inspect_matches_wado ... ignored, set CI/WADO_FULL_TEST to run
test fixture_test_o3::assert_inspect_mut_ref_wado ... ignored, set CI/WADO_FULL_TEST to run
test fixture_test_o3::assert_inspect_ref_wado ... ignored, set CI/WADO_FULL_TEST to run
test fixture_test_o3::assert_inspect_string_wado ... ignored, set CI/WADO_FULL_TEST to run
test fixture_test_o3::assert_inspect_struct_wado ... ignored, set CI/WADO_FULL_TEST to run
test fixture_test_o3::assert_inspect_variant_wado ... ignored, set CI/WADO_FULL_TEST to run
test fixture_test_o3::assert_pass_wado ... ignored, set CI/WADO_FULL_TEST to run
test fixture_test_o3::assert_truncate_string_wado ... ignored, set CI/WADO_FULL_TEST to run
test fixture_test_o3::assoc_projection_method_compose_wado ... ignored, set CI/WADO_FULL_TEST to run
test fixture_test_o3::assoc_type_generic_param_projection_wado ... ignored, set CI/WADO_FULL_TEST to run
test fixture_test_o3::assoc_type_projection_struct_field_wado ... ignored, set CI/WADO_FULL_TEST to run
test fixture_test_o3::associated_const_wado ... ignored, set CI/WADO_FULL_TEST to run
test fixture_test_o3::associated_type_1_wado ... ignored, set CI/WADO_FULL_TEST to run
test fixture_test_o3::associated_type_2_wado ... ignored, set CI/WADO_FULL_TEST to run
test fixture_test_o3::auto_deref_template_wado ... ignored, set CI/WADO_FULL_TEST to run
test fixture_test_o3::auto_deref_wado ... ignored, set CI/WADO_FULL_TEST to run
test fixture_test_o3::bind_error_duplicate_in_scope_wado ... ignored, set CI/WADO_FULL_TEST to run
test fixture_test_o3::bind_error_module_wado ... ignored, set CI/WADO_FULL_TEST to run
test fixture_test_o3::bind_error_use_before_define_wado ... ignored, set CI/WADO_FULL_TEST to run
test fixture_test_o3::bitwise_merged_wado ... ignored, set CI/WADO_FULL_TEST to run
test fixture_test_o3::bug_copy_prop_method_array_literal_arg_wado ... ignored, set CI/WADO_FULL_TEST to run
test fixture_test_o3::bug_copy_prop_mut_param_rebind_wado ... ignored, set CI/WADO_FULL_TEST to run
test fixture_test_o3::bug_mut_ref_after_continue_wado ... ignored, set CI/WADO_FULL_TEST to run
test fixture_test_o3::bug_store_load_forward_mut_method_receiver_wado ... ignored, set CI/WADO_FULL_TEST to run
test fixture_test_o3::builtin_v128_load_store_wado ... ignored, set CI/WADO_FULL_TEST to run
test fixture_test_o3::callable_expr_arg_type_error_wado ... ignored, set CI/WADO_FULL_TEST to run
test fixture_test_o3::callable_expr_arity_error_wado ... ignored, set CI/WADO_FULL_TEST to run
test fixture_test_o3::callable_expr_not_callable_error_wado ... ignored, set CI/WADO_FULL_TEST to run
test fixture_test_o3::callable_expr_wado ... ignored, set CI/WADO_FULL_TEST to run
test fixture_test_o3::cast_deref_precedence_wado ... ignored, set CI/WADO_FULL_TEST to run
test fixture_test_o3::cast_int64_to_int_wado ... ignored, set CI/WADO_FULL_TEST to run
test fixture_test_o3::char_cast_from_i32_error_wado ... ignored, set CI/WADO_FULL_TEST to run
test fixture_test_o3::char_cast_from_i8_error_wado ... ignored, set CI/WADO_FULL_TEST to run
test fixture_test_o3::char_cast_from_u32_error_wado ... ignored, set CI/WADO_FULL_TEST to run
test fixture_test_o3::char_cast_to_f64_error_wado ... ignored, set CI/WADO_FULL_TEST to run
test fixture_test_o3::char_cast_wado ... ignored, set CI/WADO_FULL_TEST to run
test fixture_test_o3::cli_args_wado ... ignored, set CI/WADO_FULL_TEST to run
test fixture_test_o3::cli_eprint_wado ... ignored, set CI/WADO_FULL_TEST to run
test fixture_test_o3::cli_print_wado ... ignored, set CI/WADO_FULL_TEST to run
test fixture_test_o3::closure_1_wado ... ignored, set CI/WADO_FULL_TEST to run
test fixture_test_o3::closure_2_wado ... ignored, set CI/WADO_FULL_TEST to run
test fixture_test_o3::closure_3_wado ... ignored, set CI/WADO_FULL_TEST to run
test fixture_test_o3::closure_auto_capture_mut_wado ... ignored, set CI/WADO_FULL_TEST to run
test fixture_test_o3::closure_bound_with_multi_effect_wado ... ignored, set CI/WADO_FULL_TEST to run
test fixture_test_o3::closure_cm_boundary_import_error_wado ... ignored, set CI/WADO_FULL_TEST to run
test fixture_test_o3::closure_cm_boundary_imported_struct_error_wado ... ignored, set CI/WADO_FULL_TEST to run
test fixture_test_o3::closure_cm_boundary_param_error_wado ... ignored, set CI/WADO_FULL_TEST to run
test fixture_test_o3::closure_cm_boundary_return_error_wado ... ignored, set CI/WADO_FULL_TEST to run
test fixture_test_o3::closure_cm_boundary_struct_field_error_wado ... ignored, set CI/WADO_FULL_TEST to run
test fixture_test_o3::closure_cm_boundary_variant_payload_error_wado ... ignored, set CI/WADO_FULL_TEST to run
test fixture_test_o3::closure_effect_generic_wado ... ignored, set CI/WADO_FULL_TEST to run
test fixture_test_o3::closure_escapes_effect_todo_wado ... ignored, set CI/WADO_FULL_TEST to run
test fixture_test_o3::closure_field_mutation_wado ... ignored, set CI/WADO_FULL_TEST to run
test fixture_test_o3::closure_fn_bound_with_effect_param_wado ... ignored, set CI/WADO_FULL_TEST to run
test fixture_test_o3::closure_fn_bound_with_regular_type_param_wado ... ignored, set CI/WADO_FULL_TEST to run
test fixture_test_o3::closure_fn_mut_basic_wado ... ignored, set CI/WADO_FULL_TEST to run
test fixture_test_o3::closure_for_loop_mutation_wado ... ignored, set CI/WADO_FULL_TEST to run
test fixture_test_o3::closure_generic_bound_fn_wado ... ignored, set CI/WADO_FULL_TEST to run
test fixture_test_o3::closure_iflet_template_collision_wado ... ignored, set CI/WADO_FULL_TEST to run
test fixture_test_o3::closure_iterator_effectful_wado ... ignored, set CI/WADO_FULL_TEST to run
test fixture_test_o3::closure_iterator_fn_mut_wado ... ignored, set CI/WADO_FULL_TEST to run
test fixture_test_o3::closure_match_body_mutation_wado ... ignored, set CI/WADO_FULL_TEST to run
test fixture_test_o3::closure_method_fn_bound_wado ... ignored, set CI/WADO_FULL_TEST to run
test fixture_test_o3::closure_mut_binding_required_error_wado ... ignored, set CI/WADO_FULL_TEST to run
test fixture_test_o3::closure_mut_binding_required_via_field_error_wado ... ignored, set CI/WADO_FULL_TEST to run
test fixture_test_o3::closure_mut_binding_required_via_index_error_wado ... ignored, set CI/WADO_FULL_TEST to run
test fixture_test_o3::closure_mut_binding_required_via_index_field_error_wado ... ignored, set CI/WADO_FULL_TEST to run
test fixture_test_o3::closure_mut_binding_required_via_nested_field_error_wado ... ignored, set CI/WADO_FULL_TEST to run
test fixture_test_o3::closure_mut_binding_temporary_root_wado ... ignored, set CI/WADO_FULL_TEST to run
test fixture_test_o3::closure_mut_binding_via_field_wado ... ignored, set CI/WADO_FULL_TEST to run
test fixture_test_o3::closure_mut_binding_via_index_wado ... ignored, set CI/WADO_FULL_TEST to run
test fixture_test_o3::closure_mut_param_required_error_wado ... ignored, set CI/WADO_FULL_TEST to run
test fixture_test_o3::closure_nested_literal_wado ... ignored, set CI/WADO_FULL_TEST to run
test fixture_test_o3::closure_param_pattern_temp_wado ... ignored, set CI/WADO_FULL_TEST to run
test fixture_test_o3::closure_subtyping_fn_mut_to_fn_error_wado ... ignored, set CI/WADO_FULL_TEST to run
test fixture_test_o3::closure_subtyping_fn_to_fn_mut_wado ... ignored, set CI/WADO_FULL_TEST to run
test fixture_test_o3::closure_template_local_collision_wado ... ignored, set CI/WADO_FULL_TEST to run
test fixture_test_o3::cm_error_context_wado ... ignored, set CI/WADO_FULL_TEST to run
test fixture_test_o3::cm_future_partial_use_destructure_wado ... ignored, set CI/WADO_FULL_TEST to run
test fixture_test_o3::cm_future_read_cli_wado ... ignored, set CI/WADO_FULL_TEST to run
test fixture_test_o3::cm_future_read_wado ... ignored, set CI/WADO_FULL_TEST to run
test fixture_test_o3::cm_stream_read_record_in_branch_wado ... ignored, set CI/WADO_FULL_TEST to run
test fixture_test_o3::cm_subtask_join_wado ... ignored, set CI/WADO_FULL_TEST to run
test fixture_test_o3::cm_waitable_set_new_wado ... ignored, set CI/WADO_FULL_TEST to run
test fixture_test_o3::cm_waitable_set_poll_wado ... ignored, set CI/WADO_FULL_TEST to run
test fixture_test_o3::coerce_float_literal_args_wado ... ignored, set CI/WADO_FULL_TEST to run
test fixture_test_o3::coerce_float_literal_let_wado ... ignored, set CI/WADO_FULL_TEST to run
test fixture_test_o3::coerce_float_literal_return_wado ... ignored, set CI/WADO_FULL_TEST to run
test fixture_test_o3::coerce_float_wado ... ignored, set CI/WADO_FULL_TEST to run
test fixture_test_o3::coerce_i128_u128_wado ... ignored, set CI/WADO_FULL_TEST to run
test fixture_test_o3::coerce_int_1_wado ... ignored, set CI/WADO_FULL_TEST to run
test fixture_test_o3::coerce_int_2_wado ... ignored, set CI/WADO_FULL_TEST to run
test fixture_test_o3::coerce_int_3_wado ... ignored, set CI/WADO_FULL_TEST to run
test fixture_test_o3::coerce_int_4_wado ... ignored, set CI/WADO_FULL_TEST to run
test fixture_test_o3::coerce_invalid_i128_hex_overflow_wado ... ignored, set CI/WADO_FULL_TEST to run
test fixture_test_o3::coerce_invalid_i128_overflow_wado ... ignored, set CI/WADO_FULL_TEST to run
test fixture_test_o3::coerce_invalid_i128_underflow_wado ... ignored, set CI/WADO_FULL_TEST to run
test fixture_test_o3::coerce_invalid_i16_hex_overflow_wado ... ignored, set CI/WADO_FULL_TEST to run
test fixture_test_o3::coerce_invalid_i16_overflow_wado ... ignored, set CI/WADO_FULL_TEST to run
test fixture_test_o3::coerce_invalid_i16_underflow_wado ... ignored, set CI/WADO_FULL_TEST to run
test fixture_test_o3::coerce_invalid_i32_binary_overflow_wado ... ignored, set CI/WADO_FULL_TEST to run
test fixture_test_o3::coerce_invalid_i32_hex_bit_pattern_wado ... ignored, set CI/WADO_FULL_TEST to run
test fixture_test_o3::coerce_invalid_i32_hex_overflow_wado ... ignored, set CI/WADO_FULL_TEST to run
test fixture_test_o3::coerce_invalid_i32_octal_overflow_wado ... ignored, set CI/WADO_FULL_TEST to run
test fixture_test_o3::coerce_invalid_i32_overflow_wado ... ignored, set CI/WADO_FULL_TEST to run
test fixture_test_o3::coerce_invalid_i32_underflow_wado ... ignored, set CI/WADO_FULL_TEST to run
test fixture_test_o3::coerce_invalid_i64_hex_bit_pattern_wado ... ignored, set CI/WADO_FULL_TEST to run
test fixture_test_o3::coerce_invalid_i64_overflow_wado ... ignored, set CI/WADO_FULL_TEST to run
test fixture_test_o3::coerce_invalid_i8_binary_overflow_wado ... ignored, set CI/WADO_FULL_TEST to run
test fixture_test_o3::coerce_invalid_i8_hex_overflow_wado ... ignored, set CI/WADO_FULL_TEST to run
test fixture_test_o3::coerce_invalid_i8_octal_overflow_wado ... ignored, set CI/WADO_FULL_TEST to run
test fixture_test_o3::coerce_invalid_i8_overflow_wado ... ignored, set CI/WADO_FULL_TEST to run
test fixture_test_o3::coerce_invalid_i8_underflow_wado ... ignored, set CI/WADO_FULL_TEST to run
test fixture_test_o3::coerce_invalid_u128_hex_overflow_wado ... ignored, set CI/WADO_FULL_TEST to run
test fixture_test_o3::coerce_invalid_u128_overflow_wado ... ignored, set CI/WADO_FULL_TEST to run
test fixture_test_o3::coerce_invalid_u16_negative_wado ... ignored, set CI/WADO_FULL_TEST to run
test fixture_test_o3::coerce_invalid_u16_overflow_wado ... ignored, set CI/WADO_FULL_TEST to run
test fixture_test_o3::coerce_invalid_u32_negative_wado ... ignored, set CI/WADO_FULL_TEST to run
test fixture_test_o3::coerce_invalid_u32_overflow_wado ... ignored, set CI/WADO_FULL_TEST to run
test fixture_test_o3::coerce_invalid_u64_negative_wado ... ignored, set CI/WADO_FULL_TEST to run
test fixture_test_o3::coerce_invalid_u8_negative_wado ... ignored, set CI/WADO_FULL_TEST to run
test fixture_test_o3::coerce_invalid_u8_overflow_wado ... ignored, set CI/WADO_FULL_TEST to run
test fixture_test_o3::coerce_match_arm_wado ... ignored, set CI/WADO_FULL_TEST to run
test fixture_test_o3::coerce_struct_field_wado ... ignored, set CI/WADO_FULL_TEST to run
test fixture_test_o3::cold_path_fallthrough_wado ... ignored, set CI/WADO_FULL_TEST to run
test fixture_test_o3::cold_path_wado ... ignored, set CI/WADO_FULL_TEST to run
test fixture_test_o3::comparison_chain_side_effects_wado ... ignored, set CI/WADO_FULL_TEST to run
test fixture_test_o3::compiler_item_attr_unknown_name_rejected_wado ... ignored, set CI/WADO_FULL_TEST to run
test fixture_test_o3::compiler_item_attr_user_module_rejected_wado ... ignored, set CI/WADO_FULL_TEST to run
test fixture_test_o3::compound_assign_basic_wado ... ignored, set CI/WADO_FULL_TEST to run
test fixture_test_o3::concrete_impl_inherent_wado ... ignored, set CI/WADO_FULL_TEST to run
test fixture_test_o3::concrete_impl_method_generics_wado ... ignored, set CI/WADO_FULL_TEST to run
test fixture_test_o3::concrete_impl_nested_generic_wado ... ignored, set CI/WADO_FULL_TEST to run
test fixture_test_o3::concrete_impl_nested_wrong_wado ... ignored, set CI/WADO_FULL_TEST to run
test fixture_test_o3::concrete_impl_param_name_collision_wado ... ignored, set CI/WADO_FULL_TEST to run
test fixture_test_o3::concrete_impl_trait_wado ... ignored, set CI/WADO_FULL_TEST to run
test fixture_test_o3::concrete_impl_wrong_instantiation_wado ... ignored, set CI/WADO_FULL_TEST to run
test fixture_test_o3::condition_implication_field_chain_bound_wado ... ignored, set CI/WADO_FULL_TEST to run
test fixture_test_o3::condition_implication_stale_def_soundness_wado ... ignored, set CI/WADO_FULL_TEST to run
test fixture_test_o3::const_fold_wado ... ignored, set CI/WADO_FULL_TEST to run
test fixture_test_o3::const_global_dedup_refeq_wado ... ignored, set CI/WADO_FULL_TEST to run
test fixture_test_o3::const_global_dedup_wado ... ignored, set CI/WADO_FULL_TEST to run
test fixture_test_o3::const_global_entry_wado ... ignored, set CI/WADO_FULL_TEST to run
test fixture_test_o3::const_global_object_wado ... ignored, set CI/WADO_FULL_TEST to run
test fixture_test_o3::const_global_scalar_read_wado ... ignored, set CI/WADO_FULL_TEST to run
test fixture_test_o3::const_object_globalization_wado ... ignored, set CI/WADO_FULL_TEST to run
test fixture_test_o3::contextual_keyword_wado ... ignored, set CI/WADO_FULL_TEST to run
test fixture_test_o3::copy_prop_mutable_source_wado ... ignored, set CI/WADO_FULL_TEST to run
test fixture_test_o3::copy_prop_struct_method_mut_self_wado ... ignored, set CI/WADO_FULL_TEST to run
test fixture_test_o3::cross_destruct_patterns_wado ... ignored, set CI/WADO_FULL_TEST to run
test fixture_test_o3::cross_module_generic_deep_wado ... ignored, set CI/WADO_FULL_TEST to run
test fixture_test_o3::cross_module_generic_helper_wado ... ignored, set CI/WADO_FULL_TEST to run
test fixture_test_o3::cross_module_generic_import_wado ... ignored, set CI/WADO_FULL_TEST to run
test fixture_test_o3::cross_module_same_name_effect_aliased_wado ... ignored, set CI/WADO_FULL_TEST to run
test fixture_test_o3::cross_module_same_name_effect_wado ... ignored, set CI/WADO_FULL_TEST to run
test fixture_test_o3::cross_module_same_name_enum_wado ... ignored, set CI/WADO_FULL_TEST to run
test fixture_test_o3::cross_module_same_name_flags_wado ... ignored, set CI/WADO_FULL_TEST to run
test fixture_test_o3::cross_module_same_name_fn_infer_wado ... ignored, set CI/WADO_FULL_TEST to run
test fixture_test_o3::cross_module_same_name_fn_wado ... ignored, set CI/WADO_FULL_TEST to run
test fixture_test_o3::cross_module_same_name_foreign_impl_wado ... ignored, set CI/WADO_FULL_TEST to run
test fixture_test_o3::cross_module_same_name_generic_wado ... ignored, set CI/WADO_FULL_TEST to run
test fixture_test_o3::cross_module_same_name_inspect_wado ... ignored, set CI/WADO_FULL_TEST to run
test fixture_test_o3::cross_module_same_name_method_wado ... ignored, set CI/WADO_FULL_TEST to run
test fixture_test_o3::cross_module_same_name_newtype_wado ... ignored, set CI/WADO_FULL_TEST to run
test fixture_test_o3::cross_module_same_name_resource_wado ... ignored, set CI/WADO_FULL_TEST to run
test fixture_test_o3::cross_module_same_name_static_wado ... ignored, set CI/WADO_FULL_TEST to run
test fixture_test_o3::cross_module_same_name_struct_iter_wado ... ignored, set CI/WADO_FULL_TEST to run
test fixture_test_o3::cross_module_same_name_struct_wado ... ignored, set CI/WADO_FULL_TEST to run
test fixture_test_o3::cross_module_same_name_trait_direct_wado ... ignored, set CI/WADO_FULL_TEST to run
test fixture_test_o3::cross_module_same_name_trait_wado ... ignored, set CI/WADO_FULL_TEST to run
test fixture_test_o3::cross_module_same_name_variant_iflet_wado ... ignored, set CI/WADO_FULL_TEST to run
test fixture_test_o3::cross_module_same_name_variant_match_arms_wado ... ignored, set CI/WADO_FULL_TEST to run
test fixture_test_o3::cross_module_same_name_variant_wado ... ignored, set CI/WADO_FULL_TEST to run
test fixture_test_o3::cross_module_same_name_world_wado ... ignored, set CI/WADO_FULL_TEST to run
test fixture_test_o3::cross_module_struct_field_type_wado ... ignored, set CI/WADO_FULL_TEST to run
test fixture_test_o3::cross_module_struct_tuple_field_wado ... ignored, set CI/WADO_FULL_TEST to run
test fixture_test_o3::cross_module_treemap_variant_wado ... ignored, set CI/WADO_FULL_TEST to run
test fixture_test_o3::cross_module_type_identity_wado ... ignored, set CI/WADO_FULL_TEST to run
test fixture_test_o3::cross_module_undefined_struct_in_array_wado ... ignored, set CI/WADO_FULL_TEST to run
test fixture_test_o3::cross_module_undefined_struct_wado ... ignored, set CI/WADO_FULL_TEST to run
test fixture_test_o3::cross_module_variant_iter_wado ... ignored, set CI/WADO_FULL_TEST to run
test fixture_test_o3::dce_bytes_literals_wado ... ignored, set CI/WADO_FULL_TEST to run
test fixture_test_o3::dce_closure_functor_cross_module_wado ... ignored, set CI/WADO_FULL_TEST to run
test fixture_test_o3::dce_closure_functor_wado ... ignored, set CI/WADO_FULL_TEST to run
test fixture_test_o3::default_arg_basic_wado ... ignored, set CI/WADO_FULL_TEST to run
test fixture_test_o3::default_arg_closure_rejected_error_wado ... ignored, set CI/WADO_FULL_TEST to run
test fixture_test_o3::default_arg_effectful_default_error_wado ... ignored, set CI/WADO_FULL_TEST to run
test fixture_test_o3::default_arg_enum_variant_wado ... ignored, set CI/WADO_FULL_TEST to run
test fixture_test_o3::default_arg_export_fn_rejected_error_wado ... ignored, set CI/WADO_FULL_TEST to run
test fixture_test_o3::default_arg_fn_type_erases_wado ... ignored, set CI/WADO_FULL_TEST to run
test fixture_test_o3::default_arg_generic_method_wado ... ignored, set CI/WADO_FULL_TEST to run
test fixture_test_o3::default_arg_method_refers_earlier_param_wado ... ignored, set CI/WADO_FULL_TEST to run
test fixture_test_o3::default_arg_method_wado ... ignored, set CI/WADO_FULL_TEST to run
test fixture_test_o3::default_arg_non_trailing_error_wado ... ignored, set CI/WADO_FULL_TEST to run
test fixture_test_o3::default_arg_private_item_wado ... ignored, set CI/WADO_FULL_TEST to run
test fixture_test_o3::default_arg_pure_call_wado ... ignored, set CI/WADO_FULL_TEST to run
test fixture_test_o3::default_arg_refers_earlier_param_wado ... ignored, set CI/WADO_FULL_TEST to run
test fixture_test_o3::default_arg_trait_impl_redeclare_error_wado ... ignored, set CI/WADO_FULL_TEST to run
test fixture_test_o3::default_arg_trait_method_wado ... ignored, set CI/WADO_FULL_TEST to run
test fixture_test_o3::default_field_auto_derive_default_wado ... ignored, set CI/WADO_FULL_TEST to run
test fixture_test_o3::default_field_auto_derive_partial_error_wado ... ignored, set CI/WADO_FULL_TEST to run
test fixture_test_o3::default_field_auto_derive_user_impl_wins_wado ... ignored, set CI/WADO_FULL_TEST to run
test fixture_test_o3::default_field_basic_wado ... ignored, set CI/WADO_FULL_TEST to run
test fixture_test_o3::default_field_effectful_default_error_wado ... ignored, set CI/WADO_FULL_TEST to run
test fixture_test_o3::default_field_omit_earlier_wado ... ignored, set CI/WADO_FULL_TEST to run
test fixture_test_o3::default_field_private_omitted_ok_wado ... ignored, set CI/WADO_FULL_TEST to run
test fixture_test_o3::default_field_private_set_error_wado ... ignored, set CI/WADO_FULL_TEST to run
test fixture_test_o3::default_field_required_missing_error_wado ... ignored, set CI/WADO_FULL_TEST to run
test fixture_test_o3::default_field_serde_default_wado ... ignored, set CI/WADO_FULL_TEST to run
test fixture_test_o3::default_field_struct_in_struct_wado ... ignored, set CI/WADO_FULL_TEST to run
test fixture_test_o3::default_field_variant_payload_ref_match_wado ... ignored, set CI/WADO_FULL_TEST to run
test fixture_test_o3::default_trait_wado ... ignored, set CI/WADO_FULL_TEST to run
test fixture_test_o3::default_type_params_wado ... ignored, set CI/WADO_FULL_TEST to run
test fixture_test_o3::dict_mini_wado ... ignored, set CI/WADO_FULL_TEST to run
test fixture_test_o3::display_1_wado ... ignored, set CI/WADO_FULL_TEST to run
test fixture_test_o3::display_2_wado ... ignored, set CI/WADO_FULL_TEST to run
test fixture_test_o3::display_unit_wado ... ignored, set CI/WADO_FULL_TEST to run
test fixture_test_o3::divergent_body_skips_missing_return_wado ... ignored, set CI/WADO_FULL_TEST to run
test fixture_test_o3::effect_1_wado ... ignored, set CI/WADO_FULL_TEST to run
test fixture_test_o3::effect_2_wado ... ignored, set CI/WADO_FULL_TEST to run
test fixture_test_o3::effect_benign_multi_wado ... ignored, set CI/WADO_FULL_TEST to run
test fixture_test_o3::effect_benign_scoped_error_wado ... ignored, set CI/WADO_FULL_TEST to run
test fixture_test_o3::effect_benign_suppresses_wado ... ignored, set CI/WADO_FULL_TEST to run
test fixture_test_o3::effect_check_method_wado ... ignored, set CI/WADO_FULL_TEST to run
test fixture_test_o3::effect_check_missing_wado ... ignored, set CI/WADO_FULL_TEST to run
test fixture_test_o3::effect_check_static_method_wado ... ignored, set CI/WADO_FULL_TEST to run
test fixture_test_o3::effect_generic_with_handler_error_wado ... ignored, set CI/WADO_FULL_TEST to run
test fixture_test_o3::effect_handler_break_label_cross_wado ... ignored, set CI/WADO_FULL_TEST to run
test fixture_test_o3::effect_handler_bundled_mixed_wado ... ignored, set CI/WADO_FULL_TEST to run
test fixture_test_o3::effect_handler_bundled_no_effect_wado ... ignored, set CI/WADO_FULL_TEST to run
test fixture_test_o3::effect_handler_bundled_type_param_rejected_wado ... ignored, set CI/WADO_FULL_TEST to run
test fixture_test_o3::effect_handler_bundled_value_wado ... ignored, set CI/WADO_FULL_TEST to run
test fixture_test_o3::effect_handler_bundled_wado ... ignored, set CI/WADO_FULL_TEST to run
test fixture_test_o3::effect_handler_continue_cross_wado ... ignored, set CI/WADO_FULL_TEST to run
test fixture_test_o3::effect_handler_cross_function_wado ... ignored, set CI/WADO_FULL_TEST to run
test fixture_test_o3::effect_handler_early_return_wado ... ignored, set CI/WADO_FULL_TEST to run
test fixture_test_o3::effect_handler_inner_break_wado ... ignored, set CI/WADO_FULL_TEST to run
test fixture_test_o3::effect_handler_mut_self_alias_wado ... ignored, set CI/WADO_FULL_TEST to run
test fixture_test_o3::effect_handler_nested_same_wado ... ignored, set CI/WADO_FULL_TEST to run
test fixture_test_o3::effect_handler_resource_fields_wado ... ignored, set CI/WADO_FULL_TEST to run
test fixture_test_o3::effect_handler_resource_future_wado ... ignored, set CI/WADO_FULL_TEST to run
test fixture_test_o3::effect_handler_resource_stream_self_delegation_wado ... ignored, set CI/WADO_FULL_TEST to run
test fixture_test_o3::effect_handler_resource_stream_wado ... ignored, set CI/WADO_FULL_TEST to run
test fixture_test_o3::effect_handler_resume_wado ... ignored, set CI/WADO_FULL_TEST to run
test fixture_test_o3::effect_handler_self_delegation_wado ... ignored, set CI/WADO_FULL_TEST to run
test fixture_test_o3::effect_handler_value_form_wado ... ignored, set CI/WADO_FULL_TEST to run
test fixture_test_o3::effect_handler_with_do_wado ... ignored, set CI/WADO_FULL_TEST to run
test fixture_test_o3::effect_indirect_call_error_wado ... ignored, set CI/WADO_FULL_TEST to run
test fixture_test_o3::effect_polymorphism_error_wado ... ignored, set CI/WADO_FULL_TEST to run
test fixture_test_o3::effect_polymorphism_multi_param_error_wado ... ignored, set CI/WADO_FULL_TEST to run
test fixture_test_o3::effect_propagation_effect_param_wado ... ignored, set CI/WADO_FULL_TEST to run
test fixture_test_o3::effect_propagation_generic_body_wado ... ignored, set CI/WADO_FULL_TEST to run
test fixture_test_o3::effect_propagation_indirect_wado ... ignored, set CI/WADO_FULL_TEST to run
test fixture_test_o3::effect_propagation_missing_wado ... ignored, set CI/WADO_FULL_TEST to run
test fixture_test_o3::effect_propagation_signature_async_return_wado ... ignored, set CI/WADO_FULL_TEST to run
test fixture_test_o3::effect_propagation_signature_nested_wado ... ignored, set CI/WADO_FULL_TEST to run
test fixture_test_o3::effect_propagation_signature_newtype_wado ... ignored, set CI/WADO_FULL_TEST to run
test fixture_test_o3::effect_propagation_signature_param_wado ... ignored, set CI/WADO_FULL_TEST to run
test fixture_test_o3::effect_propagation_signature_return_wado ... ignored, set CI/WADO_FULL_TEST to run
test fixture_test_o3::effect_propagation_signature_transitive_wado ... ignored, set CI/WADO_FULL_TEST to run
test fixture_test_o3::effect_propagation_stdout_stream_wado ... ignored, set CI/WADO_FULL_TEST to run
test fixture_test_o3::effect_propagation_struct_field_wado ... ignored, set CI/WADO_FULL_TEST to run
test fixture_test_o3::effect_propagation_transitive_wado ... ignored, set CI/WADO_FULL_TEST to run
test fixture_test_o3::effect_propagation_variant_payload_wado ... ignored, set CI/WADO_FULL_TEST to run
test fixture_test_o3::effect_resource_decl_accepted_wado ... ignored, set CI/WADO_FULL_TEST to run
test fixture_test_o3::effect_resource_declared_wado ... ignored, set CI/WADO_FULL_TEST to run
test fixture_test_o3::effect_resource_missing_wado ... ignored, set CI/WADO_FULL_TEST to run
test fixture_test_o3::enum_construct_basic_wado ... ignored, set CI/WADO_FULL_TEST to run
test fixture_test_o3::enum_display_basic_wado ... ignored, set CI/WADO_FULL_TEST to run
test fixture_test_o3::enum_display_template_wado ... ignored, set CI/WADO_FULL_TEST to run
test fixture_test_o3::enum_eq_ord_wado ... ignored, set CI/WADO_FULL_TEST to run
test fixture_test_o3::enum_impl_basic_wado ... ignored, set CI/WADO_FULL_TEST to run
test fixture_test_o3::enum_match_basic_wado ... ignored, set CI/WADO_FULL_TEST to run
test fixture_test_o3::enum_match_if_let_wado ... ignored, set CI/WADO_FULL_TEST to run
test fixture_test_o3::eprintln_then_trap_wado ... ignored, set CI/WADO_FULL_TEST to run
test fixture_test_o3::eq_null_inference_wado ... ignored, set CI/WADO_FULL_TEST to run
test fixture_test_o3::error_extra_arg_wado ... ignored, set CI/WADO_FULL_TEST to run
test fixture_test_o3::error_extra_struct_field_wado ... ignored, set CI/WADO_FULL_TEST to run
test fixture_test_o3::error_for_of_no_into_iterator_wado ... ignored, set CI/WADO_FULL_TEST to run
test fixture_test_o3::error_for_of_no_iterator_wado ... ignored, set CI/WADO_FULL_TEST to run
test fixture_test_o3::error_generic_static_method_as_instance_wado ... ignored, set CI/WADO_FULL_TEST to run
test fixture_test_o3::error_missing_arg_wado ... ignored, set CI/WADO_FULL_TEST to run
test fixture_test_o3::error_missing_struct_field_wado ... ignored, set CI/WADO_FULL_TEST to run
test fixture_test_o3::error_refutable_let_bool_wado ... ignored, set CI/WADO_FULL_TEST to run
test fixture_test_o3::error_refutable_let_literal_wado ... ignored, set CI/WADO_FULL_TEST to run
test fixture_test_o3::error_refutable_let_variant_wado ... ignored, set CI/WADO_FULL_TEST to run
test fixture_test_o3::error_static_method_as_instance_wado ... ignored, set CI/WADO_FULL_TEST to run
test fixture_test_o3::error_task_return_non_async_wado ... ignored, set CI/WADO_FULL_TEST to run
test fixture_test_o3::error_type_param_omission_two_t_method_mismatch_wado ... ignored, set CI/WADO_FULL_TEST to run
test fixture_test_o3::error_type_param_omission_two_t_mismatch_wado ... ignored, set CI/WADO_FULL_TEST to run
test fixture_test_o3::error_type_param_omission_two_t_static_mismatch_wado ... ignored, set CI/WADO_FULL_TEST to run
test fixture_test_o3::error_type_param_omission_two_t_string_int_mismatch_wado ... ignored, set CI/WADO_FULL_TEST to run
test fixture_test_o3::error_undefined_free_fn_wado ... ignored, set CI/WADO_FULL_TEST to run
test fixture_test_o3::error_undefined_method_wado ... ignored, set CI/WADO_FULL_TEST to run
test fixture_test_o3::error_undefined_static_method_wado ... ignored, set CI/WADO_FULL_TEST to run
test fixture_test_o3::error_uninferable_fn_type_param_wado ... ignored, set CI/WADO_FULL_TEST to run
test fixture_test_o3::escape_brace_wado ... ignored, set CI/WADO_FULL_TEST to run
test fixture_test_o3::export_param_count_mismatch_wado ... ignored, set CI/WADO_FULL_TEST to run
test fixture_test_o3::export_required_for_run_wado ... ignored, set CI/WADO_FULL_TEST to run
test fixture_test_o3::export_return_type_mismatch_wado ... ignored, set CI/WADO_FULL_TEST to run
test fixture_test_o3::field_forward_alias_group_invalidates_wado ... ignored, set CI/WADO_FULL_TEST to run
test fixture_test_o3::field_forward_dedup_state_via_mut_ref_wado ... ignored, set CI/WADO_FULL_TEST to run
test fixture_test_o3::field_forward_snapshot_after_mutation_wado ... ignored, set CI/WADO_FULL_TEST to run
test fixture_test_o3::field_forward_struct_capture_invalidates_wado ... ignored, set CI/WADO_FULL_TEST to run
test fixture_test_o3::flags_arith_add_wado ... ignored, set CI/WADO_FULL_TEST to run
test fixture_test_o3::flags_arith_div_wado ... ignored, set CI/WADO_FULL_TEST to run
test fixture_test_o3::flags_arith_mod_wado ... ignored, set CI/WADO_FULL_TEST to run
test fixture_test_o3::flags_arith_mul_wado ... ignored, set CI/WADO_FULL_TEST to run
test fixture_test_o3::flags_arith_sub_wado ... ignored, set CI/WADO_FULL_TEST to run
test fixture_test_o3::flags_basic_wado ... ignored, set CI/WADO_FULL_TEST to run
test fixture_test_o3::flags_generic_trait_dispatch_wado ... ignored, set CI/WADO_FULL_TEST to run
test fixture_test_o3::flags_impl_wado ... ignored, set CI/WADO_FULL_TEST to run
test fixture_test_o3::float_mod_error_wado ... ignored, set CI/WADO_FULL_TEST to run
test fixture_test_o3::float_to_string_wado ... ignored, set CI/WADO_FULL_TEST to run
test fixture_test_o3::fn_ref_bare_to_ref_param_error_wado ... ignored, set CI/WADO_FULL_TEST to run
test fixture_test_o3::fn_ref_cross_module_alias_wado ... ignored, set CI/WADO_FULL_TEST to run
test fixture_test_o3::fn_ref_cross_module_newtype_wado ... ignored, set CI/WADO_FULL_TEST to run
test fixture_test_o3::fn_ref_cross_module_wado ... ignored, set CI/WADO_FULL_TEST to run
test fixture_test_o3::fn_ref_generic_alias_wado ... ignored, set CI/WADO_FULL_TEST to run
test fixture_test_o3::fn_ref_generic_arity_mismatch_error_wado ... ignored, set CI/WADO_FULL_TEST to run
test fixture_test_o3::fn_ref_generic_cross_module_wado ... ignored, set CI/WADO_FULL_TEST to run
test fixture_test_o3::fn_ref_generic_double_turbofish_error_wado ... ignored, set CI/WADO_FULL_TEST to run
test fixture_test_o3::fn_ref_generic_error_wado ... ignored, set CI/WADO_FULL_TEST to run
test fixture_test_o3::fn_ref_generic_inferred_wado ... ignored, set CI/WADO_FULL_TEST to run
test fixture_test_o3::fn_ref_generic_outer_wado ... ignored, set CI/WADO_FULL_TEST to run
test fixture_test_o3::fn_ref_generic_ref_wado ... ignored, set CI/WADO_FULL_TEST to run
test fixture_test_o3::fn_ref_generic_self_recursive_wado ... ignored, set CI/WADO_FULL_TEST to run
test fixture_test_o3::fn_ref_generic_turbofish_wado ... ignored, set CI/WADO_FULL_TEST to run
test fixture_test_o3::fn_ref_mut_out_param_wado ... ignored, set CI/WADO_FULL_TEST to run
test fixture_test_o3::fn_ref_parameter_wado ... ignored, set CI/WADO_FULL_TEST to run
test fixture_test_o3::fn_ref_type_mismatch_error_wado ... ignored, set CI/WADO_FULL_TEST to run
test fixture_test_o3::for_merged_wado ... ignored, set CI/WADO_FULL_TEST to run
test fixture_test_o3::for_of_1_wado ... ignored, set CI/WADO_FULL_TEST to run
test fixture_test_o3::for_of_2_wado ... ignored, set CI/WADO_FULL_TEST to run
test fixture_test_o3::for_of_indexed_array_test_wado ... ignored, set CI/WADO_FULL_TEST to run
test fixture_test_o3::for_of_iterator_enumerate_wado ... ignored, set CI/WADO_FULL_TEST to run
test fixture_test_o3::for_of_ref_wado ... ignored, set CI/WADO_FULL_TEST to run
test fixture_test_o3::forof_generic_array_wado ... ignored, set CI/WADO_FULL_TEST to run
test fixture_test_o3::from_char_to_string_wado ... ignored, set CI/WADO_FULL_TEST to run
test fixture_test_o3::from_literal_cast_wado ... ignored, set CI/WADO_FULL_TEST to run
test fixture_test_o3::from_literal_custom_wado ... ignored, set CI/WADO_FULL_TEST to run
test fixture_test_o3::from_literal_enum_concrete_wado ... ignored, set CI/WADO_FULL_TEST to run
test fixture_test_o3::from_literal_error_duplicate_field_wado ... ignored, set CI/WADO_FULL_TEST to run
test fixture_test_o3::from_literal_error_enum_mismatch_wado ... ignored, set CI/WADO_FULL_TEST to run
test fixture_test_o3::from_literal_error_flags_mismatch_wado ... ignored, set CI/WADO_FULL_TEST to run
test fixture_test_o3::from_literal_error_nested_generic_mismatch_wado ... ignored, set CI/WADO_FULL_TEST to run
test fixture_test_o3::from_literal_error_newtype_mismatch_wado ... ignored, set CI/WADO_FULL_TEST to run
test fixture_test_o3::from_literal_error_variant_mismatch_wado ... ignored, set CI/WADO_FULL_TEST to run
test fixture_test_o3::from_literal_flags_concrete_wado ... ignored, set CI/WADO_FULL_TEST to run
test fixture_test_o3::from_literal_fn_arg_wado ... ignored, set CI/WADO_FULL_TEST to run
test fixture_test_o3::from_literal_nested_generic_wado ... ignored, set CI/WADO_FULL_TEST to run
test fixture_test_o3::from_literal_newtype_concrete_wado ... ignored, set CI/WADO_FULL_TEST to run
test fixture_test_o3::from_literal_return_wado ... ignored, set CI/WADO_FULL_TEST to run
test fixture_test_o3::from_literal_variant_concrete_wado ... ignored, set CI/WADO_FULL_TEST to run
test fixture_test_o3::from_numeric_widening_wado ... ignored, set CI/WADO_FULL_TEST to run
test fixture_test_o3::generic_advanced_wado ... ignored, set CI/WADO_FULL_TEST to run
test fixture_test_o3::generic_forward_variant_wado ... ignored, set CI/WADO_FULL_TEST to run
test fixture_test_o3::generic_forward_wado ... ignored, set CI/WADO_FULL_TEST to run
test fixture_test_o3::generic_function_merged_wado ... ignored, set CI/WADO_FULL_TEST to run
test fixture_test_o3::generic_method_merged_wado ... ignored, set CI/WADO_FULL_TEST to run
test fixture_test_o3::generic_struct_1_wado ... ignored, set CI/WADO_FULL_TEST to run
test fixture_test_o3::geometry_wado ... ignored, set CI/WADO_FULL_TEST to run
test fixture_test_o3::global_1_wado ... ignored, set CI/WADO_FULL_TEST to run
test fixture_test_o3::global_2_wado ... ignored, set CI/WADO_FULL_TEST to run
test fixture_test_o3::global_closure_field_wado ... ignored, set CI/WADO_FULL_TEST to run
test fixture_test_o3::global_dce_cross_module_wado ... ignored, set CI/WADO_FULL_TEST to run
test fixture_test_o3::global_dce_wado ... ignored, set CI/WADO_FULL_TEST to run
test fixture_test_o3::global_immutable_assign_wado ... ignored, set CI/WADO_FULL_TEST to run
test fixture_test_o3::global_import_wado ... ignored, set CI/WADO_FULL_TEST to run
test fixture_test_o3::global_multimod_same_name_wado ... ignored, set CI/WADO_FULL_TEST to run
test fixture_test_o3::global_multimod_wado ... ignored, set CI/WADO_FULL_TEST to run
test fixture_test_o3::global_nullable_option_ref_wado ... ignored, set CI/WADO_FULL_TEST to run
test fixture_test_o3::hfs_aliased_local_whole_read_wado ... ignored, set CI/WADO_FULL_TEST to run
test fixture_test_o3::hfs_break_from_scalar_state_commits_wado ... ignored, set CI/WADO_FULL_TEST to run
test fixture_test_o3::hfs_call_as_match_scrutinee_wado ... ignored, set CI/WADO_FULL_TEST to run
test fixture_test_o3::hfs_closure_in_loop_body_wado ... ignored, set CI/WADO_FULL_TEST to run
test fixture_test_o3::hfs_consecutive_mut_calls_no_inter_sync_wado ... ignored, set CI/WADO_FULL_TEST to run
test fixture_test_o3::hfs_duplicate_mut_ref_args_wado ... ignored, set CI/WADO_FULL_TEST to run
test fixture_test_o3::hfs_early_return_with_wrapped_call_wado ... ignored, set CI/WADO_FULL_TEST to run
test fixture_test_o3::hfs_if_condition_call_then_scalar_wado ... ignored, set CI/WADO_FULL_TEST to run
test fixture_test_o3::hfs_if_let_value_non_unit_wado ... ignored, set CI/WADO_FULL_TEST to run
test fixture_test_o3::hfs_inline_arm_mixed_with_call_arm_wado ... ignored, set CI/WADO_FULL_TEST to run
test fixture_test_o3::hfs_inline_break_no_writeback_wado ... ignored, set CI/WADO_FULL_TEST to run
test fixture_test_o3::hfs_match_arm_local_hoisted_out_of_loop_wado ... ignored, set CI/WADO_FULL_TEST to run
test fixture_test_o3::hfs_match_guard_cross_arm_side_effect_wado ... ignored, set CI/WADO_FULL_TEST to run
test fixture_test_o3::hfs_match_guard_with_call_wado ... ignored, set CI/WADO_FULL_TEST to run
test fixture_test_o3::hfs_match_guarded_arm_wado ... ignored, set CI/WADO_FULL_TEST to run
test fixture_test_o3::hfs_match_let_value_non_unit_wado ... ignored, set CI/WADO_FULL_TEST to run
test fixture_test_o3::hfs_match_nested_in_block_wado ... ignored, set CI/WADO_FULL_TEST to run
test fixture_test_o3::hfs_match_scalar_arm_mixed_with_call_arm_wado ... ignored, set CI/WADO_FULL_TEST to run
test fixture_test_o3::hfs_multi_call_in_expression_wado ... ignored, set CI/WADO_FULL_TEST to run
test fixture_test_o3::hfs_nested_loop_iter_n_back_edge_wado ... ignored, set CI/WADO_FULL_TEST to run
test fixture_test_o3::http_200_wado ... ignored, set CI/WADO_FULL_TEST to run
test fixture_test_o3::http_400_wado ... ignored, set CI/WADO_FULL_TEST to run
test fixture_test_o3::http_500_wado ... ignored, set CI/WADO_FULL_TEST to run
test fixture_test_o3::http_base64_decode_wado ... ignored, set CI/WADO_FULL_TEST to run
test fixture_test_o3::http_body_contains_wado ... ignored, set CI/WADO_FULL_TEST to run
test fixture_test_o3::http_client_advanced_wado ... ignored, set CI/WADO_FULL_TEST to run
test fixture_test_o3::http_client_request_full_wado ... ignored, set CI/WADO_FULL_TEST to run
test fixture_test_o3::http_client_send_body_read_wado ... ignored, set CI/WADO_FULL_TEST to run
test fixture_test_o3::http_client_send_error_wado ... ignored, set CI/WADO_FULL_TEST to run
test fixture_test_o3::http_client_send_proxy_wado ... ignored, set CI/WADO_FULL_TEST to run
test fixture_test_o3::http_client_send_simple_wado ... ignored, set CI/WADO_FULL_TEST to run
test fixture_test_o3::http_client_send_with_body_wado ... ignored, set CI/WADO_FULL_TEST to run
test fixture_test_o3::http_drop_unused_request_wado ... ignored, set CI/WADO_FULL_TEST to run
test fixture_test_o3::http_drop_value_block_wado ... ignored, set CI/WADO_FULL_TEST to run
test fixture_test_o3::http_echo_headers_wado ... ignored, set CI/WADO_FULL_TEST to run
test fixture_test_o3::http_error_code_comprehensive_wado ... ignored, set CI/WADO_FULL_TEST to run
test fixture_test_o3::http_error_code_payload_wado ... ignored, set CI/WADO_FULL_TEST to run
test fixture_test_o3::http_error_code_variants_wado ... ignored, set CI/WADO_FULL_TEST to run
test fixture_test_o3::http_error_code_wado ... ignored, set CI/WADO_FULL_TEST to run
test fixture_test_o3::http_export_in_test_world_wado ... ignored, set CI/WADO_FULL_TEST to run
test fixture_test_o3::http_fields_copy_all_wado ... ignored, set CI/WADO_FULL_TEST to run
test fixture_test_o3::http_fields_from_list_error_wado ... ignored, set CI/WADO_FULL_TEST to run
test fixture_test_o3::http_fields_from_list_wado ... ignored, set CI/WADO_FULL_TEST to run
test fixture_test_o3::http_fields_get_and_delete_wado ... ignored, set CI/WADO_FULL_TEST to run
test fixture_test_o3::http_fields_immutable_errors_wado ... ignored, set CI/WADO_FULL_TEST to run
test fixture_test_o3::http_fields_set_wado ... ignored, set CI/WADO_FULL_TEST to run
test fixture_test_o3::http_fields_wado ... ignored, set CI/WADO_FULL_TEST to run
test fixture_test_o3::http_future_new_wado ... ignored, set CI/WADO_FULL_TEST to run
test fixture_test_o3::http_method_and_scheme_variants_wado ... ignored, set CI/WADO_FULL_TEST to run
test fixture_test_o3::http_method_routing_wado ... ignored, set CI/WADO_FULL_TEST to run
test fixture_test_o3::http_middleware_forward_wado ... ignored, set CI/WADO_FULL_TEST to run
test fixture_test_o3::http_request_authority_wado ... ignored, set CI/WADO_FULL_TEST to run
test fixture_test_o3::http_request_headers_wado ... ignored, set CI/WADO_FULL_TEST to run
test fixture_test_o3::http_request_method_delete_wado ... ignored, set CI/WADO_FULL_TEST to run
test fixture_test_o3::http_request_method_get_wado ... ignored, set CI/WADO_FULL_TEST to run
test fixture_test_o3::http_request_method_patch_wado ... ignored, set CI/WADO_FULL_TEST to run
test fixture_test_o3::http_request_method_put_wado ... ignored, set CI/WADO_FULL_TEST to run
test fixture_test_o3::http_request_method_wado ... ignored, set CI/WADO_FULL_TEST to run
test fixture_test_o3::http_request_options_timeouts_wado ... ignored, set CI/WADO_FULL_TEST to run
test fixture_test_o3::http_request_options_wado ... ignored, set CI/WADO_FULL_TEST to run
test fixture_test_o3::http_request_path_wado ... ignored, set CI/WADO_FULL_TEST to run
test fixture_test_o3::http_request_scheme_wado ... ignored, set CI/WADO_FULL_TEST to run
test fixture_test_o3::http_request_setter_errors_wado ... ignored, set CI/WADO_FULL_TEST to run
test fixture_test_o3::http_response_get_headers_wado ... ignored, set CI/WADO_FULL_TEST to run
test fixture_test_o3::http_response_headers_multi_wado ... ignored, set CI/WADO_FULL_TEST to run
test fixture_test_o3::http_response_headers_wado ... ignored, set CI/WADO_FULL_TEST to run
test fixture_test_o3::http_response_ops_wado ... ignored, set CI/WADO_FULL_TEST to run
test fixture_test_o3::http_response_set_status_invalid_wado ... ignored, set CI/WADO_FULL_TEST to run
test fixture_test_o3::http_response_trailers_wado ... ignored, set CI/WADO_FULL_TEST to run
test fixture_test_o3::http_routing_created_wado ... ignored, set CI/WADO_FULL_TEST to run
test fixture_test_o3::http_routing_wado ... ignored, set CI/WADO_FULL_TEST to run
test fixture_test_o3::http_task_return_in_let_block_wado ... ignored, set CI/WADO_FULL_TEST to run
test fixture_test_o3::http_uninit_string_conditional_trap_wado ... ignored, set CI/WADO_FULL_TEST to run
test fixture_test_o3::http_unmatched_async_export_wado ... ignored, set CI/WADO_FULL_TEST to run
test fixture_test_o3::httpbin_404_wado ... ignored, set CI/WADO_FULL_TEST to run
test fixture_test_o3::httpbin_405_wado ... ignored, set CI/WADO_FULL_TEST to run
test fixture_test_o3::httpbin_anything_wado ... ignored, set CI/WADO_FULL_TEST to run
test fixture_test_o3::httpbin_get_wado ... ignored, set CI/WADO_FULL_TEST to run
test fixture_test_o3::httpbin_headers_wado ... ignored, set CI/WADO_FULL_TEST to run
test fixture_test_o3::httpbin_post_wado ... ignored, set CI/WADO_FULL_TEST to run
test fixture_test_o3::httpbin_server_404_wado ... ignored, set CI/WADO_FULL_TEST to run
test fixture_test_o3::httpbin_server_hello_wado ... ignored, set CI/WADO_FULL_TEST to run
test fixture_test_o3::httpbin_status_wado ... ignored, set CI/WADO_FULL_TEST to run
test fixture_test_o3::i64_arithmetic_wado ... ignored, set CI/WADO_FULL_TEST to run
test fixture_test_o3::i64_comparison_literal_wado ... ignored, set CI/WADO_FULL_TEST to run
test fixture_test_o3::i64_to_string_wado ... ignored, set CI/WADO_FULL_TEST to run
test fixture_test_o3::ice_array_iter_into_iterator_wado ... ignored, set CI/WADO_FULL_TEST to run
test fixture_test_o3::ice_treeset_iter_by_ref_wado ... ignored, set CI/WADO_FULL_TEST to run
test fixture_test_o3::ident_merged_wado ... ignored, set CI/WADO_FULL_TEST to run
test fixture_test_o3::if_all_null_branches_error_wado ... ignored, set CI/WADO_FULL_TEST to run
test fixture_test_o3::if_branch_divergent_types_in_expression_position_rejects_wado ... ignored, set CI/WADO_FULL_TEST to run
test fixture_test_o3::if_let_branch_divergent_types_in_expression_position_rejects_wado ... ignored, set CI/WADO_FULL_TEST to run
test fixture_test_o3::if_let_init_scope_wado ... ignored, set CI/WADO_FULL_TEST to run
test fixture_test_o3::if_let_some_ref_from_fn_wado ... ignored, set CI/WADO_FULL_TEST to run
test fixture_test_o3::if_merged_wado ... ignored, set CI/WADO_FULL_TEST to run
test fixture_test_o3::if_no_else_in_expression_position_rejects_wado ... ignored, set CI/WADO_FULL_TEST to run
test fixture_test_o3::if_null_branch_vs_concrete_error_wado ... ignored, set CI/WADO_FULL_TEST to run
test fixture_test_o3::import_from_nested_subdir_wado ... ignored, set CI/WADO_FULL_TEST to run
test fixture_test_o3::import_from_subdir_wado ... ignored, set CI/WADO_FULL_TEST to run
test fixture_test_o3::import_transitive_simple_wado ... ignored, set CI/WADO_FULL_TEST to run
test fixture_test_o3::import_with_dot_segments_wado ... ignored, set CI/WADO_FULL_TEST to run
test fixture_test_o3::include_bytes_basic_wado ... ignored, set CI/WADO_FULL_TEST to run
test fixture_test_o3::include_bytes_not_found_wado ... ignored, set CI/WADO_FULL_TEST to run
test fixture_test_o3::include_bytes_not_string_literal_wado ... ignored, set CI/WADO_FULL_TEST to run
test fixture_test_o3::include_str_basic_wado ... ignored, set CI/WADO_FULL_TEST to run
test fixture_test_o3::include_str_invalid_utf8_wado ... ignored, set CI/WADO_FULL_TEST to run
test fixture_test_o3::include_str_no_parens_wado ... ignored, set CI/WADO_FULL_TEST to run
test fixture_test_o3::include_str_not_found_wado ... ignored, set CI/WADO_FULL_TEST to run
test fixture_test_o3::include_str_not_string_literal_wado ... ignored, set CI/WADO_FULL_TEST to run
test fixture_test_o3::index_assign_types_wado ... ignored, set CI/WADO_FULL_TEST to run
test fixture_test_o3::index_assign_wado ... ignored, set CI/WADO_FULL_TEST to run
test fixture_test_o3::index_mut_method_call_wado ... ignored, set CI/WADO_FULL_TEST to run
test fixture_test_o3::index_trait_assign_wado ... ignored, set CI/WADO_FULL_TEST to run
test fixture_test_o3::index_trait_both_wado ... ignored, set CI/WADO_FULL_TEST to run
test fixture_test_o3::index_trait_chained_wado ... ignored, set CI/WADO_FULL_TEST to run
test fixture_test_o3::index_trait_complex_static_wado ... ignored, set CI/WADO_FULL_TEST to run
test fixture_test_o3::index_trait_conditional_wado ... ignored, set CI/WADO_FULL_TEST to run
test fixture_test_o3::index_trait_full_struct_wado ... ignored, set CI/WADO_FULL_TEST to run
test fixture_test_o3::index_trait_function_wado ... ignored, set CI/WADO_FULL_TEST to run
test fixture_test_o3::index_trait_loop_wado ... ignored, set CI/WADO_FULL_TEST to run
test fixture_test_o3::index_trait_multiple_wado ... ignored, set CI/WADO_FULL_TEST to run
test fixture_test_o3::index_trait_read_wado ... ignored, set CI/WADO_FULL_TEST to run
test fixture_test_o3::index_value_generic_wado ... ignored, set CI/WADO_FULL_TEST to run
test fixture_test_o3::index_value_option_pattern_wado ... ignored, set CI/WADO_FULL_TEST to run
test fixture_test_o3::index_value_trait_wado ... ignored, set CI/WADO_FULL_TEST to run
test fixture_test_o3::infer_builtin_array_new_from_lhs_wado ... ignored, set CI/WADO_FULL_TEST to run
test fixture_test_o3::infer_builtin_select_in_generic_method_wado ... ignored, set CI/WADO_FULL_TEST to run
test fixture_test_o3::infer_lhs_overrides_literal_wado ... ignored, set CI/WADO_FULL_TEST to run
test fixture_test_o3::infer_method_type_arg_from_return_type_wado ... ignored, set CI/WADO_FULL_TEST to run
test fixture_test_o3::infer_method_type_arg_uninferable_error_wado ... ignored, set CI/WADO_FULL_TEST to run
test fixture_test_o3::infer_static_method_from_lhs_wado ... ignored, set CI/WADO_FULL_TEST to run
test fixture_test_o3::infer_type_arg_from_assoc_bound_method_wado ... ignored, set CI/WADO_FULL_TEST to run
test fixture_test_o3::infer_type_arg_from_assoc_bound_wado ... ignored, set CI/WADO_FULL_TEST to run
test fixture_test_o3::inherent_impl_foreign_type_wado ... ignored, set CI/WADO_FULL_TEST to run
test fixture_test_o3::inline_array_append_nested_wado ... ignored, set CI/WADO_FULL_TEST to run
test fixture_test_o3::inline_cold_path_cost_wado ... ignored, set CI/WADO_FULL_TEST to run
test fixture_test_o3::inline_cross_module_method_wado ... ignored, set CI/WADO_FULL_TEST to run
test fixture_test_o3::inline_merged_wado ... ignored, set CI/WADO_FULL_TEST to run
test fixture_test_o3::inline_mutual_recursive_generic_visit_wado ... ignored, set CI/WADO_FULL_TEST to run
test fixture_test_o3::inline_primitive_method_wado ... ignored, set CI/WADO_FULL_TEST to run
test fixture_test_o3::inline_u128_print_o3_regression_wado ... ignored, set CI/WADO_FULL_TEST to run
test fixture_test_o3::inline_unlikely_cost_wado ... ignored, set CI/WADO_FULL_TEST to run
test fixture_test_o3::inlining_test_wado ... ignored, set CI/WADO_FULL_TEST to run
test fixture_test_o3::inspect_1_wado ... ignored, set CI/WADO_FULL_TEST to run
test fixture_test_o3::inspect_2_wado ... ignored, set CI/WADO_FULL_TEST to run
test fixture_test_o3::inspect_3_wado ... ignored, set CI/WADO_FULL_TEST to run
test fixture_test_o3::inspect_closure_indirect_wado ... ignored, set CI/WADO_FULL_TEST to run
test fixture_test_o3::inspect_closure_multi_sig_wado ... ignored, set CI/WADO_FULL_TEST to run
test fixture_test_o3::inspect_fn_cross_module_wado ... ignored, set CI/WADO_FULL_TEST to run
test fixture_test_o3::inspect_fnref_wado ... ignored, set CI/WADO_FULL_TEST to run
test fixture_test_o3::inspect_ref_array_field_wado ... ignored, set CI/WADO_FULL_TEST to run
test fixture_test_o3::inspect_struct_unit_field_wado ... ignored, set CI/WADO_FULL_TEST to run
test fixture_test_o3::int128_coercion_wado ... ignored, set CI/WADO_FULL_TEST to run
test fixture_test_o3::int128_large_literal_wado ... ignored, set CI/WADO_FULL_TEST to run
test fixture_test_o3::integer_1_wado ... ignored, set CI/WADO_FULL_TEST to run
test fixture_test_o3::integer_2_wado ... ignored, set CI/WADO_FULL_TEST to run
test fixture_test_o3::internal_f64_to_string_wado ... ignored, set CI/WADO_FULL_TEST to run
test fixture_test_o3::into_iterator_item_bound_wado ... ignored, set CI/WADO_FULL_TEST to run
test fixture_test_o3::iter_map_collect_variant_wado ... ignored, set CI/WADO_FULL_TEST to run
test fixture_test_o3::iterator_assoc_type_chain_wado ... ignored, set CI/WADO_FULL_TEST to run
test fixture_test_o3::iterator_filter_o3_regression_wado ... ignored, set CI/WADO_FULL_TEST to run
test fixture_test_o3::iterator_generic_map_cross_module_wado ... ignored, set CI/WADO_FULL_TEST to run
test fixture_test_o3::iterator_generic_map_test_wado ... ignored, set CI/WADO_FULL_TEST to run
test fixture_test_o3::iterator_generic_map_wado ... ignored, set CI/WADO_FULL_TEST to run
test fixture_test_o3::iterator_merged_wado ... ignored, set CI/WADO_FULL_TEST to run
test fixture_test_o3::iterator_trait_map_wado ... ignored, set CI/WADO_FULL_TEST to run
test fixture_test_o3::key_value_literal_blanket_impl_wado ... ignored, set CI/WADO_FULL_TEST to run
test fixture_test_o3::key_value_literal_both_traits_wado ... ignored, set CI/WADO_FULL_TEST to run
test fixture_test_o3::key_value_literal_conditional_wado ... ignored, set CI/WADO_FULL_TEST to run
test fixture_test_o3::key_value_literal_immutable_wado ... ignored, set CI/WADO_FULL_TEST to run
test fixture_test_o3::labeled_block_break_coercion_wado ... ignored, set CI/WADO_FULL_TEST to run
test fixture_test_o3::labeled_block_break_null_coercion_wado ... ignored, set CI/WADO_FULL_TEST to run
test fixture_test_o3::labeled_block_break_shadowed_label_wado ... ignored, set CI/WADO_FULL_TEST to run
test fixture_test_o3::labeled_block_error_break_null_uninferable_wado ... ignored, set CI/WADO_FULL_TEST to run
test fixture_test_o3::labeled_block_error_break_null_vs_concrete_wado ... ignored, set CI/WADO_FULL_TEST to run
test fixture_test_o3::labeled_block_error_break_type_mismatch_wado ... ignored, set CI/WADO_FULL_TEST to run
test fixture_test_o3::labeled_block_error_unknown_label_wado ... ignored, set CI/WADO_FULL_TEST to run
test fixture_test_o3::labeled_block_wado ... ignored, set CI/WADO_FULL_TEST to run
test fixture_test_o3::let_immutable_reassign_error_wado ... ignored, set CI/WADO_FULL_TEST to run
test fixture_test_o3::licm_alias_mut_ref_loop_wado ... ignored, set CI/WADO_FULL_TEST to run
test fixture_test_o3::likely_unlikely_wado ... ignored, set CI/WADO_FULL_TEST to run
test fixture_test_o3::local_integers_mut_wado ... ignored, set CI/WADO_FULL_TEST to run
test fixture_test_o3::local_merged_wado ... ignored, set CI/WADO_FULL_TEST to run
test fixture_test_o3::location_function_wado ... ignored, set CI/WADO_FULL_TEST to run
test fixture_test_o3::location_literal_data_no_section_wado ... ignored, set CI/WADO_FULL_TEST to run
test fixture_test_o3::location_literal_submodule_wado ... ignored, set CI/WADO_FULL_TEST to run
test fixture_test_o3::location_literal_unknown_wado ... ignored, set CI/WADO_FULL_TEST to run
test fixture_test_o3::location_merged_wado ... ignored, set CI/WADO_FULL_TEST to run
test fixture_test_o3::log_stderr_explicit_import_wado ... ignored, set CI/WADO_FULL_TEST to run
test fixture_test_o3::log_stderr_from_cli_wado ... ignored, set CI/WADO_FULL_TEST to run
test fixture_test_o3::log_stderr_not_exported_wado ... ignored, set CI/WADO_FULL_TEST to run
test fixture_test_o3::log_stdout_explicit_import_wado ... ignored, set CI/WADO_FULL_TEST to run
test fixture_test_o3::log_stdout_from_cli_wado ... ignored, set CI/WADO_FULL_TEST to run
test fixture_test_o3::loop_basic_wado ... ignored, set CI/WADO_FULL_TEST to run
test fixture_test_o3::loop_continue_wado ... ignored, set CI/WADO_FULL_TEST to run
test fixture_test_o3::loop_nested_wado ... ignored, set CI/WADO_FULL_TEST to run
test fixture_test_o3::loop_with_inner_labeled_break_is_divergent_wado ... ignored, set CI/WADO_FULL_TEST to run
test fixture_test_o3::match_1_wado ... ignored, set CI/WADO_FULL_TEST to run
test fixture_test_o3::match_2_wado ... ignored, set CI/WADO_FULL_TEST to run
test fixture_test_o3::match_all_null_arms_error_wado ... ignored, set CI/WADO_FULL_TEST to run
test fixture_test_o3::match_arm_discarded_call_invalid_wasm_wado ... ignored, set CI/WADO_FULL_TEST to run
test fixture_test_o3::match_arm_discarded_call_semicolon_irrelevant_wado ... ignored, set CI/WADO_FULL_TEST to run
test fixture_test_o3::match_arm_divergent_types_in_expression_position_rejects_wado ... ignored, set CI/WADO_FULL_TEST to run
test fixture_test_o3::match_arm_scope_error_wado ... ignored, set CI/WADO_FULL_TEST to run
test fixture_test_o3::match_arm_struct_field_invalid_wasm_wado ... ignored, set CI/WADO_FULL_TEST to run
test fixture_test_o3::match_associated_constant_pattern_wado ... ignored, set CI/WADO_FULL_TEST to run
test fixture_test_o3::match_break_in_while_wado ... ignored, set CI/WADO_FULL_TEST to run
test fixture_test_o3::match_break_many_arms_wado ... ignored, set CI/WADO_FULL_TEST to run
test fixture_test_o3::match_comprehensive_wado ... ignored, set CI/WADO_FULL_TEST to run
test fixture_test_o3::match_ergonomics_let_destructure_wado ... ignored, set CI/WADO_FULL_TEST to run
test fixture_test_o3::match_ergonomics_mut_ref_wado ... ignored, set CI/WADO_FULL_TEST to run
test fixture_test_o3::match_ergonomics_wado ... ignored, set CI/WADO_FULL_TEST to run
test fixture_test_o3::match_exhaustive_bool_error_wado ... ignored, set CI/WADO_FULL_TEST to run
test fixture_test_o3::match_exhaustive_enum_error_wado ... ignored, set CI/WADO_FULL_TEST to run
test fixture_test_o3::match_exhaustive_option_error_wado ... ignored, set CI/WADO_FULL_TEST to run
test fixture_test_o3::match_exhaustive_option_only_none_error_wado ... ignored, set CI/WADO_FULL_TEST to run
test fixture_test_o3::match_exhaustive_option_only_null_error_wado ... ignored, set CI/WADO_FULL_TEST to run
test fixture_test_o3::match_exhaustive_variant_error_wado ... ignored, set CI/WADO_FULL_TEST to run
test fixture_test_o3::match_expr_scope_error_wado ... ignored, set CI/WADO_FULL_TEST to run
test fixture_test_o3::match_global_constant_pattern_wado ... ignored, set CI/WADO_FULL_TEST to run
test fixture_test_o3::match_literal_f32_wado ... ignored, set CI/WADO_FULL_TEST to run
test fixture_test_o3::match_literal_f64_wado ... ignored, set CI/WADO_FULL_TEST to run
test fixture_test_o3::match_literal_i128_guarded_wado ... ignored, set CI/WADO_FULL_TEST to run
test fixture_test_o3::match_literal_i128_large_wado ... ignored, set CI/WADO_FULL_TEST to run
test fixture_test_o3::match_literal_i128_side_effect_wado ... ignored, set CI/WADO_FULL_TEST to run
test fixture_test_o3::match_literal_wado ... ignored, set CI/WADO_FULL_TEST to run
test fixture_test_o3::match_nested_guard_variant_in_tuple_wado ... ignored, set CI/WADO_FULL_TEST to run
test fixture_test_o3::match_nested_patterns_wado ... ignored, set CI/WADO_FULL_TEST to run
test fixture_test_o3::match_nested_struct_in_variant_wado ... ignored, set CI/WADO_FULL_TEST to run
test fixture_test_o3::match_nested_three_level_wado ... ignored, set CI/WADO_FULL_TEST to run
test fixture_test_o3::match_nested_variant_in_variant_wado ... ignored, set CI/WADO_FULL_TEST to run
test fixture_test_o3::match_nested_variant_tuple_payload_wado ... ignored, set CI/WADO_FULL_TEST to run
test fixture_test_o3::match_null_arm_infers_option_inner_wado ... ignored, set CI/WADO_FULL_TEST to run
test fixture_test_o3::match_null_arm_vs_concrete_error_wado ... ignored, set CI/WADO_FULL_TEST to run
test fixture_test_o3::match_or_pattern_1_wado ... ignored, set CI/WADO_FULL_TEST to run
test fixture_test_o3::match_or_pattern_2_wado ... ignored, set CI/WADO_FULL_TEST to run
test fixture_test_o3::match_or_pattern_3_wado ... ignored, set CI/WADO_FULL_TEST to run
test fixture_test_o3::match_or_pattern_4_wado ... ignored, set CI/WADO_FULL_TEST to run
test fixture_test_o3::match_or_pattern_5_wado ... ignored, set CI/WADO_FULL_TEST to run
test fixture_test_o3::match_or_pattern_6_wado ... ignored, set CI/WADO_FULL_TEST to run
test fixture_test_o3::match_or_pattern_iflet_1_wado ... ignored, set CI/WADO_FULL_TEST to run
test fixture_test_o3::match_or_pattern_string_wado ... ignored, set CI/WADO_FULL_TEST to run
test fixture_test_o3::match_return_from_arm_wado ... ignored, set CI/WADO_FULL_TEST to run
test fixture_test_o3::match_tuple_pattern_on_array_error_wado ... ignored, set CI/WADO_FULL_TEST to run
test fixture_test_o3::match_tuple_pattern_on_array_iflet_error_wado ... ignored, set CI/WADO_FULL_TEST to run
test fixture_test_o3::match_variant_1_wado ... ignored, set CI/WADO_FULL_TEST to run
test fixture_test_o3::match_variant_2_wado ... ignored, set CI/WADO_FULL_TEST to run
test fixture_test_o3::match_variant_array_struct_in_arm_wado ... ignored, set CI/WADO_FULL_TEST to run
test fixture_test_o3::match_variant_import_module_wado ... ignored, set CI/WADO_FULL_TEST to run
test fixture_test_o3::match_variant_import_wado ... ignored, set CI/WADO_FULL_TEST to run
test fixture_test_o3::matches_guard_non_bool_error_wado ... ignored, set CI/WADO_FULL_TEST to run
test fixture_test_o3::matches_merged_wado ... ignored, set CI/WADO_FULL_TEST to run
test fixture_test_o3::matches_option_string_literal_wado ... ignored, set CI/WADO_FULL_TEST to run
test fixture_test_o3::matches_prefix_error_wado ... ignored, set CI/WADO_FULL_TEST to run
test fixture_test_o3::matches_scope_error_wado ... ignored, set CI/WADO_FULL_TEST to run
test fixture_test_o3::method_turbofish_non_generic_struct_wado ... ignored, set CI/WADO_FULL_TEST to run
test fixture_test_o3::missing_return_closure_partial_if_wado ... ignored, set CI/WADO_FULL_TEST to run
test fixture_test_o3::missing_return_closure_semicolon_wado ... ignored, set CI/WADO_FULL_TEST to run
test fixture_test_o3::missing_return_closure_wado ... ignored, set CI/WADO_FULL_TEST to run
test fixture_test_o3::missing_return_definite_exit_paths_wado ... ignored, set CI/WADO_FULL_TEST to run
test fixture_test_o3::missing_return_fn_semicolon_wado ... ignored, set CI/WADO_FULL_TEST to run
test fixture_test_o3::missing_return_fn_wado ... ignored, set CI/WADO_FULL_TEST to run
test fixture_test_o3::missing_return_if_panic_no_else_wado ... ignored, set CI/WADO_FULL_TEST to run
test fixture_test_o3::missing_return_method_wado ... ignored, set CI/WADO_FULL_TEST to run
test fixture_test_o3::missing_return_partial_if_wado ... ignored, set CI/WADO_FULL_TEST to run
test fixture_test_o3::mixed_int_float_arithmetic_wado ... ignored, set CI/WADO_FULL_TEST to run
test fixture_test_o3::module_attr_generated_meta_wado ... ignored, set CI/WADO_FULL_TEST to run
test fixture_test_o3::module_attr_generated_wado ... ignored, set CI/WADO_FULL_TEST to run
test fixture_test_o3::module_attr_todo_compile_error_wado ... ignored, set CI/WADO_FULL_TEST to run
test fixture_test_o3::module_attr_todo_wado ... ignored, set CI/WADO_FULL_TEST to run
test fixture_test_o3::monotonic_clock_now_wado ... ignored, set CI/WADO_FULL_TEST to run
test fixture_test_o3::multiple_effect_imports_wado ... ignored, set CI/WADO_FULL_TEST to run
test fixture_test_o3::multiple_println_wado ... ignored, set CI/WADO_FULL_TEST to run
test fixture_test_o3::mut_param_error_assign_wado ... ignored, set CI/WADO_FULL_TEST to run
test fixture_test_o3::mut_param_merged_wado ... ignored, set CI/WADO_FULL_TEST to run
test fixture_test_o3::mut_param_wado ... ignored, set CI/WADO_FULL_TEST to run
test fixture_test_o3::mut_ref_if_return_wado ... ignored, set CI/WADO_FULL_TEST to run
test fixture_test_o3::namespace_import_core_wado ... ignored, set CI/WADO_FULL_TEST to run
test fixture_test_o3::namespace_import_enum_wado ... ignored, set CI/WADO_FULL_TEST to run
test fixture_test_o3::namespace_import_struct_wado ... ignored, set CI/WADO_FULL_TEST to run
test fixture_test_o3::namespace_import_wado ... ignored, set CI/WADO_FULL_TEST to run
test fixture_test_o3::nested_array_wado ... ignored, set CI/WADO_FULL_TEST to run
test fixture_test_o3::nested_variant_match_ref_test_wado ... ignored, set CI/WADO_FULL_TEST to run
test fixture_test_o3::never_binary_op_trap_wado ... ignored, set CI/WADO_FULL_TEST to run
test fixture_test_o3::never_global_trap_wado ... ignored, set CI/WADO_FULL_TEST to run
test fixture_test_o3::never_let_binding_trap_wado ... ignored, set CI/WADO_FULL_TEST to run
test fixture_test_o3::never_let_local_via_closure_wado ... ignored, set CI/WADO_FULL_TEST to run
test fixture_test_o3::never_merged_wado ... ignored, set CI/WADO_FULL_TEST to run
test fixture_test_o3::never_return_wado ... ignored, set CI/WADO_FULL_TEST to run
test fixture_test_o3::newtype_array_sort_wado ... ignored, set CI/WADO_FULL_TEST to run
test fixture_test_o3::newtype_basic_wado ... ignored, set CI/WADO_FULL_TEST to run
test fixture_test_o3::newtype_chained_method_wado ... ignored, set CI/WADO_FULL_TEST to run
test fixture_test_o3::newtype_chained_wado ... ignored, set CI/WADO_FULL_TEST to run
test fixture_test_o3::newtype_closure_coercion_wado ... ignored, set CI/WADO_FULL_TEST to run
test fixture_test_o3::newtype_float_types_wado ... ignored, set CI/WADO_FULL_TEST to run
test fixture_test_o3::newtype_generic_container_return_wado ... ignored, set CI/WADO_FULL_TEST to run
test fixture_test_o3::newtype_generic_trait_dispatch_wado ... ignored, set CI/WADO_FULL_TEST to run
test fixture_test_o3::newtype_generic_wado ... ignored, set CI/WADO_FULL_TEST to run
test fixture_test_o3::newtype_impl_not_on_base_wado ... ignored, set CI/WADO_FULL_TEST to run
test fixture_test_o3::newtype_impl_wado ... ignored, set CI/WADO_FULL_TEST to run
test fixture_test_o3::newtype_index_trait_wado ... ignored, set CI/WADO_FULL_TEST to run
test fixture_test_o3::newtype_integer_types_wado ... ignored, set CI/WADO_FULL_TEST to run
test fixture_test_o3::newtype_method_inheritance_wado ... ignored, set CI/WADO_FULL_TEST to run
test fixture_test_o3::newtype_multiple_params_wado ... ignored, set CI/WADO_FULL_TEST to run
test fixture_test_o3::newtype_operator_trait_wado ... ignored, set CI/WADO_FULL_TEST to run
test fixture_test_o3::newtype_option_pattern_wado ... ignored, set CI/WADO_FULL_TEST to run
test fixture_test_o3::newtype_return_type_wado ... ignored, set CI/WADO_FULL_TEST to run
test fixture_test_o3::newtype_static_method_wado ... ignored, set CI/WADO_FULL_TEST to run
test fixture_test_o3::newtype_string_coercion_wado ... ignored, set CI/WADO_FULL_TEST to run
test fixture_test_o3::newtype_trait_bounds_wado ... ignored, set CI/WADO_FULL_TEST to run
test fixture_test_o3::newtype_trait_method_wado ... ignored, set CI/WADO_FULL_TEST to run
test fixture_test_o3::newtype_wasi_wado ... ignored, set CI/WADO_FULL_TEST to run
test fixture_test_o3::niri_branch_hint_const_fold_wado ... ignored, set CI/WADO_FULL_TEST to run
test fixture_test_o3::niri_if_arm_meet_nested_match_arm_wado ... ignored, set CI/WADO_FULL_TEST to run
test fixture_test_o3::niri_if_arm_meet_preserves_fields_wado ... ignored, set CI/WADO_FULL_TEST to run
test fixture_test_o3::niri_if_bool_arms_collapse_wado ... ignored, set CI/WADO_FULL_TEST to run
test fixture_test_o3::niri_labeled_block_non_tail_break_wado ... ignored, set CI/WADO_FULL_TEST to run
test fixture_test_o3::niri_loop_invariant_array_len_wado ... ignored, set CI/WADO_FULL_TEST to run
test fixture_test_o3::niri_loop_writes_drop_field_env_wado ... ignored, set CI/WADO_FULL_TEST to run
test fixture_test_o3::niri_match_const_fold_wado ... ignored, set CI/WADO_FULL_TEST to run
test fixture_test_o3::niri_match_enum_discriminator_wado ... ignored, set CI/WADO_FULL_TEST to run
test fixture_test_o3::niri_pure_call_fold_wado ... ignored, set CI/WADO_FULL_TEST to run
test fixture_test_o3::niri_trapping_then_preserves_fields_wado ... ignored, set CI/WADO_FULL_TEST to run
test fixture_test_o3::number_literal_decimal_not_int_wado ... ignored, set CI/WADO_FULL_TEST to run
test fixture_test_o3::number_literal_neg_exp_not_int_wado ... ignored, set CI/WADO_FULL_TEST to run
test fixture_test_o3::number_literal_overflow_wado ... ignored, set CI/WADO_FULL_TEST to run
test fixture_test_o3::number_literal_wado ... ignored, set CI/WADO_FULL_TEST to run
test fixture_test_o3::operator_missing_trait_error_wado ... ignored, set CI/WADO_FULL_TEST to run
test fixture_test_o3::operator_not_applicable_mixed_wado ... ignored, set CI/WADO_FULL_TEST to run
test fixture_test_o3::operator_not_applicable_string_wado ... ignored, set CI/WADO_FULL_TEST to run
test fixture_test_o3::opt_codewriter_miscompile_wado ... ignored, set CI/WADO_FULL_TEST to run
test fixture_test_o3::opt_const_fold_aliased_field_wado ... ignored, set CI/WADO_FULL_TEST to run
test fixture_test_o3::opt_const_fold_div_zero_wado ... ignored, set CI/WADO_FULL_TEST to run
test fixture_test_o3::opt_const_wado ... ignored, set CI/WADO_FULL_TEST to run
test fixture_test_o3::opt_container_sroa_edge_wado ... ignored, set CI/WADO_FULL_TEST to run
test fixture_test_o3::opt_container_sroa_nondup_idx_wado ... ignored, set CI/WADO_FULL_TEST to run
test fixture_test_o3::opt_container_sroa_struct_wado ... ignored, set CI/WADO_FULL_TEST to run
test fixture_test_o3::opt_container_sroa_tuple_wado ... ignored, set CI/WADO_FULL_TEST to run
test fixture_test_o3::opt_copy_prop_multi_field_wado ... ignored, set CI/WADO_FULL_TEST to run
test fixture_test_o3::opt_copy_prop_nested_variant_wado ... ignored, set CI/WADO_FULL_TEST to run
test fixture_test_o3::opt_copy_prop_while_let_wado ... ignored, set CI/WADO_FULL_TEST to run
test fixture_test_o3::opt_crossmod_array_wado ... ignored, set CI/WADO_FULL_TEST to run
test fixture_test_o3::opt_dce_break_then_unreachable_wado ... ignored, set CI/WADO_FULL_TEST to run
test fixture_test_o3::opt_dce_tail_break_flatten_wado ... ignored, set CI/WADO_FULL_TEST to run
test fixture_test_o3::opt_dce_trap_preserved_unread_let_wado ... ignored, set CI/WADO_FULL_TEST to run
test fixture_test_o3::opt_elide_adjacent_struct_local_intervening_copy_wado ... ignored, set CI/WADO_FULL_TEST to run
test fixture_test_o3::opt_elide_adjacent_struct_local_wado ... ignored, set CI/WADO_FULL_TEST to run
test fixture_test_o3::opt_elide_box_local_expr_clobbers_intervening_wado ... ignored, set CI/WADO_FULL_TEST to run
test fixture_test_o3::opt_elide_box_local_observable_before_field_wado ... ignored, set CI/WADO_FULL_TEST to run
test fixture_test_o3::opt_elide_box_local_shortcircuit_right_arm_wado ... ignored, set CI/WADO_FULL_TEST to run
test fixture_test_o3::opt_eqz_wado ... ignored, set CI/WADO_FULL_TEST to run
test fixture_test_o3::opt_fusion_no_dead_break_wado ... ignored, set CI/WADO_FULL_TEST to run
test fixture_test_o3::opt_hfs_immut_ref_method_reread_wado ... ignored, set CI/WADO_FULL_TEST to run
test fixture_test_o3::opt_hfs_immut_ref_no_reread_wado ... ignored, set CI/WADO_FULL_TEST to run
test fixture_test_o3::opt_hfs_immut_ref_sync_wado ... ignored, set CI/WADO_FULL_TEST to run
test fixture_test_o3::opt_hfs_labeled_block_match_wado ... ignored, set CI/WADO_FULL_TEST to run
test fixture_test_o3::opt_hfs_loop_exit_no_writeback_wado ... ignored, set CI/WADO_FULL_TEST to run
test fixture_test_o3::opt_hfs_mixed_ref_sync_wado ... ignored, set CI/WADO_FULL_TEST to run
test fixture_test_o3::opt_hfs_mut_ref_reread_wado ... ignored, set CI/WADO_FULL_TEST to run
test fixture_test_o3::opt_hfs_stores_ref_sync_wado ... ignored, set CI/WADO_FULL_TEST to run
test fixture_test_o3::opt_inline_backtrack_miscompile_wado ... ignored, set CI/WADO_FULL_TEST to run
test fixture_test_o3::opt_inline_duplicate_fn_wado ... ignored, set CI/WADO_FULL_TEST to run
test fixture_test_o3::opt_inline_wado ... ignored, set CI/WADO_FULL_TEST to run
test fixture_test_o3::opt_labeled_block_copy_mutation_wado ... ignored, set CI/WADO_FULL_TEST to run
test fixture_test_o3::opt_labeled_block_fusion_wado ... ignored, set CI/WADO_FULL_TEST to run
test fixture_test_o3::opt_licm_aliased_field_via_call_wado ... ignored, set CI/WADO_FULL_TEST to run
test fixture_test_o3::opt_licm_aliased_mut_ref_params_wado ... ignored, set CI/WADO_FULL_TEST to run
test fixture_test_o3::opt_licm_aliased_ref_fields_wado ... ignored, set CI/WADO_FULL_TEST to run
test fixture_test_o3::opt_licm_immut_ref_method_wado ... ignored, set CI/WADO_FULL_TEST to run
test fixture_test_o3::opt_licm_immut_ref_mixed_wado ... ignored, set CI/WADO_FULL_TEST to run
test fixture_test_o3::opt_licm_immut_ref_multi_wado ... ignored, set CI/WADO_FULL_TEST to run
test fixture_test_o3::opt_licm_immut_ref_wado ... ignored, set CI/WADO_FULL_TEST to run
test fixture_test_o3::opt_licm_mut_ref_no_hoist_wado ... ignored, set CI/WADO_FULL_TEST to run
test fixture_test_o3::opt_licm_nested_ref_chain_wado ... ignored, set CI/WADO_FULL_TEST to run
test fixture_test_o3::opt_multi_value_user_struct_break_wado ... ignored, set CI/WADO_FULL_TEST to run
test fixture_test_o3::opt_multi_value_user_struct_escape_wado ... ignored, set CI/WADO_FULL_TEST to run
test fixture_test_o3::opt_multi_value_user_struct_match_wado ... ignored, set CI/WADO_FULL_TEST to run
test fixture_test_o3::opt_multi_value_user_struct_wado ... ignored, set CI/WADO_FULL_TEST to run
test fixture_test_o3::opt_ref_elim_inline_shadow_wado ... ignored, set CI/WADO_FULL_TEST to run
test fixture_test_o3::opt_ref_elim_rebound_local_wado ... ignored, set CI/WADO_FULL_TEST to run
test fixture_test_o3::opt_sroa_box_parameter_wado ... ignored, set CI/WADO_FULL_TEST to run
test fixture_test_o3::opt_sroa_edge_cases_wado ... ignored, set CI/WADO_FULL_TEST to run
test fixture_test_o3::opt_sroa_intraprocedural_wado ... ignored, set CI/WADO_FULL_TEST to run
test fixture_test_o3::opt_sroa_newtype_param_wado ... ignored, set CI/WADO_FULL_TEST to run
test fixture_test_o3::opt_sroa_param_aliased_ref_wado ... ignored, set CI/WADO_FULL_TEST to run
test fixture_test_o3::opt_sroa_param_nested_same_field_wado ... ignored, set CI/WADO_FULL_TEST to run
test fixture_test_o3::opt_sroa_return_match_wado ... ignored, set CI/WADO_FULL_TEST to run
test fixture_test_o3::opt_sroa_single_field_wado ... ignored, set CI/WADO_FULL_TEST to run
test fixture_test_o3::opt_sroa_stores_ref_blocked_wado ... ignored, set CI/WADO_FULL_TEST to run
test fixture_test_o3::opt_sroa_stores_ref_mixed_wado ... ignored, set CI/WADO_FULL_TEST to run
test fixture_test_o3::opt_sroa_stores_ref_mut_wado ... ignored, set CI/WADO_FULL_TEST to run
test fixture_test_o3::opt_sroa_stores_ref_wado ... ignored, set CI/WADO_FULL_TEST to run
test fixture_test_o3::opt_sroa_variant_br_exit_wado ... ignored, set CI/WADO_FULL_TEST to run
test fixture_test_o3::opt_sroa_variant_per_case_wado ... ignored, set CI/WADO_FULL_TEST to run
test fixture_test_o3::opt_sroa_variant_prefix_overinvalidate_wado ... ignored, set CI/WADO_FULL_TEST to run
test fixture_test_o3::opt_sroa_variant_return_if_descent_wado ... ignored, set CI/WADO_FULL_TEST to run
test fixture_test_o3::opt_sroa_variant_return_temp_elide_wado ... ignored, set CI/WADO_FULL_TEST to run
test fixture_test_o3::opt_sroa_variant_tail_call_wado ... ignored, set CI/WADO_FULL_TEST to run
test fixture_test_o3::opt_sroa_variant_wado ... ignored, set CI/WADO_FULL_TEST to run
test fixture_test_o3::opt_sroa_wado ... ignored, set CI/WADO_FULL_TEST to run
test fixture_test_o3::opt_string_push_short_literal_wado ... ignored, set CI/WADO_FULL_TEST to run
test fixture_test_o3::opt_walk_fn_miscompile_wado ... ignored, set CI/WADO_FULL_TEST to run
test fixture_test_o3::opt_wir_dead_if_zero_wado ... ignored, set CI/WADO_FULL_TEST to run
test fixture_test_o3::optimize_bce_field_access_equiv_wado ... ignored, set CI/WADO_FULL_TEST to run
test fixture_test_o3::optimize_bce_if_guard_wado ... ignored, set CI/WADO_FULL_TEST to run
test fixture_test_o3::optimize_bce_ref_param_wado ... ignored, set CI/WADO_FULL_TEST to run
test fixture_test_o3::optimize_bitmask_bce_wado ... ignored, set CI/WADO_FULL_TEST to run
test fixture_test_o3::option_construct_wado ... ignored, set CI/WADO_FULL_TEST to run
test fixture_test_o3::option_i32_struct_field_wado ... ignored, set CI/WADO_FULL_TEST to run
test fixture_test_o3::option_match_invalid_wado ... ignored, set CI/WADO_FULL_TEST to run
test fixture_test_o3::option_match_wado ... ignored, set CI/WADO_FULL_TEST to run
test fixture_test_o3::ordering_basic_wado ... ignored, set CI/WADO_FULL_TEST to run
test fixture_test_o3::orphan_rule_allowed_local_generic_self_wado ... ignored, set CI/WADO_FULL_TEST to run
test fixture_test_o3::orphan_rule_allowed_local_self_wado ... ignored, set CI/WADO_FULL_TEST to run
test fixture_test_o3::orphan_rule_allowed_local_trait_wado ... ignored, set CI/WADO_FULL_TEST to run
test fixture_test_o3::orphan_rule_allowed_rfc2451_wado ... ignored, set CI/WADO_FULL_TEST to run
test fixture_test_o3::orphan_rule_error_both_foreign_wado ... ignored, set CI/WADO_FULL_TEST to run
test fixture_test_o3::orphan_rule_error_foreign_generic_self_wado ... ignored, set CI/WADO_FULL_TEST to run
test fixture_test_o3::orphan_rule_error_rfc2451_no_local_wado ... ignored, set CI/WADO_FULL_TEST to run
test fixture_test_o3::orphan_rule_error_uncovered_param_before_local_wado ... ignored, set CI/WADO_FULL_TEST to run
test fixture_test_o3::orphan_rule_error_uncovered_type_param_wado ... ignored, set CI/WADO_FULL_TEST to run
test fixture_test_o3::panic_basic_wado ... ignored, set CI/WADO_FULL_TEST to run
test fixture_test_o3::panic_stack_trace_names_wado ... ignored, set CI/WADO_FULL_TEST to run
test fixture_test_o3::pattern_match_exhaustive_variant_last_arm_wado ... ignored, set CI/WADO_FULL_TEST to run
test fixture_test_o3::pattern_match_non_exhaustive_keeps_fallback_wado ... ignored, set CI/WADO_FULL_TEST to run
test fixture_test_o3::pattern_mut_binding_wado ... ignored, set CI/WADO_FULL_TEST to run
test fixture_test_o3::precedence_error_chain_mixed_direction_wado ... ignored, set CI/WADO_FULL_TEST to run
test fixture_test_o3::precedence_error_chain_mixed_equality_wado ... ignored, set CI/WADO_FULL_TEST to run
test fixture_test_o3::precedence_error_chain_not_equal_wado ... ignored, set CI/WADO_FULL_TEST to run
test fixture_test_o3::precedence_merged_wado ... ignored, set CI/WADO_FULL_TEST to run
test fixture_test_o3::prelude_type_collision_wado ... ignored, set CI/WADO_FULL_TEST to run
test fixture_test_o3::primitive_arithmetic_wado ... ignored, set CI/WADO_FULL_TEST to run
test fixture_test_o3::pub_struct_field_access_ok_wado ... ignored, set CI/WADO_FULL_TEST to run
test fixture_test_o3::pub_struct_field_access_wado ... ignored, set CI/WADO_FULL_TEST to run
test fixture_test_o3::pub_struct_field_literal_error_wado ... ignored, set CI/WADO_FULL_TEST to run
test fixture_test_o3::pub_struct_field_same_module_wado ... ignored, set CI/WADO_FULL_TEST to run
test fixture_test_o3::pub_use_alias_facade_wado ... ignored, set CI/WADO_FULL_TEST to run
test fixture_test_o3::pub_use_alias_wado ... ignored, set CI/WADO_FULL_TEST to run
test fixture_test_o3::pub_use_chain_a_wado ... ignored, set CI/WADO_FULL_TEST to run
test fixture_test_o3::pub_use_chain_b_wado ... ignored, set CI/WADO_FULL_TEST to run
test fixture_test_o3::pub_use_chain_c_wado ... ignored, set CI/WADO_FULL_TEST to run
test fixture_test_o3::pub_use_chain_wado ... ignored, set CI/WADO_FULL_TEST to run
test fixture_test_o3::pub_use_facade_wado ... ignored, set CI/WADO_FULL_TEST to run
test fixture_test_o3::pub_use_lib_wado ... ignored, set CI/WADO_FULL_TEST to run
test fixture_test_o3::pub_use_prelude_mod_wado ... ignored, set CI/WADO_FULL_TEST to run
test fixture_test_o3::pub_use_prelude_types_wado ... ignored, set CI/WADO_FULL_TEST to run
test fixture_test_o3::pub_use_prelude_wado ... ignored, set CI/WADO_FULL_TEST to run
test fixture_test_o3::pub_use_wado ... ignored, set CI/WADO_FULL_TEST to run
test fixture_test_o3::range_match_assoc_const_wado ... ignored, set CI/WADO_FULL_TEST to run
test fixture_test_o3::range_match_basic_wado ... ignored, set CI/WADO_FULL_TEST to run
test fixture_test_o3::range_match_char_wado ... ignored, set CI/WADO_FULL_TEST to run
test fixture_test_o3::range_match_empty_pattern_error_wado ... ignored, set CI/WADO_FULL_TEST to run
test fixture_test_o3::range_match_exhaustive_error_wado ... ignored, set CI/WADO_FULL_TEST to run
test fixture_test_o3::range_match_exhaustive_u8_wado ... ignored, set CI/WADO_FULL_TEST to run
test fixture_test_o3::range_match_overlap_error_wado ... ignored, set CI/WADO_FULL_TEST to run
test fixture_test_o3::range_match_reversed_char_pattern_error_wado ... ignored, set CI/WADO_FULL_TEST to run
test fixture_test_o3::range_match_reversed_inclusive_pattern_error_wado ... ignored, set CI/WADO_FULL_TEST to run
test fixture_test_o3::range_match_reversed_pattern_error_wado ... ignored, set CI/WADO_FULL_TEST to run
test fixture_test_o3::range_matches_operator_wado ... ignored, set CI/WADO_FULL_TEST to run
test fixture_test_o3::range_non_ord_error_wado ... ignored, set CI/WADO_FULL_TEST to run
test fixture_test_o3::range_precedence_wado ... ignored, set CI/WADO_FULL_TEST to run
test fixture_test_o3::range_reversed_char_error_wado ... ignored, set CI/WADO_FULL_TEST to run
test fixture_test_o3::range_reversed_error_wado ... ignored, set CI/WADO_FULL_TEST to run
test fixture_test_o3::range_reversed_inclusive_error_wado ... ignored, set CI/WADO_FULL_TEST to run
test fixture_test_o3::range_reversed_negative_error_wado ... ignored, set CI/WADO_FULL_TEST to run
test fixture_test_o3::range_type_mismatch_error_wado ... ignored, set CI/WADO_FULL_TEST to run
test fixture_test_o3::recursive_generic_struct_wado ... ignored, set CI/WADO_FULL_TEST to run
test fixture_test_o3::ref_1_wado ... ignored, set CI/WADO_FULL_TEST to run
test fixture_test_o3::ref_2_wado ... ignored, set CI/WADO_FULL_TEST to run
test fixture_test_o3::ref_3_wado ... ignored, set CI/WADO_FULL_TEST to run
test fixture_test_o3::ref_edge_immut_assign_wado ... ignored, set CI/WADO_FULL_TEST to run
test fixture_test_o3::ref_edge_mut_immut_wado ... ignored, set CI/WADO_FULL_TEST to run
test fixture_test_o3::ref_equality_error_arithmetic_wado ... ignored, set CI/WADO_FULL_TEST to run
test fixture_test_o3::ref_equality_error_ordering_wado ... ignored, set CI/WADO_FULL_TEST to run
test fixture_test_o3::ref_equality_no_eq_wado ... ignored, set CI/WADO_FULL_TEST to run
test fixture_test_o3::ref_equality_struct_with_ref_wado ... ignored, set CI/WADO_FULL_TEST to run
test fixture_test_o3::ref_equality_wado ... ignored, set CI/WADO_FULL_TEST to run
test fixture_test_o3::ref_field_ref_wado ... ignored, set CI/WADO_FULL_TEST to run
test fixture_test_o3::ref_impl_dispatch_list_vs_array_wado ... ignored, set CI/WADO_FULL_TEST to run
test fixture_test_o3::ref_method_receivers_error_self_by_value_wado ... ignored, set CI/WADO_FULL_TEST to run
test fixture_test_o3::resolver_error_unknown_identifier_wado ... ignored, set CI/WADO_FULL_TEST to run
test fixture_test_o3::resource_method_instance_wado ... ignored, set CI/WADO_FULL_TEST to run
test fixture_test_o3::resource_method_static_wado ... ignored, set CI/WADO_FULL_TEST to run
test fixture_test_o3::result_basic_wado ... ignored, set CI/WADO_FULL_TEST to run
test fixture_test_o3::result_if_let_err_wado ... ignored, set CI/WADO_FULL_TEST to run
test fixture_test_o3::result_if_let_mismatch_wado ... ignored, set CI/WADO_FULL_TEST to run
test fixture_test_o3::result_if_let_ok_wado ... ignored, set CI/WADO_FULL_TEST to run
test fixture_test_o3::result_match_payload_wado ... ignored, set CI/WADO_FULL_TEST to run
test fixture_test_o3::result_match_wado ... ignored, set CI/WADO_FULL_TEST to run
test fixture_test_o3::result_mut_ref_side_effect_wado ... ignored, set CI/WADO_FULL_TEST to run
test fixture_test_o3::result_unit_cm_variant_passthrough_wado ... ignored, set CI/WADO_FULL_TEST to run
test fixture_test_o3::result_unit_variant_passthrough_wado ... ignored, set CI/WADO_FULL_TEST to run
test fixture_test_o3::result_unwrap_fresh_elision_wado ... ignored, set CI/WADO_FULL_TEST to run
test fixture_test_o3::return_merged_wado ... ignored, set CI/WADO_FULL_TEST to run
test fixture_test_o3::scalarize_chain_wado ... ignored, set CI/WADO_FULL_TEST to run
test fixture_test_o3::scope_block_var_not_visible_wado ... ignored, set CI/WADO_FULL_TEST to run
test fixture_test_o3::scope_for_loop_var_not_visible_wado ... ignored, set CI/WADO_FULL_TEST to run
test fixture_test_o3::scope_nested_blocks_wado ... ignored, set CI/WADO_FULL_TEST to run
test fixture_test_o3::scope_shadow_field_not_self_ref_wado ... ignored, set CI/WADO_FULL_TEST to run
test fixture_test_o3::scope_shadow_no_self_ref_wado ... ignored, set CI/WADO_FULL_TEST to run
test fixture_test_o3::scope_shadow_param_not_self_ref_wado ... ignored, set CI/WADO_FULL_TEST to run
test fixture_test_o3::scope_shadow_self_ref_closure_wado ... ignored, set CI/WADO_FULL_TEST to run
test fixture_test_o3::scope_shadow_self_ref_wado ... ignored, set CI/WADO_FULL_TEST to run
test fixture_test_o3::scope_shadowing_in_block_wado ... ignored, set CI/WADO_FULL_TEST to run
test fixture_test_o3::scope_shadowing_same_block_wado ... ignored, set CI/WADO_FULL_TEST to run
test fixture_test_o3::scope_while_loop_var_not_visible_wado ... ignored, set CI/WADO_FULL_TEST to run
test fixture_test_o3::select_basic_wado ... ignored, set CI/WADO_FULL_TEST to run
test fixture_test_o3::select_extended_arms_wado ... ignored, set CI/WADO_FULL_TEST to run
test fixture_test_o3::select_no_opt_trapping_arms_wado ... ignored, set CI/WADO_FULL_TEST to run
test fixture_test_o3::select_no_opt_wado ... ignored, set CI/WADO_FULL_TEST to run
test fixture_test_o3::sequence_literal_custom_wado ... ignored, set CI/WADO_FULL_TEST to run
test fixture_test_o3::sequence_literal_fn_arg_wado ... ignored, set CI/WADO_FULL_TEST to run
test fixture_test_o3::sequence_literal_immutable_wado ... ignored, set CI/WADO_FULL_TEST to run
test fixture_test_o3::sequence_literal_newtype_wado ... ignored, set CI/WADO_FULL_TEST to run
test fixture_test_o3::serde_compile_error_no_deser_wado ... ignored, set CI/WADO_FULL_TEST to run
test fixture_test_o3::serde_compile_error_no_impl_wado ... ignored, set CI/WADO_FULL_TEST to run
test fixture_test_o3::serde_default_init_wado ... ignored, set CI/WADO_FULL_TEST to run
test fixture_test_o3::serde_deserialize_trait_wado ... ignored, set CI/WADO_FULL_TEST to run
test fixture_test_o3::serde_error_types_wado ... ignored, set CI/WADO_FULL_TEST to run
test fixture_test_o3::serde_full_json_serialize_wado ... ignored, set CI/WADO_FULL_TEST to run
test fixture_test_o3::serde_generic_trait_method_wado ... ignored, set CI/WADO_FULL_TEST to run
test fixture_test_o3::serde_json_array_string_wado ... ignored, set CI/WADO_FULL_TEST to run
test fixture_test_o3::serde_json_default_wado ... ignored, set CI/WADO_FULL_TEST to run
test fixture_test_o3::serde_json_deser_error_edge_wado ... ignored, set CI/WADO_FULL_TEST to run
test fixture_test_o3::serde_json_deser_error_wado ... ignored, set CI/WADO_FULL_TEST to run
test fixture_test_o3::serde_json_duplicate_fields_wado ... ignored, set CI/WADO_FULL_TEST to run
test fixture_test_o3::serde_json_error_kind_wado ... ignored, set CI/WADO_FULL_TEST to run
test fixture_test_o3::serde_json_int_types_wado ... ignored, set CI/WADO_FULL_TEST to run
test fixture_test_o3::serde_json_large_int_wado ... ignored, set CI/WADO_FULL_TEST to run
test fixture_test_o3::serde_json_multi_type_deser_wado ... ignored, set CI/WADO_FULL_TEST to run
test fixture_test_o3::serde_json_nested_struct_wado ... ignored, set CI/WADO_FULL_TEST to run
test fixture_test_o3::serde_json_option_array_fields_wado ... ignored, set CI/WADO_FULL_TEST to run
test fixture_test_o3::serde_json_primitives_wado ... ignored, set CI/WADO_FULL_TEST to run
test fixture_test_o3::serde_json_rename_all_wado ... ignored, set CI/WADO_FULL_TEST to run
test fixture_test_o3::serde_json_rename_wado ... ignored, set CI/WADO_FULL_TEST to run
test fixture_test_o3::serde_json_result_wado ... ignored, set CI/WADO_FULL_TEST to run
test fixture_test_o3::serde_json_roundtrip_complex_wado ... ignored, set CI/WADO_FULL_TEST to run
test fixture_test_o3::serde_json_scientific_notation_wado ... ignored, set CI/WADO_FULL_TEST to run
test fixture_test_o3::serde_json_ser_error_wado ... ignored, set CI/WADO_FULL_TEST to run
test fixture_test_o3::serde_json_string_escape_wado ... ignored, set CI/WADO_FULL_TEST to run
test fixture_test_o3::serde_json_struct_deser_o2_wado ... ignored, set CI/WADO_FULL_TEST to run
test fixture_test_o3::serde_json_struct_no_closure_wado ... ignored, set CI/WADO_FULL_TEST to run
test fixture_test_o3::serde_json_synth_enum_wado ... ignored, set CI/WADO_FULL_TEST to run
test fixture_test_o3::serde_json_synth_flags_wado ... ignored, set CI/WADO_FULL_TEST to run
test fixture_test_o3::serde_json_synth_variant_wado ... ignored, set CI/WADO_FULL_TEST to run
test fixture_test_o3::serde_json_treemap_wado ... ignored, set CI/WADO_FULL_TEST to run
test fixture_test_o3::serde_json_tuple_wado ... ignored, set CI/WADO_FULL_TEST to run
test fixture_test_o3::serde_json_unknown_fields_wado ... ignored, set CI/WADO_FULL_TEST to run
test fixture_test_o3::serde_ndjson_wrapper_wado ... ignored, set CI/WADO_FULL_TEST to run
test fixture_test_o3::serde_serialize_array_wado ... ignored, set CI/WADO_FULL_TEST to run
test fixture_test_o3::serde_serialize_enum_wado ... ignored, set CI/WADO_FULL_TEST to run
test fixture_test_o3::serde_serialize_option_wado ... ignored, set CI/WADO_FULL_TEST to run
test fixture_test_o3::serde_serialize_struct_wado ... ignored, set CI/WADO_FULL_TEST to run
test fixture_test_o3::serde_serialize_trait_wado ... ignored, set CI/WADO_FULL_TEST to run
test fixture_test_o3::serde_serialize_variant_wado ... ignored, set CI/WADO_FULL_TEST to run
test fixture_test_o3::serde_sub_serializer_wado ... ignored, set CI/WADO_FULL_TEST to run
test fixture_test_o3::serde_synth_propagates_begin_struct_error_wado ... ignored, set CI/WADO_FULL_TEST to run
test fixture_test_o3::serde_synth_wado ... ignored, set CI/WADO_FULL_TEST to run
test fixture_test_o3::shebang_basic_wado ... ignored, set CI/WADO_FULL_TEST to run
test fixture_test_o3::short_circuit_wado ... ignored, set CI/WADO_FULL_TEST to run
test fixture_test_o3::simd_basic_wado ... ignored, set CI/WADO_FULL_TEST to run
test fixture_test_o3::simd_v128_inspect_wado ... ignored, set CI/WADO_FULL_TEST to run
test fixture_test_o3::single_module_variant_iter_wado ... ignored, set CI/WADO_FULL_TEST to run
test fixture_test_o3::static_1_wado ... ignored, set CI/WADO_FULL_TEST to run
test fixture_test_o3::static_2_wado ... ignored, set CI/WADO_FULL_TEST to run
test fixture_test_o3::static_method_in_generic_context_wado ... ignored, set CI/WADO_FULL_TEST to run
test fixture_test_o3::static_method_trait_bound_error_wado ... ignored, set CI/WADO_FULL_TEST to run
test fixture_test_o3::store_to_load_forwarding_wado ... ignored, set CI/WADO_FULL_TEST to run
test fixture_test_o3::stores_basic_wado ... ignored, set CI/WADO_FULL_TEST to run
test fixture_test_o3::stores_fn_type_with_effect_param_wado ... ignored, set CI/WADO_FULL_TEST to run
test fixture_test_o3::stores_grammar_relaxed_wado ... ignored, set CI/WADO_FULL_TEST to run
test fixture_test_o3::stores_optimize_field_forward_wado ... ignored, set CI/WADO_FULL_TEST to run
test fixture_test_o3::stores_optimize_mixed_calls_wado ... ignored, set CI/WADO_FULL_TEST to run
test fixture_test_o3::stores_optimize_multiple_non_stores_wado ... ignored, set CI/WADO_FULL_TEST to run
test fixture_test_o3::stores_optimize_with_stores_no_forward_wado ... ignored, set CI/WADO_FULL_TEST to run
test fixture_test_o3::stores_self_violation_wado ... ignored, set CI/WADO_FULL_TEST to run
test fixture_test_o3::stores_self_wado ... ignored, set CI/WADO_FULL_TEST to run
test fixture_test_o3::stores_validation_error_wado ... ignored, set CI/WADO_FULL_TEST to run
test fixture_test_o3::stores_validation_unknown_wado ... ignored, set CI/WADO_FULL_TEST to run
test fixture_test_o3::stores_violation_global_wado ... ignored, set CI/WADO_FULL_TEST to run
test fixture_test_o3::stores_violation_return_wado ... ignored, set CI/WADO_FULL_TEST to run
test fixture_test_o3::stores_violation_struct_wado ... ignored, set CI/WADO_FULL_TEST to run
test fixture_test_o3::stores_with_effects_wado ... ignored, set CI/WADO_FULL_TEST to run
test fixture_test_o3::stream_cm_future_drop_wado ... ignored, set CI/WADO_FULL_TEST to run
test fixture_test_o3::stream_cm_stderr_write_wado ... ignored, set CI/WADO_FULL_TEST to run
test fixture_test_o3::stream_cm_stdin_pipe_wado ... ignored, set CI/WADO_FULL_TEST to run
test fixture_test_o3::stream_cm_stdin_read_wado ... ignored, set CI/WADO_FULL_TEST to run
test fixture_test_o3::stream_future_types_wado ... ignored, set CI/WADO_FULL_TEST to run
test fixture_test_o3::stream_http_echo_wado ... ignored, set CI/WADO_FULL_TEST to run
test fixture_test_o3::stream_http_read_request_body_wado ... ignored, set CI/WADO_FULL_TEST to run
test fixture_test_o3::stream_http_response_body_multi_wado ... ignored, set CI/WADO_FULL_TEST to run
test fixture_test_o3::stream_http_response_body_string_wado ... ignored, set CI/WADO_FULL_TEST to run
test fixture_test_o3::stream_http_response_body_wado ... ignored, set CI/WADO_FULL_TEST to run
test fixture_test_o3::stream_new_pair_wado ... ignored, set CI/WADO_FULL_TEST to run
test fixture_test_o3::stream_read_basic_wado ... ignored, set CI/WADO_FULL_TEST to run
test fixture_test_o3::stream_read_eof_wado ... ignored, set CI/WADO_FULL_TEST to run
test fixture_test_o3::stream_read_multiple_wado ... ignored, set CI/WADO_FULL_TEST to run
test fixture_test_o3::stream_readable_close_wado ... ignored, set CI/WADO_FULL_TEST to run
test fixture_test_o3::stream_writable_close_wado ... ignored, set CI/WADO_FULL_TEST to run
test fixture_test_o3::stream_writable_type_wado ... ignored, set CI/WADO_FULL_TEST to run
test fixture_test_o3::stream_write_hello_wado ... ignored, set CI/WADO_FULL_TEST to run
test fixture_test_o3::stream_write_multiple_wado ... ignored, set CI/WADO_FULL_TEST to run
test fixture_test_o3::stream_write_via_stream_wado ... ignored, set CI/WADO_FULL_TEST to run
test fixture_test_o3::string_from_utf8_lossy_newtype_wado ... ignored, set CI/WADO_FULL_TEST to run
test fixture_test_o3::string_insert_panic_boundary_wado ... ignored, set CI/WADO_FULL_TEST to run
test fixture_test_o3::string_insert_str_panic_boundary_wado ... ignored, set CI/WADO_FULL_TEST to run
test fixture_test_o3::string_multiline_wado ... ignored, set CI/WADO_FULL_TEST to run
test fixture_test_o3::string_remove_panic_boundary_wado ... ignored, set CI/WADO_FULL_TEST to run
test fixture_test_o3::string_remove_panic_oob_wado ... ignored, set CI/WADO_FULL_TEST to run
test fixture_test_o3::string_substr_bytes_panic_boundary_wado ... ignored, set CI/WADO_FULL_TEST to run
test fixture_test_o3::string_substr_bytes_panic_oob_wado ... ignored, set CI/WADO_FULL_TEST to run
test fixture_test_o3::string_truncate_panic_wado ... ignored, set CI/WADO_FULL_TEST to run
test fixture_test_o3::struct_1_wado ... ignored, set CI/WADO_FULL_TEST to run
test fixture_test_o3::struct_2_wado ... ignored, set CI/WADO_FULL_TEST to run
test fixture_test_o3::struct_destruct_exhaustive_error_wado ... ignored, set CI/WADO_FULL_TEST to run
test fixture_test_o3::struct_destruct_named_type_error_wado ... ignored, set CI/WADO_FULL_TEST to run
test fixture_test_o3::struct_eq_auto_generic_wado ... ignored, set CI/WADO_FULL_TEST to run
test fixture_test_o3::struct_eq_auto_ord_wado ... ignored, set CI/WADO_FULL_TEST to run
test fixture_test_o3::struct_eq_auto_user_override_wado ... ignored, set CI/WADO_FULL_TEST to run
test fixture_test_o3::struct_eq_auto_variant_field_wado ... ignored, set CI/WADO_FULL_TEST to run
test fixture_test_o3::struct_eq_auto_wado ... ignored, set CI/WADO_FULL_TEST to run
test fixture_test_o3::struct_field_rebind_in_export_run_wado ... ignored, set CI/WADO_FULL_TEST to run
test fixture_test_o3::struct_implicit_error_no_type_wado ... ignored, set CI/WADO_FULL_TEST to run
test fixture_test_o3::struct_import_alias_wado ... ignored, set CI/WADO_FULL_TEST to run
test fixture_test_o3::struct_import_collision_wado ... ignored, set CI/WADO_FULL_TEST to run
test fixture_test_o3::struct_literal_restrict_error_wado ... ignored, set CI/WADO_FULL_TEST to run
test fixture_test_o3::struct_literal_string_key_destructure_wado ... ignored, set CI/WADO_FULL_TEST to run
test fixture_test_o3::struct_literal_string_key_expr_error_wado ... ignored, set CI/WADO_FULL_TEST to run
test fixture_test_o3::struct_literal_string_key_int_error_wado ... ignored, set CI/WADO_FULL_TEST to run
test fixture_test_o3::struct_literal_string_key_keyword_wado ... ignored, set CI/WADO_FULL_TEST to run
test fixture_test_o3::struct_literal_string_key_treemap_wado ... ignored, set CI/WADO_FULL_TEST to run
test fixture_test_o3::struct_literal_string_key_wado ... ignored, set CI/WADO_FULL_TEST to run
test fixture_test_o3::struct_literal_unknown_field_error_wado ... ignored, set CI/WADO_FULL_TEST to run
test fixture_test_o3::struct_literal_unknown_field_implicit_error_wado ... ignored, set CI/WADO_FULL_TEST to run
test fixture_test_o3::struct_name_conflict_wado ... ignored, set CI/WADO_FULL_TEST to run
test fixture_test_o3::switch_default_binding_wado ... ignored, set CI/WADO_FULL_TEST to run
test fixture_test_o3::template_inspect_default_cap_wado ... ignored, set CI/WADO_FULL_TEST to run
test fixture_test_o3::template_string_generic_wado ... ignored, set CI/WADO_FULL_TEST to run
test fixture_test_o3::template_string_option_loop_wado ... ignored, set CI/WADO_FULL_TEST to run
test fixture_test_o3::template_string_precision_wado ... ignored, set CI/WADO_FULL_TEST to run
test fixture_test_o3::template_string_wado ... ignored, set CI/WADO_FULL_TEST to run
test fixture_test_o3::temporary_mut_array_arg_wado ... ignored, set CI/WADO_FULL_TEST to run
test fixture_test_o3::test_decl_wado ... ignored, set CI/WADO_FULL_TEST to run
test fixture_test_o3::test_expect_trap_wado ... ignored, set CI/WADO_FULL_TEST to run
test fixture_test_o3::test_fail_wado ... ignored, set CI/WADO_FULL_TEST to run
test fixture_test_o3::test_imported_test_block_skipped_wado ... ignored, set CI/WADO_FULL_TEST to run
test fixture_test_o3::test_special_names_wado ... ignored, set CI/WADO_FULL_TEST to run
test fixture_test_o3::test_todo_wado ... ignored, set CI/WADO_FULL_TEST to run
test fixture_test_o3::test_unicode_names_wado ... ignored, set CI/WADO_FULL_TEST to run
test fixture_test_o3::test_world_variant_generic_run_wado ... ignored, set CI/WADO_FULL_TEST to run
test fixture_test_o3::test_world_variant_generic_wado ... ignored, set CI/WADO_FULL_TEST to run
test fixture_test_o3::test_world_variant_group_wado ... ignored, set CI/WADO_FULL_TEST to run
test fixture_test_o3::tir_optimize_bool_identity_wado ... ignored, set CI/WADO_FULL_TEST to run
test fixture_test_o3::tir_optimize_early_exit_guard_wado ... ignored, set CI/WADO_FULL_TEST to run
test fixture_test_o3::tir_optimize_short_circuit_bounds_wado ... ignored, set CI/WADO_FULL_TEST to run
test fixture_test_o3::tmpl_hoist_escape_mixed_wado ... ignored, set CI/WADO_FULL_TEST to run
test fixture_test_o3::tmpl_hoist_escape_safe_wado ... ignored, set CI/WADO_FULL_TEST to run
test fixture_test_o3::tmpl_hoist_escape_unsafe_wado ... ignored, set CI/WADO_FULL_TEST to run
test fixture_test_o3::tmpl_hoist_fmt_default_wado ... ignored, set CI/WADO_FULL_TEST to run
test fixture_test_o3::tmpl_hoist_fmt_edge_wado ... ignored, set CI/WADO_FULL_TEST to run
test fixture_test_o3::tmpl_hoist_fmt_mixed_wado ... ignored, set CI/WADO_FULL_TEST to run
test fixture_test_o3::tmpl_hoist_fmt_multi_default_wado ... ignored, set CI/WADO_FULL_TEST to run
test fixture_test_o3::tmpl_hoist_fmt_params_wado ... ignored, set CI/WADO_FULL_TEST to run
test fixture_test_o3::tmpl_hoist_fmt_specifier_wado ... ignored, set CI/WADO_FULL_TEST to run
test fixture_test_o3::tmpl_hoist_fmt_struct_wado ... ignored, set CI/WADO_FULL_TEST to run
test fixture_test_o3::tmpl_hoist_formatter_wado ... ignored, set CI/WADO_FULL_TEST to run
test fixture_test_o3::tmpl_hoist_loop_wado ... ignored, set CI/WADO_FULL_TEST to run
test fixture_test_o3::trait_basic_wado ... ignored, set CI/WADO_FULL_TEST to run
test fixture_test_o3::trait_bound_1_wado ... ignored, set CI/WADO_FULL_TEST to run
test fixture_test_o3::trait_bound_2_wado ... ignored, set CI/WADO_FULL_TEST to run
test fixture_test_o3::trait_bound_3_wado ... ignored, set CI/WADO_FULL_TEST to run
test fixture_test_o3::trait_bound_4_wado ... ignored, set CI/WADO_FULL_TEST to run
test fixture_test_o3::trait_bound_5_wado ... ignored, set CI/WADO_FULL_TEST to run
test fixture_test_o3::trait_bound_6_wado ... ignored, set CI/WADO_FULL_TEST to run
test fixture_test_o3::trait_bound_7_wado ... ignored, set CI/WADO_FULL_TEST to run
test fixture_test_o3::trait_bound_add_generic_wado ... ignored, set CI/WADO_FULL_TEST to run
test fixture_test_o3::trait_bound_array_ord_wado ... ignored, set CI/WADO_FULL_TEST to run
test fixture_test_o3::trait_bound_crossmod_fn_violation_wado ... ignored, set CI/WADO_FULL_TEST to run
test fixture_test_o3::trait_bound_crossmod_violation_wado ... ignored, set CI/WADO_FULL_TEST to run
test fixture_test_o3::trait_bound_crossmod_wado ... ignored, set CI/WADO_FULL_TEST to run
test fixture_test_o3::trait_bound_fn_violation_wado ... ignored, set CI/WADO_FULL_TEST to run
test fixture_test_o3::trait_bound_impl_block_violation_wado ... ignored, set CI/WADO_FULL_TEST to run
test fixture_test_o3::trait_bound_method_on_type_param_builtin_wado ... ignored, set CI/WADO_FULL_TEST to run
test fixture_test_o3::trait_bound_method_on_type_param_ref_wado ... ignored, set CI/WADO_FULL_TEST to run
test fixture_test_o3::trait_bound_multi_violation_wado ... ignored, set CI/WADO_FULL_TEST to run
test fixture_test_o3::trait_bound_ord_wado ... ignored, set CI/WADO_FULL_TEST to run
test fixture_test_o3::trait_bound_reason_field_wado ... ignored, set CI/WADO_FULL_TEST to run
test fixture_test_o3::trait_bound_reason_nested_wado ... ignored, set CI/WADO_FULL_TEST to run
test fixture_test_o3::trait_bound_sort_no_ord_wado ... ignored, set CI/WADO_FULL_TEST to run
test fixture_test_o3::trait_bound_struct_field_bounded_violation_wado ... ignored, set CI/WADO_FULL_TEST to run
test fixture_test_o3::trait_bound_violation_wado ... ignored, set CI/WADO_FULL_TEST to run
test fixture_test_o3::trait_default_assert_self_call_wado ... ignored, set CI/WADO_FULL_TEST to run
test fixture_test_o3::trait_default_assoc_type_wado ... ignored, set CI/WADO_FULL_TEST to run
test fixture_test_o3::trait_default_method_calls_t_default_crossmod_wado ... ignored, set CI/WADO_FULL_TEST to run
test fixture_test_o3::trait_default_method_calls_t_default_wado ... ignored, set CI/WADO_FULL_TEST to run
test fixture_test_o3::trait_default_method_generic_self_call_wado ... ignored, set CI/WADO_FULL_TEST to run
test fixture_test_o3::trait_default_method_type_param_wado ... ignored, set CI/WADO_FULL_TEST to run
test fixture_test_o3::trait_default_wado ... ignored, set CI/WADO_FULL_TEST to run
test fixture_test_o3::trait_generic_assoc_type_return_wado ... ignored, set CI/WADO_FULL_TEST to run
test fixture_test_o3::trait_generic_option_return_wado ... ignored, set CI/WADO_FULL_TEST to run
test fixture_test_o3::trait_inherent_priority_wado ... ignored, set CI/WADO_FULL_TEST to run
test fixture_test_o3::trait_method_calls_method_wado ... ignored, set CI/WADO_FULL_TEST to run
test fixture_test_o3::trait_method_generic_concrete_trait_arg_wado ... ignored, set CI/WADO_FULL_TEST to run
test fixture_test_o3::trait_method_generic_return_on_assoc_type_wado ... ignored, set CI/WADO_FULL_TEST to run
test fixture_test_o3::trait_multiple_traits_wado ... ignored, set CI/WADO_FULL_TEST to run
test fixture_test_o3::trait_multiple_wado ... ignored, set CI/WADO_FULL_TEST to run
test fixture_test_o3::trait_mut_self_wado ... ignored, set CI/WADO_FULL_TEST to run
test fixture_test_o3::trait_option_return_wado ... ignored, set CI/WADO_FULL_TEST to run
test fixture_test_o3::trait_static_method_via_type_path_wado ... ignored, set CI/WADO_FULL_TEST to run
test fixture_test_o3::trait_unit_return_wado ... ignored, set CI/WADO_FULL_TEST to run
test fixture_test_o3::treemap_btree2_wado ... ignored, set CI/WADO_FULL_TEST to run
test fixture_test_o3::treemap_btree_wado ... ignored, set CI/WADO_FULL_TEST to run
test fixture_test_o3::treemap_literal_basic_wado ... ignored, set CI/WADO_FULL_TEST to run
test fixture_test_o3::treemap_literal_cast_wado ... ignored, set CI/WADO_FULL_TEST to run
test fixture_test_o3::treemap_literal_empty_wado ... ignored, set CI/WADO_FULL_TEST to run
test fixture_test_o3::treemap_literal_error_non_string_key_wado ... ignored, set CI/WADO_FULL_TEST to run
test fixture_test_o3::treemap_literal_fn_arg_wado ... ignored, set CI/WADO_FULL_TEST to run
test fixture_test_o3::treemap_literal_mutable_wado ... ignored, set CI/WADO_FULL_TEST to run
test fixture_test_o3::treemap_literal_string_values_wado ... ignored, set CI/WADO_FULL_TEST to run
test fixture_test_o3::treeset_mut_ref_deep_wado ... ignored, set CI/WADO_FULL_TEST to run
test fixture_test_o3::try_merged_wado ... ignored, set CI/WADO_FULL_TEST to run
test fixture_test_o3::try_op_error_non_result_fn_wado ... ignored, set CI/WADO_FULL_TEST to run
test fixture_test_o3::try_op_error_on_non_result_wado ... ignored, set CI/WADO_FULL_TEST to run
test fixture_test_o3::try_op_error_option_in_result_fn_wado ... ignored, set CI/WADO_FULL_TEST to run
test fixture_test_o3::try_op_error_result_in_option_fn_wado ... ignored, set CI/WADO_FULL_TEST to run
test fixture_test_o3::try_op_generic_method_call_wado ... ignored, set CI/WADO_FULL_TEST to run
test fixture_test_o3::tuple_1_wado ... ignored, set CI/WADO_FULL_TEST to run
test fixture_test_o3::tuple_2_wado ... ignored, set CI/WADO_FULL_TEST to run
test fixture_test_o3::tuple_destruct_error_mismatch_wado ... ignored, set CI/WADO_FULL_TEST to run
test fixture_test_o3::tuple_destruct_rest_wado ... ignored, set CI/WADO_FULL_TEST to run
test fixture_test_o3::tuple_elision_multivalue_wado ... ignored, set CI/WADO_FULL_TEST to run
test fixture_test_o3::tuple_error_index_out_of_bounds_wado ... ignored, set CI/WADO_FULL_TEST to run
test fixture_test_o3::tuple_error_length_mismatch_wado ... ignored, set CI/WADO_FULL_TEST to run
test fixture_test_o3::tuple_error_variable_index_wado ... ignored, set CI/WADO_FULL_TEST to run
test fixture_test_o3::tuple_for_of_break_wado ... ignored, set CI/WADO_FULL_TEST to run
test fixture_test_o3::tuple_for_of_continue_wado ... ignored, set CI/WADO_FULL_TEST to run
test fixture_test_o3::tuple_for_of_ref_wado ... ignored, set CI/WADO_FULL_TEST to run
test fixture_test_o3::tuple_for_of_return_wado ... ignored, set CI/WADO_FULL_TEST to run
test fixture_test_o3::tuple_for_of_wado ... ignored, set CI/WADO_FULL_TEST to run
test fixture_test_o3::tuple_literal_expected_type_in_branch_wado ... ignored, set CI/WADO_FULL_TEST to run
test fixture_test_o3::tuple_name_collision_2_wado ... ignored, set CI/WADO_FULL_TEST to run
test fixture_test_o3::tuple_name_collision_wado ... ignored, set CI/WADO_FULL_TEST to run
test fixture_test_o3::tuple_zip_wado ... ignored, set CI/WADO_FULL_TEST to run
test fixture_test_o3::type_cast_wado ... ignored, set CI/WADO_FULL_TEST to run
test fixture_test_o3::type_param_omission_cross_module_wado ... ignored, set CI/WADO_FULL_TEST to run
test fixture_test_o3::type_param_omission_free_fn_wado ... ignored, set CI/WADO_FULL_TEST to run
test fixture_test_o3::type_param_omission_instance_method_wado ... ignored, set CI/WADO_FULL_TEST to run
test fixture_test_o3::type_param_omission_static_method_wado ... ignored, set CI/WADO_FULL_TEST to run
test fixture_test_o3::type_param_omission_two_t_coerce_wado ... ignored, set CI/WADO_FULL_TEST to run
test fixture_test_o3::typecheck_assignment_wrong_type_wado ... ignored, set CI/WADO_FULL_TEST to run
test fixture_test_o3::typecheck_auto_deref_array_elem_wado ... ignored, set CI/WADO_FULL_TEST to run
test fixture_test_o3::typecheck_auto_deref_assign_wado ... ignored, set CI/WADO_FULL_TEST to run
test fixture_test_o3::typecheck_auto_deref_binary_op_wado ... ignored, set CI/WADO_FULL_TEST to run
test fixture_test_o3::typecheck_auto_deref_closure_arg_wado ... ignored, set CI/WADO_FULL_TEST to run
test fixture_test_o3::typecheck_auto_deref_comparison_wado ... ignored, set CI/WADO_FULL_TEST to run
test fixture_test_o3::typecheck_auto_deref_fn_arg_wado ... ignored, set CI/WADO_FULL_TEST to run
test fixture_test_o3::typecheck_auto_deref_generic_fn_wado ... ignored, set CI/WADO_FULL_TEST to run
test fixture_test_o3::typecheck_auto_deref_index_wado ... ignored, set CI/WADO_FULL_TEST to run
test fixture_test_o3::typecheck_auto_deref_let_binding_wado ... ignored, set CI/WADO_FULL_TEST to run
test fixture_test_o3::typecheck_auto_deref_nested_wado ... ignored, set CI/WADO_FULL_TEST to run
test fixture_test_o3::typecheck_auto_deref_return_wado ... ignored, set CI/WADO_FULL_TEST to run
test fixture_test_o3::typecheck_auto_deref_struct_field_wado ... ignored, set CI/WADO_FULL_TEST to run
test fixture_test_o3::typecheck_binop_add_f32_f64_wado ... ignored, set CI/WADO_FULL_TEST to run
test fixture_test_o3::typecheck_binop_add_i32_f32_wado ... ignored, set CI/WADO_FULL_TEST to run
test fixture_test_o3::typecheck_binop_add_i32_i64_wado ... ignored, set CI/WADO_FULL_TEST to run
test fixture_test_o3::typecheck_binop_add_i32_u32_wado ... ignored, set CI/WADO_FULL_TEST to run
test fixture_test_o3::typecheck_binop_add_u32_u64_wado ... ignored, set CI/WADO_FULL_TEST to run
test fixture_test_o3::typecheck_binop_eq_generic_vs_primitive_wado ... ignored, set CI/WADO_FULL_TEST to run
test fixture_test_o3::typecheck_binop_eq_i32_i64_wado ... ignored, set CI/WADO_FULL_TEST to run
test fixture_test_o3::typecheck_binop_fn_eq_wado ... ignored, set CI/WADO_FULL_TEST to run
test fixture_test_o3::typecheck_binop_shl_u64_i32_wado ... ignored, set CI/WADO_FULL_TEST to run
test fixture_test_o3::typecheck_binop_shr_i64_u32_wado ... ignored, set CI/WADO_FULL_TEST to run
test fixture_test_o3::typecheck_deref_nonref_wado ... ignored, set CI/WADO_FULL_TEST to run
test fixture_test_o3::typecheck_fn_arg_wrong_struct_wado ... ignored, set CI/WADO_FULL_TEST to run
test fixture_test_o3::typecheck_fn_arg_wrong_type_wado ... ignored, set CI/WADO_FULL_TEST to run
test fixture_test_o3::typecheck_generic_instance_mismatch_wado ... ignored, set CI/WADO_FULL_TEST to run
test fixture_test_o3::typecheck_global_init_wrong_type_wado ... ignored, set CI/WADO_FULL_TEST to run
test fixture_test_o3::typecheck_if_expr_branch_wado ... ignored, set CI/WADO_FULL_TEST to run
test fixture_test_o3::typecheck_if_expr_missing_else_wado ... ignored, set CI/WADO_FULL_TEST to run
test fixture_test_o3::typecheck_let_annotation_wrong_type_wado ... ignored, set CI/WADO_FULL_TEST to run
test fixture_test_o3::typecheck_newtype_assign_base_wado ... ignored, set CI/WADO_FULL_TEST to run
test fixture_test_o3::typecheck_newtype_assign_to_base_wado ... ignored, set CI/WADO_FULL_TEST to run
test fixture_test_o3::typecheck_newtype_chained_method_wado ... ignored, set CI/WADO_FULL_TEST to run
test fixture_test_o3::typecheck_newtype_method_byvalue_reverse_wado ... ignored, set CI/WADO_FULL_TEST to run
test fixture_test_o3::typecheck_newtype_method_byvalue_wado ... ignored, set CI/WADO_FULL_TEST to run
test fixture_test_o3::typecheck_newtype_method_ref_reverse_wado ... ignored, set CI/WADO_FULL_TEST to run
test fixture_test_o3::typecheck_newtype_method_ref_wado ... ignored, set CI/WADO_FULL_TEST to run
test fixture_test_o3::typecheck_newtype_mix_types_wado ... ignored, set CI/WADO_FULL_TEST to run
test fixture_test_o3::typecheck_newtype_multiple_params_wado ... ignored, set CI/WADO_FULL_TEST to run
test fixture_test_o3::typecheck_newtype_operator_mix_wado ... ignored, set CI/WADO_FULL_TEST to run
test fixture_test_o3::typecheck_newtype_return_type_wado ... ignored, set CI/WADO_FULL_TEST to run
test fixture_test_o3::typecheck_newtype_string_coercion_wado ... ignored, set CI/WADO_FULL_TEST to run
test fixture_test_o3::typecheck_option_coerce_struct_field_wado ... ignored, set CI/WADO_FULL_TEST to run
test fixture_test_o3::typecheck_option_mismatch_struct_field_wado ... ignored, set CI/WADO_FULL_TEST to run
test fixture_test_o3::typecheck_ref_deref_shared_yields_mut_wado ... ignored, set CI/WADO_FULL_TEST to run
test fixture_test_o3::typecheck_return_cross_module_wado ... ignored, set CI/WADO_FULL_TEST to run
test fixture_test_o3::typecheck_return_type_wado ... ignored, set CI/WADO_FULL_TEST to run
test fixture_test_o3::typecheck_struct_field_wrong_type_wado ... ignored, set CI/WADO_FULL_TEST to run
test fixture_test_o3::typecheck_submodule_generic_type_wado ... ignored, set CI/WADO_FULL_TEST to run
test fixture_test_o3::typecheck_submodule_type_wado ... ignored, set CI/WADO_FULL_TEST to run
test fixture_test_o3::typecheck_treemap_literal_hetero_values_wado ... ignored, set CI/WADO_FULL_TEST to run
test fixture_test_o3::typecheck_tuple_type_wado ... ignored, set CI/WADO_FULL_TEST to run
test fixture_test_o3::typecheck_variant_ref_coercion_wado ... ignored, set CI/WADO_FULL_TEST to run
test fixture_test_o3::u64_arithmetic_wado ... ignored, set CI/WADO_FULL_TEST to run
test fixture_test_o3::unary_neg_float_wado ... ignored, set CI/WADO_FULL_TEST to run
test fixture_test_o3::unicode_incomplete_surrogate_pair_wado ... ignored, set CI/WADO_FULL_TEST to run
test fixture_test_o3::unicode_invalid_codepoint_wado ... ignored, set CI/WADO_FULL_TEST to run
test fixture_test_o3::unicode_lone_surrogate_braces_wado ... ignored, set CI/WADO_FULL_TEST to run
test fixture_test_o3::unicode_surrogate_not_followed_by_low_wado ... ignored, set CI/WADO_FULL_TEST to run
test fixture_test_o3::use_invalid_module_path_wado ... ignored, set CI/WADO_FULL_TEST to run
test fixture_test_o3::use_local_module_wado ... ignored, set CI/WADO_FULL_TEST to run
test fixture_test_o3::use_unknown_namespace_wado ... ignored, set CI/WADO_FULL_TEST to run
test fixture_test_o3::user_effect_smoke_wado ... ignored, set CI/WADO_FULL_TEST to run
test fixture_test_o3::user_func_wado ... ignored, set CI/WADO_FULL_TEST to run
test fixture_test_o3::user_function_call_wado ... ignored, set CI/WADO_FULL_TEST to run
test fixture_test_o3::user_resource_smoke_wado ... ignored, set CI/WADO_FULL_TEST to run
test fixture_test_o3::user_world_smoke_wado ... ignored, set CI/WADO_FULL_TEST to run
test fixture_test_o3::value_copy_builtin_array_wado ... ignored, set CI/WADO_FULL_TEST to run
test fixture_test_o3::value_copy_demote_element_mut_wado ... ignored, set CI/WADO_FULL_TEST to run
test fixture_test_o3::value_copy_demote_mixed_sites_wado ... ignored, set CI/WADO_FULL_TEST to run
test fixture_test_o3::value_copy_demote_wado ... ignored, set CI/WADO_FULL_TEST to run
test fixture_test_o3::value_copy_elide_qmark_wado ... ignored, set CI/WADO_FULL_TEST to run
test fixture_test_o3::value_copy_iterator_fresh_elision_wado ... ignored, set CI/WADO_FULL_TEST to run
test fixture_test_o3::value_copy_nested_array_helper_chain_wado ... ignored, set CI/WADO_FULL_TEST to run
test fixture_test_o3::value_copy_nested_struct_wado ... ignored, set CI/WADO_FULL_TEST to run
test fixture_test_o3::value_semantics_wado ... ignored, set CI/WADO_FULL_TEST to run
test fixture_test_o3::var_uninit_loop_not_guaranteed_error_wado ... ignored, set CI/WADO_FULL_TEST to run
test fixture_test_o3::var_uninit_missing_else_error_wado ... ignored, set CI/WADO_FULL_TEST to run
test fixture_test_o3::var_uninit_no_assign_error_wado ... ignored, set CI/WADO_FULL_TEST to run
test fixture_test_o3::var_uninit_no_type_annotation_error_wado ... ignored, set CI/WADO_FULL_TEST to run
test fixture_test_o3::var_uninit_partial_match_error_wado ... ignored, set CI/WADO_FULL_TEST to run
test fixture_test_o3::var_uninit_valid_wado ... ignored, set CI/WADO_FULL_TEST to run
test fixture_test_o3::variadic_1_wado ... ignored, set CI/WADO_FULL_TEST to run
test fixture_test_o3::variadic_2_wado ... ignored, set CI/WADO_FULL_TEST to run
test fixture_test_o3::variadic_3_wado ... ignored, set CI/WADO_FULL_TEST to run
test fixture_test_o3::variadic_concat_wado ... ignored, set CI/WADO_FULL_TEST to run
test fixture_test_o3::variadic_deserialize_wado ... ignored, set CI/WADO_FULL_TEST to run
test fixture_test_o3::variadic_ellipsis_error_wado ... ignored, set CI/WADO_FULL_TEST to run
test fixture_test_o3::variadic_for_of_generic_method_wado ... ignored, set CI/WADO_FULL_TEST to run
test fixture_test_o3::variadic_for_of_ref_wado ... ignored, set CI/WADO_FULL_TEST to run
test fixture_test_o3::variadic_impl_method_type_param_wado ... ignored, set CI/WADO_FULL_TEST to run
test fixture_test_o3::variadic_parse_error_effect_pack_wado ... ignored, set CI/WADO_FULL_TEST to run
test fixture_test_o3::variadic_parse_error_two_packs_wado ... ignored, set CI/WADO_FULL_TEST to run
test fixture_test_o3::variadic_trait_bound_wado ... ignored, set CI/WADO_FULL_TEST to run
test fixture_test_o3::variant_construct_wado ... ignored, set CI/WADO_FULL_TEST to run
test fixture_test_o3::variant_construct_with_payload_wado ... ignored, set CI/WADO_FULL_TEST to run
test fixture_test_o3::variant_cross_module_pattern_wado ... ignored, set CI/WADO_FULL_TEST to run
test fixture_test_o3::variant_custom_decl_wado ... ignored, set CI/WADO_FULL_TEST to run
test fixture_test_o3::variant_deref_cross_module_wado ... ignored, set CI/WADO_FULL_TEST to run
test fixture_test_o3::variant_eq_auto_generic_wado ... ignored, set CI/WADO_FULL_TEST to run
test fixture_test_o3::variant_eq_auto_recursive_wado ... ignored, set CI/WADO_FULL_TEST to run
test fixture_test_o3::variant_eq_auto_wado ... ignored, set CI/WADO_FULL_TEST to run
test fixture_test_o3::variant_eq_user_impl_wado ... ignored, set CI/WADO_FULL_TEST to run
test fixture_test_o3::variant_f64_payload_wado ... ignored, set CI/WADO_FULL_TEST to run
test fixture_test_o3::variant_if_let_basic_wado ... ignored, set CI/WADO_FULL_TEST to run
test fixture_test_o3::variant_import_module_wado ... ignored, set CI/WADO_FULL_TEST to run
test fixture_test_o3::variant_import_mut_wado ... ignored, set CI/WADO_FULL_TEST to run
test fixture_test_o3::variant_import_struct_module_wado ... ignored, set CI/WADO_FULL_TEST to run
test fixture_test_o3::variant_import_struct_simple_wado ... ignored, set CI/WADO_FULL_TEST to run
test fixture_test_o3::variant_import_struct_wado ... ignored, set CI/WADO_FULL_TEST to run
test fixture_test_o3::variant_import_value_wado ... ignored, set CI/WADO_FULL_TEST to run
test fixture_test_o3::variant_import_wado ... ignored, set CI/WADO_FULL_TEST to run
test fixture_test_o3::variant_in_struct_field_wado ... ignored, set CI/WADO_FULL_TEST to run
test fixture_test_o3::variant_in_struct_match_module_wado ... ignored, set CI/WADO_FULL_TEST to run
test fixture_test_o3::variant_in_struct_match_wado ... ignored, set CI/WADO_FULL_TEST to run
test fixture_test_o3::variant_in_struct_simple_module_wado ... ignored, set CI/WADO_FULL_TEST to run
test fixture_test_o3::variant_in_struct_simple_wado ... ignored, set CI/WADO_FULL_TEST to run
test fixture_test_o3::variant_infer_wado ... ignored, set CI/WADO_FULL_TEST to run
test fixture_test_o3::variant_option_of_variant_wado ... ignored, set CI/WADO_FULL_TEST to run
test fixture_test_o3::variant_qualified_pattern_wado ... ignored, set CI/WADO_FULL_TEST to run
test fixture_test_o3::variant_recursive_struct_payload_constructor_wado ... ignored, set CI/WADO_FULL_TEST to run
test fixture_test_o3::variant_struct_concat_module_wado ... ignored, set CI/WADO_FULL_TEST to run
test fixture_test_o3::variant_struct_concat_wado ... ignored, set CI/WADO_FULL_TEST to run
test fixture_test_o3::variant_struct_string_module_wado ... ignored, set CI/WADO_FULL_TEST to run
test fixture_test_o3::variant_struct_string_wado ... ignored, set CI/WADO_FULL_TEST to run
test fixture_test_o3::variant_value_semantics_wado ... ignored, set CI/WADO_FULL_TEST to run
test fixture_test_o3::wasi_cli_terminal_wado ... ignored, set CI/WADO_FULL_TEST to run
test fixture_test_o3::wasi_cli_wado ... ignored, set CI/WADO_FULL_TEST to run
test fixture_test_o3::wasi_clocks_full_wado ... ignored, set CI/WADO_FULL_TEST to run
test fixture_test_o3::wasi_clocks_timezone_wado ... ignored, set CI/WADO_FULL_TEST to run
test fixture_test_o3::wasi_clocks_wado ... ignored, set CI/WADO_FULL_TEST to run
test fixture_test_o3::wasi_filesystem_advise_sync_wado ... ignored, set CI/WADO_FULL_TEST to run
test fixture_test_o3::wasi_filesystem_append_stream_wado ... ignored, set CI/WADO_FULL_TEST to run
test fixture_test_o3::wasi_filesystem_dir_ops_wado ... ignored, set CI/WADO_FULL_TEST to run
test fixture_test_o3::wasi_filesystem_get_type_wado ... ignored, set CI/WADO_FULL_TEST to run
test fixture_test_o3::wasi_filesystem_metadata_hash_wado ... ignored, set CI/WADO_FULL_TEST to run
test fixture_test_o3::wasi_filesystem_open_at_wado ... ignored, set CI/WADO_FULL_TEST to run
test fixture_test_o3::wasi_filesystem_open_flags_wado ... ignored, set CI/WADO_FULL_TEST to run
test fixture_test_o3::wasi_filesystem_read_stream_wado ... ignored, set CI/WADO_FULL_TEST to run
test fixture_test_o3::wasi_filesystem_read_transform_stream_wado ... ignored, set CI/WADO_FULL_TEST to run
test fixture_test_o3::wasi_filesystem_rename_unlink_wado ... ignored, set CI/WADO_FULL_TEST to run
test fixture_test_o3::wasi_filesystem_set_size_wado ... ignored, set CI/WADO_FULL_TEST to run
test fixture_test_o3::wasi_filesystem_set_times_wado ... ignored, set CI/WADO_FULL_TEST to run
test fixture_test_o3::wasi_filesystem_stat_wado ... ignored, set CI/WADO_FULL_TEST to run
test fixture_test_o3::wasi_filesystem_symlink_wado ... ignored, set CI/WADO_FULL_TEST to run
test fixture_test_o3::wasi_filesystem_wado ... ignored, set CI/WADO_FULL_TEST to run
test fixture_test_o3::wasi_filesystem_write_stream_wado ... ignored, set CI/WADO_FULL_TEST to run
test fixture_test_o3::wasi_newtype_literal_wado ... ignored, set CI/WADO_FULL_TEST to run
test fixture_test_o3::wasi_random_wado ... ignored, set CI/WADO_FULL_TEST to run
test fixture_test_o3::wasi_sockets_import_wado ... ignored, set CI/WADO_FULL_TEST to run
test fixture_test_o3::wasi_tls_import_wado ... ignored, set CI/WADO_FULL_TEST to run
test fixture_test_o3::wasi_tls_mock_error_wado ... ignored, set CI/WADO_FULL_TEST to run
test fixture_test_o3::wasi_tls_mock_recv_wado ... ignored, set CI/WADO_FULL_TEST to run
test fixture_test_o3::wasi_tls_result_error_wado ... ignored, set CI/WADO_FULL_TEST to run
test fixture_test_o3::wasm_import_bad_import_wado ... ignored, set CI/WADO_FULL_TEST to run
test fixture_test_o3::wasm_import_has_start_wado ... ignored, set CI/WADO_FULL_TEST to run
test fixture_test_o3::wasm_import_invalid_wasm_wado ... ignored, set CI/WADO_FULL_TEST to run
test fixture_test_o3::wasm_import_invalid_wat_wado ... ignored, set CI/WADO_FULL_TEST to run
test fixture_test_o3::wasm_import_user_wasm_wado ... ignored, set CI/WADO_FULL_TEST to run
test fixture_test_o3::wasm_import_user_wat_wado ... ignored, set CI/WADO_FULL_TEST to run
test fixture_test_o3::wasm_instructions_float_math_wado ... ignored, set CI/WADO_FULL_TEST to run
test fixture_test_o3::wasm_name_conflict_closure_wado ... ignored, set CI/WADO_FULL_TEST to run
test fixture_test_o3::wasm_name_conflict_entry_struct_wado ... ignored, set CI/WADO_FULL_TEST to run
test fixture_test_o3::wasm_name_conflict_enum_wado ... ignored, set CI/WADO_FULL_TEST to run
test fixture_test_o3::wasm_name_conflict_free_fn_wado ... ignored, set CI/WADO_FULL_TEST to run
test fixture_test_o3::wasm_name_conflict_generic_fn_wado ... ignored, set CI/WADO_FULL_TEST to run
test fixture_test_o3::wasm_name_conflict_global_wado ... ignored, set CI/WADO_FULL_TEST to run
test fixture_test_o3::wasm_name_conflict_method_wado ... ignored, set CI/WADO_FULL_TEST to run
test fixture_test_o3::wasm_name_conflict_newtype_wado ... ignored, set CI/WADO_FULL_TEST to run
test fixture_test_o3::wasm_name_conflict_pub_use_alias_wado ... ignored, set CI/WADO_FULL_TEST to run
test fixture_test_o3::wasm_name_conflict_struct_wado ... ignored, set CI/WADO_FULL_TEST to run
test fixture_test_o3::wasm_name_conflict_trait_wado ... ignored, set CI/WADO_FULL_TEST to run
test fixture_test_o3::wasm_name_conflict_variant_wado ... ignored, set CI/WADO_FULL_TEST to run
test fixture_test_o3::while_merged_wado ... ignored, set CI/WADO_FULL_TEST to run
test fixture_test_o3::wildcard_import_no_bind_wado ... ignored, set CI/WADO_FULL_TEST to run
test fixture_test_o3::wildcard_import_wado ... ignored, set CI/WADO_FULL_TEST to run
test fixture_test_o3::wir_issue6_circular_struct_variant_wado ... ignored, set CI/WADO_FULL_TEST to run
test fixture_test_o3::wir_issue8_cross_module_variant_wado ... ignored, set CI/WADO_FULL_TEST to run
test fixture_test_o3::wir_optimize_branchless_increment_wado ... ignored, set CI/WADO_FULL_TEST to run
test fixture_test_o3::wir_optimize_copy_prop_destructure_wado ... ignored, set CI/WADO_FULL_TEST to run
test fixture_test_o3::wir_optimize_cse_wado ... ignored, set CI/WADO_FULL_TEST to run
test fixture_test_o3::wir_optimize_dae_wado ... ignored, set CI/WADO_FULL_TEST to run
test fixture_test_o3::wir_optimize_dce_orphan_push_wado ... ignored, set CI/WADO_FULL_TEST to run
test fixture_test_o3::wir_optimize_labeled_block_copy_prop_safety_wado ... ignored, set CI/WADO_FULL_TEST to run
test fixture_test_o3::wir_optimize_labeled_block_copy_prop_wado ... ignored, set CI/WADO_FULL_TEST to run
test fixture_test_o3::wir_optimize_negate_eqz_wado ... ignored, set CI/WADO_FULL_TEST to run
test fixture_test_o3::wir_optimize_unwrap_fresh_elision_edge_wado ... ignored, set CI/WADO_FULL_TEST to run
test fixture_test_o3::wir_optimize_unwrap_fresh_elision_wado ... ignored, set CI/WADO_FULL_TEST to run
test fixture_test_o3::wir_optimize_value_copy_call_arg_needed_wado ... ignored, set CI/WADO_FULL_TEST to run
test fixture_test_o3::wir_optimize_value_copy_chained_field_wado ... ignored, set CI/WADO_FULL_TEST to run
test fixture_test_o3::wir_optimize_value_copy_if_fresh_wado ... ignored, set CI/WADO_FULL_TEST to run
test fixture_test_o3::wir_optimize_value_copy_match_fresh_wado ... ignored, set CI/WADO_FULL_TEST to run
test fixture_test_o3::wir_optimize_value_copy_multivalue_fresh_wado ... ignored, set CI/WADO_FULL_TEST to run
test fixture_test_o3::wir_optimize_value_copy_mutation_needed_wado ... ignored, set CI/WADO_FULL_TEST to run
test fixture_test_o3::wir_optimize_value_copy_str_bytes_loop_wado ... ignored, set CI/WADO_FULL_TEST to run
test fixture_test_o3::wir_optimize_value_copy_variant_read_wado ... ignored, set CI/WADO_FULL_TEST to run
test fixture_test_o3::wir_optimize_vcopy_deref_snapshot_wado ... ignored, set CI/WADO_FULL_TEST to run
test fixture_test_o3::wir_optimize_vcopy_into_struct_wado ... ignored, set CI/WADO_FULL_TEST to run
test fixture_test_o3::wir_optimize_vcopy_return_struct_wado ... ignored, set CI/WADO_FULL_TEST to run
test fixture_test_o3::with_handler_body_return_is_definite_exit_wado ... ignored, set CI/WADO_FULL_TEST to run
test fixture_test_os::allocator_debug_poison_wado ... ignored, set CI/WADO_FULL_TEST to run
test fixture_test_os::allocator_free_rewind_wado ... ignored, set CI/WADO_FULL_TEST to run
test fixture_test_os::allocator_freelist_align_wado ... ignored, set CI/WADO_FULL_TEST to run
test fixture_test_os::allocator_freelist_bins_wado ... ignored, set CI/WADO_FULL_TEST to run
test fixture_test_os::allocator_freelist_churn_mixed_wado ... ignored, set CI/WADO_FULL_TEST to run
test fixture_test_os::allocator_freelist_churn_wado ... ignored, set CI/WADO_FULL_TEST to run
test fixture_test_os::allocator_freelist_coalesce_both_wado ... ignored, set CI/WADO_FULL_TEST to run
test fixture_test_os::allocator_freelist_coalesce_wado ... ignored, set CI/WADO_FULL_TEST to run
test fixture_test_os::allocator_freelist_double_free_wado ... ignored, set CI/WADO_FULL_TEST to run
test fixture_test_os::allocator_freelist_no_coalesce_wado ... ignored, set CI/WADO_FULL_TEST to run
test fixture_test_os::allocator_freelist_reclaim_wado ... ignored, set CI/WADO_FULL_TEST to run
test fixture_test_os::allocator_freelist_split_wado ... ignored, set CI/WADO_FULL_TEST to run
test fixture_test_os::allocator_freelist_zero_free_wado ... ignored, set CI/WADO_FULL_TEST to run
test fixture_test_os::allocator_grow_wado ... ignored, set CI/WADO_FULL_TEST to run
test fixture_test_os::anon_struct_basic_wado ... ignored, set CI/WADO_FULL_TEST to run
test fixture_test_os::anon_struct_nested_wado ... ignored, set CI/WADO_FULL_TEST to run
test fixture_test_os::anon_struct_shorthand_wado ... ignored, set CI/WADO_FULL_TEST to run
test fixture_test_os::anon_struct_structural_eq_wado ... ignored, set CI/WADO_FULL_TEST to run
test fixture_test_os::anon_struct_various_types_wado ... ignored, set CI/WADO_FULL_TEST to run
test fixture_test_os::array_append_collapse_wado ... ignored, set CI/WADO_FULL_TEST to run
test fixture_test_os::array_bounds_check_empty_wado ... ignored, set CI/WADO_FULL_TEST to run
test fixture_test_os::array_bounds_check_negative_wado ... ignored, set CI/WADO_FULL_TEST to run
test fixture_test_os::array_bounds_check_oob_read_wado ... ignored, set CI/WADO_FULL_TEST to run
test fixture_test_os::array_bounds_check_oob_write_wado ... ignored, set CI/WADO_FULL_TEST to run
test fixture_test_os::array_bounds_elim_const_wado ... ignored, set CI/WADO_FULL_TEST to run
test fixture_test_os::array_bounds_elim_const_wir_wado ... ignored, set CI/WADO_FULL_TEST to run
test fixture_test_os::array_bounds_elim_le_guard_wado ... ignored, set CI/WADO_FULL_TEST to run
test fixture_test_os::array_bounds_elim_le_guard_wir_wado ... ignored, set CI/WADO_FULL_TEST to run
test fixture_test_os::array_bounds_elim_loop_guard_wado ... ignored, set CI/WADO_FULL_TEST to run
test fixture_test_os::array_bounds_elim_loop_guard_wir_wado ... ignored, set CI/WADO_FULL_TEST to run
test fixture_test_os::array_bounds_elim_oob_after_mutation_wado ... ignored, set CI/WADO_FULL_TEST to run
test fixture_test_os::array_bounds_elim_oob_complex_wado ... ignored, set CI/WADO_FULL_TEST to run
test fixture_test_os::array_bounds_elim_oob_loop_dynamic_wado ... ignored, set CI/WADO_FULL_TEST to run
test fixture_test_os::array_bounds_elim_oob_preserved_wir_wado ... ignored, set CI/WADO_FULL_TEST to run
test fixture_test_os::array_bounds_elim_oob_simple_wado ... ignored, set CI/WADO_FULL_TEST to run
test fixture_test_os::array_bounds_wado ... ignored, set CI/WADO_FULL_TEST to run
test fixture_test_os::array_empty_wado ... ignored, set CI/WADO_FULL_TEST to run
test fixture_test_os::array_error_heterogeneous_wado ... ignored, set CI/WADO_FULL_TEST to run
test fixture_test_os::array_explicit_cast_wado ... ignored, set CI/WADO_FULL_TEST to run
test fixture_test_os::array_f64_wado ... ignored, set CI/WADO_FULL_TEST to run
test fixture_test_os::array_index_1_wado ... ignored, set CI/WADO_FULL_TEST to run
test fixture_test_os::array_index_2_wado ... ignored, set CI/WADO_FULL_TEST to run
test fixture_test_os::array_index_inline_method_wado ... ignored, set CI/WADO_FULL_TEST to run
test fixture_test_os::array_index_inline_recursive_wado ... ignored, set CI/WADO_FULL_TEST to run
test fixture_test_os::array_large_literal_dynamic_wado ... ignored, set CI/WADO_FULL_TEST to run
test fixture_test_os::array_literal_coerce_u8_wado ... ignored, set CI/WADO_FULL_TEST to run
test fixture_test_os::array_literal_nir_materialize_wado ... ignored, set CI/WADO_FULL_TEST to run
test fixture_test_os::array_literal_side_effect_element_wado ... ignored, set CI/WADO_FULL_TEST to run
test fixture_test_os::array_new_wado ... ignored, set CI/WADO_FULL_TEST to run
test fixture_test_os::array_of_generic_struct_wado ... ignored, set CI/WADO_FULL_TEST to run
test fixture_test_os::array_param_coercion_wado ... ignored, set CI/WADO_FULL_TEST to run
test fixture_test_os::array_return_wado ... ignored, set CI/WADO_FULL_TEST to run
test fixture_test_os::array_specialized_wado ... ignored, set CI/WADO_FULL_TEST to run
test fixture_test_os::array_string_wado ... ignored, set CI/WADO_FULL_TEST to run
test fixture_test_os::array_tuple_unit_wado ... ignored, set CI/WADO_FULL_TEST to run
test fixture_test_os::array_type_annotation_wado ... ignored, set CI/WADO_FULL_TEST to run
test fixture_test_os::assert_escape_in_condition_wado ... ignored, set CI/WADO_FULL_TEST to run
test fixture_test_os::assert_fail_call_arg_ident_wado ... ignored, set CI/WADO_FULL_TEST to run
test fixture_test_os::assert_fail_call_arg_side_effect_wado ... ignored, set CI/WADO_FULL_TEST to run
test fixture_test_os::assert_fail_call_arg_wado ... ignored, set CI/WADO_FULL_TEST to run
test fixture_test_os::assert_fail_intermediate_wado ... ignored, set CI/WADO_FULL_TEST to run
test fixture_test_os::assert_fail_mut_ref_arg_wado ... ignored, set CI/WADO_FULL_TEST to run
test fixture_test_os::assert_fail_side_effect_wado ... ignored, set CI/WADO_FULL_TEST to run
test fixture_test_os::assert_fail_simple_wado ... ignored, set CI/WADO_FULL_TEST to run
test fixture_test_os::assert_fail_with_message_wado ... ignored, set CI/WADO_FULL_TEST to run
test fixture_test_os::assert_inspect_char_wado ... ignored, set CI/WADO_FULL_TEST to run
test fixture_test_os::assert_inspect_enum_wado ... ignored, set CI/WADO_FULL_TEST to run
test fixture_test_os::assert_inspect_float_precision_wado ... ignored, set CI/WADO_FULL_TEST to run
test fixture_test_os::assert_inspect_float_wado ... ignored, set CI/WADO_FULL_TEST to run
test fixture_test_os::assert_inspect_if_wado ... ignored, set CI/WADO_FULL_TEST to run
test fixture_test_os::assert_inspect_matches_wado ... ignored, set CI/WADO_FULL_TEST to run
test fixture_test_os::assert_inspect_mut_ref_wado ... ignored, set CI/WADO_FULL_TEST to run
test fixture_test_os::assert_inspect_ref_wado ... ignored, set CI/WADO_FULL_TEST to run
test fixture_test_os::assert_inspect_string_wado ... ignored, set CI/WADO_FULL_TEST to run
test fixture_test_os::assert_inspect_struct_wado ... ignored, set CI/WADO_FULL_TEST to run
test fixture_test_os::assert_inspect_variant_wado ... ignored, set CI/WADO_FULL_TEST to run
test fixture_test_os::assert_pass_wado ... ignored, set CI/WADO_FULL_TEST to run
test fixture_test_os::assert_truncate_string_wado ... ignored, set CI/WADO_FULL_TEST to run
test fixture_test_os::assoc_projection_method_compose_wado ... ignored, set CI/WADO_FULL_TEST to run
test fixture_test_os::assoc_type_generic_param_projection_wado ... ignored, set CI/WADO_FULL_TEST to run
test fixture_test_os::assoc_type_projection_struct_field_wado ... ignored, set CI/WADO_FULL_TEST to run
test fixture_test_os::associated_const_wado ... ignored, set CI/WADO_FULL_TEST to run
test fixture_test_os::associated_type_1_wado ... ignored, set CI/WADO_FULL_TEST to run
test fixture_test_os::associated_type_2_wado ... ignored, set CI/WADO_FULL_TEST to run
test fixture_test_os::auto_deref_template_wado ... ignored, set CI/WADO_FULL_TEST to run
test fixture_test_os::auto_deref_wado ... ignored, set CI/WADO_FULL_TEST to run
test fixture_test_os::bind_error_duplicate_in_scope_wado ... ignored, set CI/WADO_FULL_TEST to run
test fixture_test_os::bind_error_module_wado ... ignored, set CI/WADO_FULL_TEST to run
test fixture_test_os::bind_error_use_before_define_wado ... ignored, set CI/WADO_FULL_TEST to run
test fixture_test_os::bitwise_merged_wado ... ignored, set CI/WADO_FULL_TEST to run
test fixture_test_os::bug_copy_prop_method_array_literal_arg_wado ... ignored, set CI/WADO_FULL_TEST to run
test fixture_test_os::bug_copy_prop_mut_param_rebind_wado ... ignored, set CI/WADO_FULL_TEST to run
test fixture_test_os::bug_mut_ref_after_continue_wado ... ignored, set CI/WADO_FULL_TEST to run
test fixture_test_os::bug_store_load_forward_mut_method_receiver_wado ... ignored, set CI/WADO_FULL_TEST to run
test fixture_test_os::builtin_v128_load_store_wado ... ignored, set CI/WADO_FULL_TEST to run
test fixture_test_os::callable_expr_arg_type_error_wado ... ignored, set CI/WADO_FULL_TEST to run
test fixture_test_os::callable_expr_arity_error_wado ... ignored, set CI/WADO_FULL_TEST to run
test fixture_test_os::callable_expr_not_callable_error_wado ... ignored, set CI/WADO_FULL_TEST to run
test fixture_test_os::callable_expr_wado ... ignored, set CI/WADO_FULL_TEST to run
test fixture_test_os::cast_deref_precedence_wado ... ignored, set CI/WADO_FULL_TEST to run
test fixture_test_os::cast_int64_to_int_wado ... ignored, set CI/WADO_FULL_TEST to run
test fixture_test_os::char_cast_from_i32_error_wado ... ignored, set CI/WADO_FULL_TEST to run
test fixture_test_os::char_cast_from_i8_error_wado ... ignored, set CI/WADO_FULL_TEST to run
test fixture_test_os::char_cast_from_u32_error_wado ... ignored, set CI/WADO_FULL_TEST to run
test fixture_test_os::char_cast_to_f64_error_wado ... ignored, set CI/WADO_FULL_TEST to run
test fixture_test_os::char_cast_wado ... ignored, set CI/WADO_FULL_TEST to run
test fixture_test_os::cli_args_wado ... ignored, set CI/WADO_FULL_TEST to run
test fixture_test_os::cli_eprint_wado ... ignored, set CI/WADO_FULL_TEST to run
test fixture_test_os::cli_print_wado ... ignored, set CI/WADO_FULL_TEST to run
test fixture_test_os::closure_1_wado ... ignored, set CI/WADO_FULL_TEST to run
test fixture_test_os::closure_2_wado ... ignored, set CI/WADO_FULL_TEST to run
test fixture_test_os::closure_3_wado ... ignored, set CI/WADO_FULL_TEST to run
test fixture_test_os::closure_auto_capture_mut_wado ... ignored, set CI/WADO_FULL_TEST to run
test fixture_test_os::closure_bound_with_multi_effect_wado ... ignored, set CI/WADO_FULL_TEST to run
test fixture_test_os::closure_cm_boundary_import_error_wado ... ignored, set CI/WADO_FULL_TEST to run
test fixture_test_os::closure_cm_boundary_imported_struct_error_wado ... ignored, set CI/WADO_FULL_TEST to run
test fixture_test_os::closure_cm_boundary_param_error_wado ... ignored, set CI/WADO_FULL_TEST to run
test fixture_test_os::closure_cm_boundary_return_error_wado ... ignored, set CI/WADO_FULL_TEST to run
test fixture_test_os::closure_cm_boundary_struct_field_error_wado ... ignored, set CI/WADO_FULL_TEST to run
test fixture_test_os::closure_cm_boundary_variant_payload_error_wado ... ignored, set CI/WADO_FULL_TEST to run
test fixture_test_os::closure_effect_generic_wado ... ignored, set CI/WADO_FULL_TEST to run
test fixture_test_os::closure_escapes_effect_todo_wado ... ignored, set CI/WADO_FULL_TEST to run
test fixture_test_os::closure_field_mutation_wado ... ignored, set CI/WADO_FULL_TEST to run
test fixture_test_os::closure_fn_bound_with_effect_param_wado ... ignored, set CI/WADO_FULL_TEST to run
test fixture_test_os::closure_fn_bound_with_regular_type_param_wado ... ignored, set CI/WADO_FULL_TEST to run
test fixture_test_os::closure_fn_mut_basic_wado ... ignored, set CI/WADO_FULL_TEST to run
test fixture_test_os::closure_for_loop_mutation_wado ... ignored, set CI/WADO_FULL_TEST to run
test fixture_test_os::closure_generic_bound_fn_wado ... ignored, set CI/WADO_FULL_TEST to run
test fixture_test_os::closure_iflet_template_collision_wado ... ignored, set CI/WADO_FULL_TEST to run
test fixture_test_os::closure_iterator_effectful_wado ... ignored, set CI/WADO_FULL_TEST to run
test fixture_test_os::closure_iterator_fn_mut_wado ... ignored, set CI/WADO_FULL_TEST to run
test fixture_test_os::closure_match_body_mutation_wado ... ignored, set CI/WADO_FULL_TEST to run
test fixture_test_os::closure_method_fn_bound_wado ... ignored, set CI/WADO_FULL_TEST to run
test fixture_test_os::closure_mut_binding_required_error_wado ... ignored, set CI/WADO_FULL_TEST to run
test fixture_test_os::closure_mut_binding_required_via_field_error_wado ... ignored, set CI/WADO_FULL_TEST to run
test fixture_test_os::closure_mut_binding_required_via_index_error_wado ... ignored, set CI/WADO_FULL_TEST to run
test fixture_test_os::closure_mut_binding_required_via_index_field_error_wado ... ignored, set CI/WADO_FULL_TEST to run
test fixture_test_os::closure_mut_binding_required_via_nested_field_error_wado ... ignored, set CI/WADO_FULL_TEST to run
test fixture_test_os::closure_mut_binding_temporary_root_wado ... ignored, set CI/WADO_FULL_TEST to run
test fixture_test_os::closure_mut_binding_via_field_wado ... ignored, set CI/WADO_FULL_TEST to run
test fixture_test_os::closure_mut_binding_via_index_wado ... ignored, set CI/WADO_FULL_TEST to run
test fixture_test_os::closure_mut_param_required_error_wado ... ignored, set CI/WADO_FULL_TEST to run
test fixture_test_os::closure_nested_literal_wado ... ignored, set CI/WADO_FULL_TEST to run
test fixture_test_os::closure_param_pattern_temp_wado ... ignored, set CI/WADO_FULL_TEST to run
test fixture_test_os::closure_subtyping_fn_mut_to_fn_error_wado ... ignored, set CI/WADO_FULL_TEST to run
test fixture_test_os::closure_subtyping_fn_to_fn_mut_wado ... ignored, set CI/WADO_FULL_TEST to run
test fixture_test_os::closure_template_local_collision_wado ... ignored, set CI/WADO_FULL_TEST to run
test fixture_test_os::cm_error_context_wado ... ignored, set CI/WADO_FULL_TEST to run
test fixture_test_os::cm_future_partial_use_destructure_wado ... ignored, set CI/WADO_FULL_TEST to run
test fixture_test_os::cm_future_read_cli_wado ... ignored, set CI/WADO_FULL_TEST to run
test fixture_test_os::cm_future_read_wado ... ignored, set CI/WADO_FULL_TEST to run
test fixture_test_os::cm_stream_read_record_in_branch_wado ... ignored, set CI/WADO_FULL_TEST to run
test fixture_test_os::cm_subtask_join_wado ... ignored, set CI/WADO_FULL_TEST to run
test fixture_test_os::cm_waitable_set_new_wado ... ignored, set CI/WADO_FULL_TEST to run
test fixture_test_os::cm_waitable_set_poll_wado ... ignored, set CI/WADO_FULL_TEST to run
test fixture_test_os::coerce_float_literal_args_wado ... ignored, set CI/WADO_FULL_TEST to run
test fixture_test_os::coerce_float_literal_let_wado ... ignored, set CI/WADO_FULL_TEST to run
test fixture_test_os::coerce_float_literal_return_wado ... ignored, set CI/WADO_FULL_TEST to run
test fixture_test_os::coerce_float_wado ... ignored, set CI/WADO_FULL_TEST to run
test fixture_test_os::coerce_i128_u128_wado ... ignored, set CI/WADO_FULL_TEST to run
test fixture_test_os::coerce_int_1_wado ... ignored, set CI/WADO_FULL_TEST to run
test fixture_test_os::coerce_int_2_wado ... ignored, set CI/WADO_FULL_TEST to run
test fixture_test_os::coerce_int_3_wado ... ignored, set CI/WADO_FULL_TEST to run
test fixture_test_os::coerce_int_4_wado ... ignored, set CI/WADO_FULL_TEST to run
test fixture_test_os::coerce_invalid_i128_hex_overflow_wado ... ignored, set CI/WADO_FULL_TEST to run
test fixture_test_os::coerce_invalid_i128_overflow_wado ... ignored, set CI/WADO_FULL_TEST to run
test fixture_test_os::coerce_invalid_i128_underflow_wado ... ignored, set CI/WADO_FULL_TEST to run
test fixture_test_os::coerce_invalid_i16_hex_overflow_wado ... ignored, set CI/WADO_FULL_TEST to run
test fixture_test_os::coerce_invalid_i16_overflow_wado ... ignored, set CI/WADO_FULL_TEST to run
test fixture_test_os::coerce_invalid_i16_underflow_wado ... ignored, set CI/WADO_FULL_TEST to run
test fixture_test_os::coerce_invalid_i32_binary_overflow_wado ... ignored, set CI/WADO_FULL_TEST to run
test fixture_test_os::coerce_invalid_i32_hex_bit_pattern_wado ... ignored, set CI/WADO_FULL_TEST to run
test fixture_test_os::coerce_invalid_i32_hex_overflow_wado ... ignored, set CI/WADO_FULL_TEST to run
test fixture_test_os::coerce_invalid_i32_octal_overflow_wado ... ignored, set CI/WADO_FULL_TEST to run
test fixture_test_os::coerce_invalid_i32_overflow_wado ... ignored, set CI/WADO_FULL_TEST to run
test fixture_test_os::coerce_invalid_i32_underflow_wado ... ignored, set CI/WADO_FULL_TEST to run
test fixture_test_os::coerce_invalid_i64_hex_bit_pattern_wado ... ignored, set CI/WADO_FULL_TEST to run
test fixture_test_os::coerce_invalid_i64_overflow_wado ... ignored, set CI/WADO_FULL_TEST to run
test fixture_test_os::coerce_invalid_i8_binary_overflow_wado ... ignored, set CI/WADO_FULL_TEST to run
test fixture_test_os::coerce_invalid_i8_hex_overflow_wado ... ignored, set CI/WADO_FULL_TEST to run
test fixture_test_os::coerce_invalid_i8_octal_overflow_wado ... ignored, set CI/WADO_FULL_TEST to run
test fixture_test_os::coerce_invalid_i8_overflow_wado ... ignored, set CI/WADO_FULL_TEST to run
test fixture_test_os::coerce_invalid_i8_underflow_wado ... ignored, set CI/WADO_FULL_TEST to run
test fixture_test_os::coerce_invalid_u128_hex_overflow_wado ... ignored, set CI/WADO_FULL_TEST to run
test fixture_test_os::coerce_invalid_u128_overflow_wado ... ignored, set CI/WADO_FULL_TEST to run
test fixture_test_os::coerce_invalid_u16_negative_wado ... ignored, set CI/WADO_FULL_TEST to run
test fixture_test_os::coerce_invalid_u16_overflow_wado ... ignored, set CI/WADO_FULL_TEST to run
test fixture_test_os::coerce_invalid_u32_negative_wado ... ignored, set CI/WADO_FULL_TEST to run
test fixture_test_os::coerce_invalid_u32_overflow_wado ... ignored, set CI/WADO_FULL_TEST to run
test fixture_test_os::coerce_invalid_u64_negative_wado ... ignored, set CI/WADO_FULL_TEST to run
test fixture_test_os::coerce_invalid_u8_negative_wado ... ignored, set CI/WADO_FULL_TEST to run
test fixture_test_os::coerce_invalid_u8_overflow_wado ... ignored, set CI/WADO_FULL_TEST to run
test fixture_test_os::coerce_match_arm_wado ... ignored, set CI/WADO_FULL_TEST to run
test fixture_test_os::coerce_struct_field_wado ... ignored, set CI/WADO_FULL_TEST to run
test fixture_test_os::cold_path_fallthrough_wado ... ignored, set CI/WADO_FULL_TEST to run
test fixture_test_os::cold_path_wado ... ignored, set CI/WADO_FULL_TEST to run
test fixture_test_os::comparison_chain_side_effects_wado ... ignored, set CI/WADO_FULL_TEST to run
test fixture_test_os::compiler_item_attr_unknown_name_rejected_wado ... ignored, set CI/WADO_FULL_TEST to run
test fixture_test_os::compiler_item_attr_user_module_rejected_wado ... ignored, set CI/WADO_FULL_TEST to run
test fixture_test_os::compound_assign_basic_wado ... ignored, set CI/WADO_FULL_TEST to run
test fixture_test_os::concrete_impl_inherent_wado ... ignored, set CI/WADO_FULL_TEST to run
test fixture_test_os::concrete_impl_method_generics_wado ... ignored, set CI/WADO_FULL_TEST to run
test fixture_test_os::concrete_impl_nested_generic_wado ... ignored, set CI/WADO_FULL_TEST to run
test fixture_test_os::concrete_impl_nested_wrong_wado ... ignored, set CI/WADO_FULL_TEST to run
test fixture_test_os::concrete_impl_param_name_collision_wado ... ignored, set CI/WADO_FULL_TEST to run
test fixture_test_os::concrete_impl_trait_wado ... ignored, set CI/WADO_FULL_TEST to run
test fixture_test_os::concrete_impl_wrong_instantiation_wado ... ignored, set CI/WADO_FULL_TEST to run
test fixture_test_os::condition_implication_field_chain_bound_wado ... ignored, set CI/WADO_FULL_TEST to run
test fixture_test_os::condition_implication_stale_def_soundness_wado ... ignored, set CI/WADO_FULL_TEST to run
test fixture_test_os::const_fold_wado ... ignored, set CI/WADO_FULL_TEST to run
test fixture_test_os::const_global_dedup_refeq_wado ... ignored, set CI/WADO_FULL_TEST to run
test fixture_test_os::const_global_dedup_wado ... ignored, set CI/WADO_FULL_TEST to run
test fixture_test_os::const_global_entry_wado ... ignored, set CI/WADO_FULL_TEST to run
test fixture_test_os::const_global_object_wado ... ignored, set CI/WADO_FULL_TEST to run
test fixture_test_os::const_global_scalar_read_wado ... ignored, set CI/WADO_FULL_TEST to run
test fixture_test_os::const_object_globalization_wado ... ignored, set CI/WADO_FULL_TEST to run
test fixture_test_os::contextual_keyword_wado ... ignored, set CI/WADO_FULL_TEST to run
test fixture_test_os::copy_prop_mutable_source_wado ... ignored, set CI/WADO_FULL_TEST to run
test fixture_test_os::copy_prop_struct_method_mut_self_wado ... ignored, set CI/WADO_FULL_TEST to run
test fixture_test_os::cross_destruct_patterns_wado ... ignored, set CI/WADO_FULL_TEST to run
test fixture_test_os::cross_module_generic_deep_wado ... ignored, set CI/WADO_FULL_TEST to run
test fixture_test_os::cross_module_generic_helper_wado ... ignored, set CI/WADO_FULL_TEST to run
test fixture_test_os::cross_module_generic_import_wado ... ignored, set CI/WADO_FULL_TEST to run
test fixture_test_os::cross_module_same_name_effect_aliased_wado ... ignored, set CI/WADO_FULL_TEST to run
test fixture_test_os::cross_module_same_name_effect_wado ... ignored, set CI/WADO_FULL_TEST to run
test fixture_test_os::cross_module_same_name_enum_wado ... ignored, set CI/WADO_FULL_TEST to run
test fixture_test_os::cross_module_same_name_flags_wado ... ignored, set CI/WADO_FULL_TEST to run
test fixture_test_os::cross_module_same_name_fn_infer_wado ... ignored, set CI/WADO_FULL_TEST to run
test fixture_test_os::cross_module_same_name_fn_wado ... ignored, set CI/WADO_FULL_TEST to run
test fixture_test_os::cross_module_same_name_foreign_impl_wado ... ignored, set CI/WADO_FULL_TEST to run
test fixture_test_os::cross_module_same_name_generic_wado ... ignored, set CI/WADO_FULL_TEST to run
test fixture_test_os::cross_module_same_name_inspect_wado ... ignored, set CI/WADO_FULL_TEST to run
test fixture_test_os::cross_module_same_name_method_wado ... ignored, set CI/WADO_FULL_TEST to run
test fixture_test_os::cross_module_same_name_newtype_wado ... ignored, set CI/WADO_FULL_TEST to run
test fixture_test_os::cross_module_same_name_resource_wado ... ignored, set CI/WADO_FULL_TEST to run
test fixture_test_os::cross_module_same_name_static_wado ... ignored, set CI/WADO_FULL_TEST to run
test fixture_test_os::cross_module_same_name_struct_iter_wado ... ignored, set CI/WADO_FULL_TEST to run
test fixture_test_os::cross_module_same_name_struct_wado ... ignored, set CI/WADO_FULL_TEST to run
test fixture_test_os::cross_module_same_name_trait_direct_wado ... ignored, set CI/WADO_FULL_TEST to run
test fixture_test_os::cross_module_same_name_trait_wado ... ignored, set CI/WADO_FULL_TEST to run
test fixture_test_os::cross_module_same_name_variant_iflet_wado ... ignored, set CI/WADO_FULL_TEST to run
test fixture_test_os::cross_module_same_name_variant_match_arms_wado ... ignored, set CI/WADO_FULL_TEST to run
test fixture_test_os::cross_module_same_name_variant_wado ... ignored, set CI/WADO_FULL_TEST to run
test fixture_test_os::cross_module_same_name_world_wado ... ignored, set CI/WADO_FULL_TEST to run
test fixture_test_os::cross_module_struct_field_type_wado ... ignored, set CI/WADO_FULL_TEST to run
test fixture_test_os::cross_module_struct_tuple_field_wado ... ignored, set CI/WADO_FULL_TEST to run
test fixture_test_os::cross_module_treemap_variant_wado ... ignored, set CI/WADO_FULL_TEST to run
test fixture_test_os::cross_module_type_identity_wado ... ignored, set CI/WADO_FULL_TEST to run
test fixture_test_os::cross_module_undefined_struct_in_array_wado ... ignored, set CI/WADO_FULL_TEST to run
test fixture_test_os::cross_module_undefined_struct_wado ... ignored, set CI/WADO_FULL_TEST to run
test fixture_test_os::cross_module_variant_iter_wado ... ignored, set CI/WADO_FULL_TEST to run
test fixture_test_os::dce_bytes_literals_wado ... ignored, set CI/WADO_FULL_TEST to run
test fixture_test_os::dce_closure_functor_cross_module_wado ... ignored, set CI/WADO_FULL_TEST to run
test fixture_test_os::dce_closure_functor_wado ... ignored, set CI/WADO_FULL_TEST to run
test fixture_test_os::default_arg_basic_wado ... ignored, set CI/WADO_FULL_TEST to run
test fixture_test_os::default_arg_closure_rejected_error_wado ... ignored, set CI/WADO_FULL_TEST to run
test fixture_test_os::default_arg_effectful_default_error_wado ... ignored, set CI/WADO_FULL_TEST to run
test fixture_test_os::default_arg_enum_variant_wado ... ignored, set CI/WADO_FULL_TEST to run
test fixture_test_os::default_arg_export_fn_rejected_error_wado ... ignored, set CI/WADO_FULL_TEST to run
test fixture_test_os::default_arg_fn_type_erases_wado ... ignored, set CI/WADO_FULL_TEST to run
test fixture_test_os::default_arg_generic_method_wado ... ignored, set CI/WADO_FULL_TEST to run
test fixture_test_os::default_arg_method_refers_earlier_param_wado ... ignored, set CI/WADO_FULL_TEST to run
test fixture_test_os::default_arg_method_wado ... ignored, set CI/WADO_FULL_TEST to run
test fixture_test_os::default_arg_non_trailing_error_wado ... ignored, set CI/WADO_FULL_TEST to run
test fixture_test_os::default_arg_private_item_wado ... ignored, set CI/WADO_FULL_TEST to run
test fixture_test_os::default_arg_pure_call_wado ... ignored, set CI/WADO_FULL_TEST to run
test fixture_test_os::default_arg_refers_earlier_param_wado ... ignored, set CI/WADO_FULL_TEST to run
test fixture_test_os::default_arg_trait_impl_redeclare_error_wado ... ignored, set CI/WADO_FULL_TEST to run
test fixture_test_os::default_arg_trait_method_wado ... ignored, set CI/WADO_FULL_TEST to run
test fixture_test_os::default_field_auto_derive_default_wado ... ignored, set CI/WADO_FULL_TEST to run
test fixture_test_os::default_field_auto_derive_partial_error_wado ... ignored, set CI/WADO_FULL_TEST to run
test fixture_test_os::default_field_auto_derive_user_impl_wins_wado ... ignored, set CI/WADO_FULL_TEST to run
test fixture_test_os::default_field_basic_wado ... ignored, set CI/WADO_FULL_TEST to run
test fixture_test_os::default_field_effectful_default_error_wado ... ignored, set CI/WADO_FULL_TEST to run
test fixture_test_os::default_field_omit_earlier_wado ... ignored, set CI/WADO_FULL_TEST to run
test fixture_test_os::default_field_private_omitted_ok_wado ... ignored, set CI/WADO_FULL_TEST to run
test fixture_test_os::default_field_private_set_error_wado ... ignored, set CI/WADO_FULL_TEST to run
test fixture_test_os::default_field_required_missing_error_wado ... ignored, set CI/WADO_FULL_TEST to run
test fixture_test_os::default_field_serde_default_wado ... ignored, set CI/WADO_FULL_TEST to run
test fixture_test_os::default_field_struct_in_struct_wado ... ignored, set CI/WADO_FULL_TEST to run
test fixture_test_os::default_field_variant_payload_ref_match_wado ... ignored, set CI/WADO_FULL_TEST to run
test fixture_test_os::default_trait_wado ... ignored, set CI/WADO_FULL_TEST to run
test fixture_test_os::default_type_params_wado ... ignored, set CI/WADO_FULL_TEST to run
test fixture_test_os::dict_mini_wado ... ignored, set CI/WADO_FULL_TEST to run
test fixture_test_os::display_1_wado ... ignored, set CI/WADO_FULL_TEST to run
test fixture_test_os::display_2_wado ... ignored, set CI/WADO_FULL_TEST to run
test fixture_test_os::display_unit_wado ... ignored, set CI/WADO_FULL_TEST to run
test fixture_test_os::divergent_body_skips_missing_return_wado ... ignored, set CI/WADO_FULL_TEST to run
test fixture_test_os::effect_1_wado ... ignored, set CI/WADO_FULL_TEST to run
test fixture_test_os::effect_2_wado ... ignored, set CI/WADO_FULL_TEST to run
test fixture_test_os::effect_benign_multi_wado ... ignored, set CI/WADO_FULL_TEST to run
test fixture_test_os::effect_benign_scoped_error_wado ... ignored, set CI/WADO_FULL_TEST to run
test fixture_test_os::effect_benign_suppresses_wado ... ignored, set CI/WADO_FULL_TEST to run
test fixture_test_os::effect_check_method_wado ... ignored, set CI/WADO_FULL_TEST to run
test fixture_test_os::effect_check_missing_wado ... ignored, set CI/WADO_FULL_TEST to run
test fixture_test_os::effect_check_static_method_wado ... ignored, set CI/WADO_FULL_TEST to run
test fixture_test_os::effect_generic_with_handler_error_wado ... ignored, set CI/WADO_FULL_TEST to run
test fixture_test_os::effect_handler_break_label_cross_wado ... ignored, set CI/WADO_FULL_TEST to run
test fixture_test_os::effect_handler_bundled_mixed_wado ... ignored, set CI/WADO_FULL_TEST to run
test fixture_test_os::effect_handler_bundled_no_effect_wado ... ignored, set CI/WADO_FULL_TEST to run
test fixture_test_os::effect_handler_bundled_type_param_rejected_wado ... ignored, set CI/WADO_FULL_TEST to run
test fixture_test_os::effect_handler_bundled_value_wado ... ignored, set CI/WADO_FULL_TEST to run
test fixture_test_os::effect_handler_bundled_wado ... ignored, set CI/WADO_FULL_TEST to run
test fixture_test_os::effect_handler_continue_cross_wado ... ignored, set CI/WADO_FULL_TEST to run
test fixture_test_os::effect_handler_cross_function_wado ... ignored, set CI/WADO_FULL_TEST to run
test fixture_test_os::effect_handler_early_return_wado ... ignored, set CI/WADO_FULL_TEST to run
test fixture_test_os::effect_handler_inner_break_wado ... ignored, set CI/WADO_FULL_TEST to run
test fixture_test_os::effect_handler_mut_self_alias_wado ... ignored, set CI/WADO_FULL_TEST to run
test fixture_test_os::effect_handler_nested_same_wado ... ignored, set CI/WADO_FULL_TEST to run
test fixture_test_os::effect_handler_resource_fields_wado ... ignored, set CI/WADO_FULL_TEST to run
test fixture_test_os::effect_handler_resource_future_wado ... ignored, set CI/WADO_FULL_TEST to run
test fixture_test_os::effect_handler_resource_stream_self_delegation_wado ... ignored, set CI/WADO_FULL_TEST to run
test fixture_test_os::effect_handler_resource_stream_wado ... ignored, set CI/WADO_FULL_TEST to run
test fixture_test_os::effect_handler_resume_wado ... ignored, set CI/WADO_FULL_TEST to run
test fixture_test_os::effect_handler_self_delegation_wado ... ignored, set CI/WADO_FULL_TEST to run
test fixture_test_os::effect_handler_value_form_wado ... ignored, set CI/WADO_FULL_TEST to run
test fixture_test_os::effect_handler_with_do_wado ... ignored, set CI/WADO_FULL_TEST to run
test fixture_test_os::effect_indirect_call_error_wado ... ignored, set CI/WADO_FULL_TEST to run
test fixture_test_os::effect_polymorphism_error_wado ... ignored, set CI/WADO_FULL_TEST to run
test fixture_test_os::effect_polymorphism_multi_param_error_wado ... ignored, set CI/WADO_FULL_TEST to run
test fixture_test_os::effect_propagation_effect_param_wado ... ignored, set CI/WADO_FULL_TEST to run
test fixture_test_os::effect_propagation_generic_body_wado ... ignored, set CI/WADO_FULL_TEST to run
test fixture_test_os::effect_propagation_indirect_wado ... ignored, set CI/WADO_FULL_TEST to run
test fixture_test_os::effect_propagation_missing_wado ... ignored, set CI/WADO_FULL_TEST to run
test fixture_test_os::effect_propagation_signature_async_return_wado ... ignored, set CI/WADO_FULL_TEST to run
test fixture_test_os::effect_propagation_signature_nested_wado ... ignored, set CI/WADO_FULL_TEST to run
test fixture_test_os::effect_propagation_signature_newtype_wado ... ignored, set CI/WADO_FULL_TEST to run
test fixture_test_os::effect_propagation_signature_param_wado ... ignored, set CI/WADO_FULL_TEST to run
test fixture_test_os::effect_propagation_signature_return_wado ... ignored, set CI/WADO_FULL_TEST to run
test fixture_test_os::effect_propagation_signature_transitive_wado ... ignored, set CI/WADO_FULL_TEST to run
test fixture_test_os::effect_propagation_stdout_stream_wado ... ignored, set CI/WADO_FULL_TEST to run
test fixture_test_os::effect_propagation_struct_field_wado ... ignored, set CI/WADO_FULL_TEST to run
test fixture_test_os::effect_propagation_transitive_wado ... ignored, set CI/WADO_FULL_TEST to run
test fixture_test_os::effect_propagation_variant_payload_wado ... ignored, set CI/WADO_FULL_TEST to run
test fixture_test_os::effect_resource_decl_accepted_wado ... ignored, set CI/WADO_FULL_TEST to run
test fixture_test_os::effect_resource_declared_wado ... ignored, set CI/WADO_FULL_TEST to run
test fixture_test_os::effect_resource_missing_wado ... ignored, set CI/WADO_FULL_TEST to run
test fixture_test_os::enum_construct_basic_wado ... ignored, set CI/WADO_FULL_TEST to run
test fixture_test_os::enum_display_basic_wado ... ignored, set CI/WADO_FULL_TEST to run
test fixture_test_os::enum_display_template_wado ... ignored, set CI/WADO_FULL_TEST to run
test fixture_test_os::enum_eq_ord_wado ... ignored, set CI/WADO_FULL_TEST to run
test fixture_test_os::enum_impl_basic_wado ... ignored, set CI/WADO_FULL_TEST to run
test fixture_test_os::enum_match_basic_wado ... ignored, set CI/WADO_FULL_TEST to run
test fixture_test_os::enum_match_if_let_wado ... ignored, set CI/WADO_FULL_TEST to run
test fixture_test_os::eprintln_then_trap_wado ... ignored, set CI/WADO_FULL_TEST to run
test fixture_test_os::eq_null_inference_wado ... ignored, set CI/WADO_FULL_TEST to run
test fixture_test_os::error_extra_arg_wado ... ignored, set CI/WADO_FULL_TEST to run
test fixture_test_os::error_extra_struct_field_wado ... ignored, set CI/WADO_FULL_TEST to run
test fixture_test_os::error_for_of_no_into_iterator_wado ... ignored, set CI/WADO_FULL_TEST to run
test fixture_test_os::error_for_of_no_iterator_wado ... ignored, set CI/WADO_FULL_TEST to run
test fixture_test_os::error_generic_static_method_as_instance_wado ... ignored, set CI/WADO_FULL_TEST to run
test fixture_test_os::error_missing_arg_wado ... ignored, set CI/WADO_FULL_TEST to run
test fixture_test_os::error_missing_struct_field_wado ... ignored, set CI/WADO_FULL_TEST to run
test fixture_test_os::error_refutable_let_bool_wado ... ignored, set CI/WADO_FULL_TEST to run
test fixture_test_os::error_refutable_let_literal_wado ... ignored, set CI/WADO_FULL_TEST to run
test fixture_test_os::error_refutable_let_variant_wado ... ignored, set CI/WADO_FULL_TEST to run
test fixture_test_os::error_static_method_as_instance_wado ... ignored, set CI/WADO_FULL_TEST to run
test fixture_test_os::error_task_return_non_async_wado ... ignored, set CI/WADO_FULL_TEST to run
test fixture_test_os::error_type_param_omission_two_t_method_mismatch_wado ... ignored, set CI/WADO_FULL_TEST to run
test fixture_test_os::error_type_param_omission_two_t_mismatch_wado ... ignored, set CI/WADO_FULL_TEST to run
test fixture_test_os::error_type_param_omission_two_t_static_mismatch_wado ... ignored, set CI/WADO_FULL_TEST to run
test fixture_test_os::error_type_param_omission_two_t_string_int_mismatch_wado ... ignored, set CI/WADO_FULL_TEST to run
test fixture_test_os::error_undefined_free_fn_wado ... ignored, set CI/WADO_FULL_TEST to run
test fixture_test_os::error_undefined_method_wado ... ignored, set CI/WADO_FULL_TEST to run
test fixture_test_os::error_undefined_static_method_wado ... ignored, set CI/WADO_FULL_TEST to run
test fixture_test_os::error_uninferable_fn_type_param_wado ... ignored, set CI/WADO_FULL_TEST to run
test fixture_test_os::escape_brace_wado ... ignored, set CI/WADO_FULL_TEST to run
test fixture_test_os::export_param_count_mismatch_wado ... ignored, set CI/WADO_FULL_TEST to run
test fixture_test_os::export_required_for_run_wado ... ignored, set CI/WADO_FULL_TEST to run
test fixture_test_os::export_return_type_mismatch_wado ... ignored, set CI/WADO_FULL_TEST to run
test fixture_test_os::field_forward_alias_group_invalidates_wado ... ignored, set CI/WADO_FULL_TEST to run
test fixture_test_os::field_forward_dedup_state_via_mut_ref_wado ... ignored, set CI/WADO_FULL_TEST to run
test fixture_test_os::field_forward_snapshot_after_mutation_wado ... ignored, set CI/WADO_FULL_TEST to run
test fixture_test_os::field_forward_struct_capture_invalidates_wado ... ignored, set CI/WADO_FULL_TEST to run
test fixture_test_os::flags_arith_add_wado ... ignored, set CI/WADO_FULL_TEST to run
test fixture_test_os::flags_arith_div_wado ... ignored, set CI/WADO_FULL_TEST to run
test fixture_test_os::flags_arith_mod_wado ... ignored, set CI/WADO_FULL_TEST to run
test fixture_test_os::flags_arith_mul_wado ... ignored, set CI/WADO_FULL_TEST to run
test fixture_test_os::flags_arith_sub_wado ... ignored, set CI/WADO_FULL_TEST to run
test fixture_test_os::flags_basic_wado ... ignored, set CI/WADO_FULL_TEST to run
test fixture_test_os::flags_generic_trait_dispatch_wado ... ignored, set CI/WADO_FULL_TEST to run
test fixture_test_os::flags_impl_wado ... ignored, set CI/WADO_FULL_TEST to run
test fixture_test_os::float_mod_error_wado ... ignored, set CI/WADO_FULL_TEST to run
test fixture_test_os::float_to_string_wado ... ignored, set CI/WADO_FULL_TEST to run
test fixture_test_os::fn_ref_bare_to_ref_param_error_wado ... ignored, set CI/WADO_FULL_TEST to run
test fixture_test_os::fn_ref_cross_module_alias_wado ... ignored, set CI/WADO_FULL_TEST to run
test fixture_test_os::fn_ref_cross_module_newtype_wado ... ignored, set CI/WADO_FULL_TEST to run
test fixture_test_os::fn_ref_cross_module_wado ... ignored, set CI/WADO_FULL_TEST to run
test fixture_test_os::fn_ref_generic_alias_wado ... ignored, set CI/WADO_FULL_TEST to run
test fixture_test_os::fn_ref_generic_arity_mismatch_error_wado ... ignored, set CI/WADO_FULL_TEST to run
test fixture_test_os::fn_ref_generic_cross_module_wado ... ignored, set CI/WADO_FULL_TEST to run
test fixture_test_os::fn_ref_generic_double_turbofish_error_wado ... ignored, set CI/WADO_FULL_TEST to run
test fixture_test_os::fn_ref_generic_error_wado ... ignored, set CI/WADO_FULL_TEST to run
test fixture_test_os::fn_ref_generic_inferred_wado ... ignored, set CI/WADO_FULL_TEST to run
test fixture_test_os::fn_ref_generic_outer_wado ... ignored, set CI/WADO_FULL_TEST to run
test fixture_test_os::fn_ref_generic_ref_wado ... ignored, set CI/WADO_FULL_TEST to run
test fixture_test_os::fn_ref_generic_self_recursive_wado ... ignored, set CI/WADO_FULL_TEST to run
test fixture_test_os::fn_ref_generic_turbofish_wado ... ignored, set CI/WADO_FULL_TEST to run
test fixture_test_os::fn_ref_mut_out_param_wado ... ignored, set CI/WADO_FULL_TEST to run
test fixture_test_os::fn_ref_parameter_wado ... ignored, set CI/WADO_FULL_TEST to run
test fixture_test_os::fn_ref_type_mismatch_error_wado ... ignored, set CI/WADO_FULL_TEST to run
test fixture_test_os::for_merged_wado ... ignored, set CI/WADO_FULL_TEST to run
test fixture_test_os::for_of_1_wado ... ignored, set CI/WADO_FULL_TEST to run
test fixture_test_os::for_of_2_wado ... ignored, set CI/WADO_FULL_TEST to run
test fixture_test_os::for_of_indexed_array_test_wado ... ignored, set CI/WADO_FULL_TEST to run
test fixture_test_os::for_of_iterator_enumerate_wado ... ignored, set CI/WADO_FULL_TEST to run
test fixture_test_os::for_of_ref_wado ... ignored, set CI/WADO_FULL_TEST to run
test fixture_test_os::forof_generic_array_wado ... ignored, set CI/WADO_FULL_TEST to run
test fixture_test_os::from_char_to_string_wado ... ignored, set CI/WADO_FULL_TEST to run
test fixture_test_os::from_literal_cast_wado ... ignored, set CI/WADO_FULL_TEST to run
test fixture_test_os::from_literal_custom_wado ... ignored, set CI/WADO_FULL_TEST to run
test fixture_test_os::from_literal_enum_concrete_wado ... ignored, set CI/WADO_FULL_TEST to run
test fixture_test_os::from_literal_error_duplicate_field_wado ... ignored, set CI/WADO_FULL_TEST to run
test fixture_test_os::from_literal_error_enum_mismatch_wado ... ignored, set CI/WADO_FULL_TEST to run
test fixture_test_os::from_literal_error_flags_mismatch_wado ... ignored, set CI/WADO_FULL_TEST to run
test fixture_test_os::from_literal_error_nested_generic_mismatch_wado ... ignored, set CI/WADO_FULL_TEST to run
test fixture_test_os::from_literal_error_newtype_mismatch_wado ... ignored, set CI/WADO_FULL_TEST to run
test fixture_test_os::from_literal_error_variant_mismatch_wado ... ignored, set CI/WADO_FULL_TEST to run
test fixture_test_os::from_literal_flags_concrete_wado ... ignored, set CI/WADO_FULL_TEST to run
test fixture_test_os::from_literal_fn_arg_wado ... ignored, set CI/WADO_FULL_TEST to run
test fixture_test_os::from_literal_nested_generic_wado ... ignored, set CI/WADO_FULL_TEST to run
test fixture_test_os::from_literal_newtype_concrete_wado ... ignored, set CI/WADO_FULL_TEST to run
test fixture_test_os::from_literal_return_wado ... ignored, set CI/WADO_FULL_TEST to run
test fixture_test_os::from_literal_variant_concrete_wado ... ignored, set CI/WADO_FULL_TEST to run
test fixture_test_os::from_numeric_widening_wado ... ignored, set CI/WADO_FULL_TEST to run
test fixture_test_os::generic_advanced_wado ... ignored, set CI/WADO_FULL_TEST to run
test fixture_test_os::generic_forward_variant_wado ... ignored, set CI/WADO_FULL_TEST to run
test fixture_test_os::generic_forward_wado ... ignored, set CI/WADO_FULL_TEST to run
test fixture_test_os::generic_function_merged_wado ... ignored, set CI/WADO_FULL_TEST to run
test fixture_test_os::generic_method_merged_wado ... ignored, set CI/WADO_FULL_TEST to run
test fixture_test_os::generic_struct_1_wado ... ignored, set CI/WADO_FULL_TEST to run
test fixture_test_os::geometry_wado ... ignored, set CI/WADO_FULL_TEST to run
test fixture_test_os::global_1_wado ... ignored, set CI/WADO_FULL_TEST to run
test fixture_test_os::global_2_wado ... ignored, set CI/WADO_FULL_TEST to run
test fixture_test_os::global_closure_field_wado ... ignored, set CI/WADO_FULL_TEST to run
test fixture_test_os::global_dce_cross_module_wado ... ignored, set CI/WADO_FULL_TEST to run
test fixture_test_os::global_dce_wado ... ignored, set CI/WADO_FULL_TEST to run
test fixture_test_os::global_immutable_assign_wado ... ignored, set CI/WADO_FULL_TEST to run
test fixture_test_os::global_import_wado ... ignored, set CI/WADO_FULL_TEST to run
test fixture_test_os::global_multimod_same_name_wado ... ignored, set CI/WADO_FULL_TEST to run
test fixture_test_os::global_multimod_wado ... ignored, set CI/WADO_FULL_TEST to run
test fixture_test_os::global_nullable_option_ref_wado ... ignored, set CI/WADO_FULL_TEST to run
test fixture_test_os::hfs_aliased_local_whole_read_wado ... ignored, set CI/WADO_FULL_TEST to run
test fixture_test_os::hfs_break_from_scalar_state_commits_wado ... ignored, set CI/WADO_FULL_TEST to run
test fixture_test_os::hfs_call_as_match_scrutinee_wado ... ignored, set CI/WADO_FULL_TEST to run
test fixture_test_os::hfs_closure_in_loop_body_wado ... ignored, set CI/WADO_FULL_TEST to run
test fixture_test_os::hfs_consecutive_mut_calls_no_inter_sync_wado ... ignored, set CI/WADO_FULL_TEST to run
test fixture_test_os::hfs_duplicate_mut_ref_args_wado ... ignored, set CI/WADO_FULL_TEST to run
test fixture_test_os::hfs_early_return_with_wrapped_call_wado ... ignored, set CI/WADO_FULL_TEST to run
test fixture_test_os::hfs_if_condition_call_then_scalar_wado ... ignored, set CI/WADO_FULL_TEST to run
test fixture_test_os::hfs_if_let_value_non_unit_wado ... ignored, set CI/WADO_FULL_TEST to run
test fixture_test_os::hfs_inline_arm_mixed_with_call_arm_wado ... ignored, set CI/WADO_FULL_TEST to run
test fixture_test_os::hfs_inline_break_no_writeback_wado ... ignored, set CI/WADO_FULL_TEST to run
test fixture_test_os::hfs_match_arm_local_hoisted_out_of_loop_wado ... ignored, set CI/WADO_FULL_TEST to run
test fixture_test_os::hfs_match_guard_cross_arm_side_effect_wado ... ignored, set CI/WADO_FULL_TEST to run
test fixture_test_os::hfs_match_guard_with_call_wado ... ignored, set CI/WADO_FULL_TEST to run
test fixture_test_os::hfs_match_guarded_arm_wado ... ignored, set CI/WADO_FULL_TEST to run
test fixture_test_os::hfs_match_let_value_non_unit_wado ... ignored, set CI/WADO_FULL_TEST to run
test fixture_test_os::hfs_match_nested_in_block_wado ... ignored, set CI/WADO_FULL_TEST to run
test fixture_test_os::hfs_match_scalar_arm_mixed_with_call_arm_wado ... ignored, set CI/WADO_FULL_TEST to run
test fixture_test_os::hfs_multi_call_in_expression_wado ... ignored, set CI/WADO_FULL_TEST to run
test fixture_test_os::hfs_nested_loop_iter_n_back_edge_wado ... ignored, set CI/WADO_FULL_TEST to run
test fixture_test_os::http_200_wado ... ignored, set CI/WADO_FULL_TEST to run
test fixture_test_os::http_400_wado ... ignored, set CI/WADO_FULL_TEST to run
test fixture_test_os::http_500_wado ... ignored, set CI/WADO_FULL_TEST to run
test fixture_test_os::http_base64_decode_wado ... ignored, set CI/WADO_FULL_TEST to run
test fixture_test_os::http_body_contains_wado ... ignored, set CI/WADO_FULL_TEST to run
test fixture_test_os::http_client_advanced_wado ... ignored, set CI/WADO_FULL_TEST to run
test fixture_test_os::http_client_request_full_wado ... ignored, set CI/WADO_FULL_TEST to run
test fixture_test_os::http_client_send_body_read_wado ... ignored, set CI/WADO_FULL_TEST to run
test fixture_test_os::http_client_send_error_wado ... ignored, set CI/WADO_FULL_TEST to run
test fixture_test_os::http_client_send_proxy_wado ... ignored, set CI/WADO_FULL_TEST to run
test fixture_test_os::http_client_send_simple_wado ... ignored, set CI/WADO_FULL_TEST to run
test fixture_test_os::http_client_send_with_body_wado ... ignored, set CI/WADO_FULL_TEST to run
test fixture_test_os::http_drop_unused_request_wado ... ignored, set CI/WADO_FULL_TEST to run
test fixture_test_os::http_drop_value_block_wado ... ignored, set CI/WADO_FULL_TEST to run
test fixture_test_os::http_echo_headers_wado ... ignored, set CI/WADO_FULL_TEST to run
test fixture_test_os::http_error_code_comprehensive_wado ... ignored, set CI/WADO_FULL_TEST to run
test fixture_test_os::http_error_code_payload_wado ... ignored, set CI/WADO_FULL_TEST to run
test fixture_test_os::http_error_code_variants_wado ... ignored, set CI/WADO_FULL_TEST to run
test fixture_test_os::http_error_code_wado ... ignored, set CI/WADO_FULL_TEST to run
test fixture_test_os::http_export_in_test_world_wado ... ignored, set CI/WADO_FULL_TEST to run
test fixture_test_os::http_fields_copy_all_wado ... ignored, set CI/WADO_FULL_TEST to run
test fixture_test_os::http_fields_from_list_error_wado ... ignored, set CI/WADO_FULL_TEST to run
test fixture_test_os::http_fields_from_list_wado ... ignored, set CI/WADO_FULL_TEST to run
test fixture_test_os::http_fields_get_and_delete_wado ... ignored, set CI/WADO_FULL_TEST to run
test fixture_test_os::http_fields_immutable_errors_wado ... ignored, set CI/WADO_FULL_TEST to run
test fixture_test_os::http_fields_set_wado ... ignored, set CI/WADO_FULL_TEST to run
test fixture_test_os::http_fields_wado ... ignored, set CI/WADO_FULL_TEST to run
test fixture_test_os::http_future_new_wado ... ignored, set CI/WADO_FULL_TEST to run
test fixture_test_os::http_method_and_scheme_variants_wado ... ignored, set CI/WADO_FULL_TEST to run
test fixture_test_os::http_method_routing_wado ... ignored, set CI/WADO_FULL_TEST to run
test fixture_test_os::http_middleware_forward_wado ... ignored, set CI/WADO_FULL_TEST to run
test fixture_test_os::http_request_authority_wado ... ignored, set CI/WADO_FULL_TEST to run
test fixture_test_os::http_request_headers_wado ... ignored, set CI/WADO_FULL_TEST to run
test fixture_test_os::http_request_method_delete_wado ... ignored, set CI/WADO_FULL_TEST to run
test fixture_test_os::http_request_method_get_wado ... ignored, set CI/WADO_FULL_TEST to run
test fixture_test_os::http_request_method_patch_wado ... ignored, set CI/WADO_FULL_TEST to run
test fixture_test_os::http_request_method_put_wado ... ignored, set CI/WADO_FULL_TEST to run
test fixture_test_os::http_request_method_wado ... ignored, set CI/WADO_FULL_TEST to run
test fixture_test_os::http_request_options_timeouts_wado ... ignored, set CI/WADO_FULL_TEST to run
test fixture_test_os::http_request_options_wado ... ignored, set CI/WADO_FULL_TEST to run
test fixture_test_os::http_request_path_wado ... ignored, set CI/WADO_FULL_TEST to run
test fixture_test_os::http_request_scheme_wado ... ignored, set CI/WADO_FULL_TEST to run
test fixture_test_os::http_request_setter_errors_wado ... ignored, set CI/WADO_FULL_TEST to run
test fixture_test_os::http_response_get_headers_wado ... ignored, set CI/WADO_FULL_TEST to run
test fixture_test_os::http_response_headers_multi_wado ... ignored, set CI/WADO_FULL_TEST to run
test fixture_test_os::http_response_headers_wado ... ignored, set CI/WADO_FULL_TEST to run
test fixture_test_os::http_response_ops_wado ... ignored, set CI/WADO_FULL_TEST to run
test fixture_test_os::http_response_set_status_invalid_wado ... ignored, set CI/WADO_FULL_TEST to run
test fixture_test_os::http_response_trailers_wado ... ignored, set CI/WADO_FULL_TEST to run
test fixture_test_os::http_routing_created_wado ... ignored, set CI/WADO_FULL_TEST to run
test fixture_test_os::http_routing_wado ... ignored, set CI/WADO_FULL_TEST to run
test fixture_test_os::http_task_return_in_let_block_wado ... ignored, set CI/WADO_FULL_TEST to run
test fixture_test_os::http_uninit_string_conditional_trap_wado ... ignored, set CI/WADO_FULL_TEST to run
test fixture_test_os::http_unmatched_async_export_wado ... ignored, set CI/WADO_FULL_TEST to run
test fixture_test_os::httpbin_404_wado ... ignored, set CI/WADO_FULL_TEST to run
test fixture_test_os::httpbin_405_wado ... ignored, set CI/WADO_FULL_TEST to run
test fixture_test_os::httpbin_anything_wado ... ignored, set CI/WADO_FULL_TEST to run
test fixture_test_os::httpbin_get_wado ... ignored, set CI/WADO_FULL_TEST to run
test fixture_test_os::httpbin_headers_wado ... ignored, set CI/WADO_FULL_TEST to run
test fixture_test_os::httpbin_post_wado ... ignored, set CI/WADO_FULL_TEST to run
test fixture_test_os::httpbin_server_404_wado ... ignored, set CI/WADO_FULL_TEST to run
test fixture_test_os::httpbin_server_hello_wado ... ignored, set CI/WADO_FULL_TEST to run
test fixture_test_os::httpbin_status_wado ... ignored, set CI/WADO_FULL_TEST to run
test fixture_test_os::i64_arithmetic_wado ... ignored, set CI/WADO_FULL_TEST to run
test fixture_test_os::i64_comparison_literal_wado ... ignored, set CI/WADO_FULL_TEST to run
test fixture_test_os::i64_to_string_wado ... ignored, set CI/WADO_FULL_TEST to run
test fixture_test_os::ice_array_iter_into_iterator_wado ... ignored, set CI/WADO_FULL_TEST to run
test fixture_test_os::ice_treeset_iter_by_ref_wado ... ignored, set CI/WADO_FULL_TEST to run
test fixture_test_os::ident_merged_wado ... ignored, set CI/WADO_FULL_TEST to run
test fixture_test_os::if_all_null_branches_error_wado ... ignored, set CI/WADO_FULL_TEST to run
test fixture_test_os::if_branch_divergent_types_in_expression_position_rejects_wado ... ignored, set CI/WADO_FULL_TEST to run
test fixture_test_os::if_let_branch_divergent_types_in_expression_position_rejects_wado ... ignored, set CI/WADO_FULL_TEST to run
test fixture_test_os::if_let_init_scope_wado ... ignored, set CI/WADO_FULL_TEST to run
test fixture_test_os::if_let_some_ref_from_fn_wado ... ignored, set CI/WADO_FULL_TEST to run
test fixture_test_os::if_merged_wado ... ignored, set CI/WADO_FULL_TEST to run
test fixture_test_os::if_no_else_in_expression_position_rejects_wado ... ignored, set CI/WADO_FULL_TEST to run
test fixture_test_os::if_null_branch_vs_concrete_error_wado ... ignored, set CI/WADO_FULL_TEST to run
test fixture_test_os::import_from_nested_subdir_wado ... ignored, set CI/WADO_FULL_TEST to run
test fixture_test_os::import_from_subdir_wado ... ignored, set CI/WADO_FULL_TEST to run
test fixture_test_os::import_transitive_simple_wado ... ignored, set CI/WADO_FULL_TEST to run
test fixture_test_os::import_with_dot_segments_wado ... ignored, set CI/WADO_FULL_TEST to run
test fixture_test_os::include_bytes_basic_wado ... ignored, set CI/WADO_FULL_TEST to run
test fixture_test_os::include_bytes_not_found_wado ... ignored, set CI/WADO_FULL_TEST to run
test fixture_test_os::include_bytes_not_string_literal_wado ... ignored, set CI/WADO_FULL_TEST to run
test fixture_test_os::include_str_basic_wado ... ignored, set CI/WADO_FULL_TEST to run
test fixture_test_os::include_str_invalid_utf8_wado ... ignored, set CI/WADO_FULL_TEST to run
test fixture_test_os::include_str_no_parens_wado ... ignored, set CI/WADO_FULL_TEST to run
test fixture_test_os::include_str_not_found_wado ... ignored, set CI/WADO_FULL_TEST to run
test fixture_test_os::include_str_not_string_literal_wado ... ignored, set CI/WADO_FULL_TEST to run
test fixture_test_os::index_assign_types_wado ... ignored, set CI/WADO_FULL_TEST to run
test fixture_test_os::index_assign_wado ... ignored, set CI/WADO_FULL_TEST to run
test fixture_test_os::index_mut_method_call_wado ... ignored, set CI/WADO_FULL_TEST to run
test fixture_test_os::index_trait_assign_wado ... ignored, set CI/WADO_FULL_TEST to run
test fixture_test_os::index_trait_both_wado ... ignored, set CI/WADO_FULL_TEST to run
test fixture_test_os::index_trait_chained_wado ... ignored, set CI/WADO_FULL_TEST to run
test fixture_test_os::index_trait_complex_static_wado ... ignored, set CI/WADO_FULL_TEST to run
test fixture_test_os::index_trait_conditional_wado ... ignored, set CI/WADO_FULL_TEST to run
test fixture_test_os::index_trait_full_struct_wado ... ignored, set CI/WADO_FULL_TEST to run
test fixture_test_os::index_trait_function_wado ... ignored, set CI/WADO_FULL_TEST to run
test fixture_test_os::index_trait_loop_wado ... ignored, set CI/WADO_FULL_TEST to run
test fixture_test_os::index_trait_multiple_wado ... ignored, set CI/WADO_FULL_TEST to run
test fixture_test_os::index_trait_read_wado ... ignored, set CI/WADO_FULL_TEST to run
test fixture_test_os::index_value_generic_wado ... ignored, set CI/WADO_FULL_TEST to run
test fixture_test_os::index_value_option_pattern_wado ... ignored, set CI/WADO_FULL_TEST to run
test fixture_test_os::index_value_trait_wado ... ignored, set CI/WADO_FULL_TEST to run
test fixture_test_os::infer_builtin_array_new_from_lhs_wado ... ignored, set CI/WADO_FULL_TEST to run
test fixture_test_os::infer_builtin_select_in_generic_method_wado ... ignored, set CI/WADO_FULL_TEST to run
test fixture_test_os::infer_lhs_overrides_literal_wado ... ignored, set CI/WADO_FULL_TEST to run
test fixture_test_os::infer_method_type_arg_from_return_type_wado ... ignored, set CI/WADO_FULL_TEST to run
test fixture_test_os::infer_method_type_arg_uninferable_error_wado ... ignored, set CI/WADO_FULL_TEST to run
test fixture_test_os::infer_static_method_from_lhs_wado ... ignored, set CI/WADO_FULL_TEST to run
test fixture_test_os::infer_type_arg_from_assoc_bound_method_wado ... ignored, set CI/WADO_FULL_TEST to run
test fixture_test_os::infer_type_arg_from_assoc_bound_wado ... ignored, set CI/WADO_FULL_TEST to run
test fixture_test_os::inherent_impl_foreign_type_wado ... ignored, set CI/WADO_FULL_TEST to run
test fixture_test_os::inline_array_append_nested_wado ... ignored, set CI/WADO_FULL_TEST to run
test fixture_test_os::inline_cold_path_cost_wado ... ignored, set CI/WADO_FULL_TEST to run
test fixture_test_os::inline_cross_module_method_wado ... ignored, set CI/WADO_FULL_TEST to run
test fixture_test_os::inline_merged_wado ... ignored, set CI/WADO_FULL_TEST to run
test fixture_test_os::inline_mutual_recursive_generic_visit_wado ... ignored, set CI/WADO_FULL_TEST to run
test fixture_test_os::inline_primitive_method_wado ... ignored, set CI/WADO_FULL_TEST to run
test fixture_test_os::inline_u128_print_o3_regression_wado ... ignored, set CI/WADO_FULL_TEST to run
test fixture_test_os::inline_unlikely_cost_wado ... ignored, set CI/WADO_FULL_TEST to run
test fixture_test_os::inlining_test_wado ... ignored, set CI/WADO_FULL_TEST to run
test fixture_test_os::inspect_1_wado ... ignored, set CI/WADO_FULL_TEST to run
test fixture_test_os::inspect_2_wado ... ignored, set CI/WADO_FULL_TEST to run
test fixture_test_os::inspect_3_wado ... ignored, set CI/WADO_FULL_TEST to run
test fixture_test_os::inspect_closure_indirect_wado ... ignored, set CI/WADO_FULL_TEST to run
test fixture_test_os::inspect_closure_multi_sig_wado ... ignored, set CI/WADO_FULL_TEST to run
test fixture_test_os::inspect_fn_cross_module_wado ... ignored, set CI/WADO_FULL_TEST to run
test fixture_test_os::inspect_fnref_wado ... ignored, set CI/WADO_FULL_TEST to run
test fixture_test_os::inspect_ref_array_field_wado ... ignored, set CI/WADO_FULL_TEST to run
test fixture_test_os::inspect_struct_unit_field_wado ... ignored, set CI/WADO_FULL_TEST to run
test fixture_test_os::int128_coercion_wado ... ignored, set CI/WADO_FULL_TEST to run
test fixture_test_os::int128_large_literal_wado ... ignored, set CI/WADO_FULL_TEST to run
test fixture_test_os::integer_1_wado ... ignored, set CI/WADO_FULL_TEST to run
test fixture_test_os::integer_2_wado ... ignored, set CI/WADO_FULL_TEST to run
test fixture_test_os::internal_f64_to_string_wado ... ignored, set CI/WADO_FULL_TEST to run
test fixture_test_os::into_iterator_item_bound_wado ... ignored, set CI/WADO_FULL_TEST to run
test fixture_test_os::iter_map_collect_variant_wado ... ignored, set CI/WADO_FULL_TEST to run
test fixture_test_os::iterator_assoc_type_chain_wado ... ignored, set CI/WADO_FULL_TEST to run
test fixture_test_os::iterator_filter_o3_regression_wado ... ignored, set CI/WADO_FULL_TEST to run
test fixture_test_os::iterator_generic_map_cross_module_wado ... ignored, set CI/WADO_FULL_TEST to run
test fixture_test_os::iterator_generic_map_test_wado ... ignored, set CI/WADO_FULL_TEST to run
test fixture_test_os::iterator_generic_map_wado ... ignored, set CI/WADO_FULL_TEST to run
test fixture_test_os::iterator_merged_wado ... ignored, set CI/WADO_FULL_TEST to run
test fixture_test_os::iterator_trait_map_wado ... ignored, set CI/WADO_FULL_TEST to run
test fixture_test_os::key_value_literal_blanket_impl_wado ... ignored, set CI/WADO_FULL_TEST to run
test fixture_test_os::key_value_literal_both_traits_wado ... ignored, set CI/WADO_FULL_TEST to run
test fixture_test_os::key_value_literal_conditional_wado ... ignored, set CI/WADO_FULL_TEST to run
test fixture_test_os::key_value_literal_immutable_wado ... ignored, set CI/WADO_FULL_TEST to run
test fixture_test_os::labeled_block_break_coercion_wado ... ignored, set CI/WADO_FULL_TEST to run
test fixture_test_os::labeled_block_break_null_coercion_wado ... ignored, set CI/WADO_FULL_TEST to run
test fixture_test_os::labeled_block_break_shadowed_label_wado ... ignored, set CI/WADO_FULL_TEST to run
test fixture_test_os::labeled_block_error_break_null_uninferable_wado ... ignored, set CI/WADO_FULL_TEST to run
test fixture_test_os::labeled_block_error_break_null_vs_concrete_wado ... ignored, set CI/WADO_FULL_TEST to run
test fixture_test_os::labeled_block_error_break_type_mismatch_wado ... ignored, set CI/WADO_FULL_TEST to run
test fixture_test_os::labeled_block_error_unknown_label_wado ... ignored, set CI/WADO_FULL_TEST to run
test fixture_test_os::labeled_block_wado ... ignored, set CI/WADO_FULL_TEST to run
test fixture_test_os::let_immutable_reassign_error_wado ... ignored, set CI/WADO_FULL_TEST to run
test fixture_test_os::licm_alias_mut_ref_loop_wado ... ignored, set CI/WADO_FULL_TEST to run
test fixture_test_os::likely_unlikely_wado ... ignored, set CI/WADO_FULL_TEST to run
test fixture_test_os::local_integers_mut_wado ... ignored, set CI/WADO_FULL_TEST to run
test fixture_test_os::local_merged_wado ... ignored, set CI/WADO_FULL_TEST to run
test fixture_test_os::location_function_wado ... ignored, set CI/WADO_FULL_TEST to run
test fixture_test_os::location_literal_data_no_section_wado ... ignored, set CI/WADO_FULL_TEST to run
test fixture_test_os::location_literal_submodule_wado ... ignored, set CI/WADO_FULL_TEST to run
test fixture_test_os::location_literal_unknown_wado ... ignored, set CI/WADO_FULL_TEST to run
test fixture_test_os::location_merged_wado ... ignored, set CI/WADO_FULL_TEST to run
test fixture_test_os::log_stderr_explicit_import_wado ... ignored, set CI/WADO_FULL_TEST to run
test fixture_test_os::log_stderr_from_cli_wado ... ignored, set CI/WADO_FULL_TEST to run
test fixture_test_os::log_stderr_not_exported_wado ... ignored, set CI/WADO_FULL_TEST to run
test fixture_test_os::log_stdout_explicit_import_wado ... ignored, set CI/WADO_FULL_TEST to run
test fixture_test_os::log_stdout_from_cli_wado ... ignored, set CI/WADO_FULL_TEST to run
test fixture_test_os::loop_basic_wado ... ignored, set CI/WADO_FULL_TEST to run
test fixture_test_os::loop_continue_wado ... ignored, set CI/WADO_FULL_TEST to run
test fixture_test_os::loop_nested_wado ... ignored, set CI/WADO_FULL_TEST to run
test fixture_test_os::loop_with_inner_labeled_break_is_divergent_wado ... ignored, set CI/WADO_FULL_TEST to run
test fixture_test_os::match_1_wado ... ignored, set CI/WADO_FULL_TEST to run
test fixture_test_os::match_2_wado ... ignored, set CI/WADO_FULL_TEST to run
test fixture_test_os::match_all_null_arms_error_wado ... ignored, set CI/WADO_FULL_TEST to run
test fixture_test_os::match_arm_discarded_call_invalid_wasm_wado ... ignored, set CI/WADO_FULL_TEST to run
test fixture_test_os::match_arm_discarded_call_semicolon_irrelevant_wado ... ignored, set CI/WADO_FULL_TEST to run
test fixture_test_os::match_arm_divergent_types_in_expression_position_rejects_wado ... ignored, set CI/WADO_FULL_TEST to run
test fixture_test_os::match_arm_scope_error_wado ... ignored, set CI/WADO_FULL_TEST to run
test fixture_test_os::match_arm_struct_field_invalid_wasm_wado ... ignored, set CI/WADO_FULL_TEST to run
test fixture_test_os::match_associated_constant_pattern_wado ... ignored, set CI/WADO_FULL_TEST to run
test fixture_test_os::match_break_in_while_wado ... ignored, set CI/WADO_FULL_TEST to run
test fixture_test_os::match_break_many_arms_wado ... ignored, set CI/WADO_FULL_TEST to run
test fixture_test_os::match_comprehensive_wado ... ignored, set CI/WADO_FULL_TEST to run
test fixture_test_os::match_ergonomics_let_destructure_wado ... ignored, set CI/WADO_FULL_TEST to run
test fixture_test_os::match_ergonomics_mut_ref_wado ... ignored, set CI/WADO_FULL_TEST to run
test fixture_test_os::match_ergonomics_wado ... ignored, set CI/WADO_FULL_TEST to run
test fixture_test_os::match_exhaustive_bool_error_wado ... ignored, set CI/WADO_FULL_TEST to run
test fixture_test_os::match_exhaustive_enum_error_wado ... ignored, set CI/WADO_FULL_TEST to run
test fixture_test_os::match_exhaustive_option_error_wado ... ignored, set CI/WADO_FULL_TEST to run
test fixture_test_os::match_exhaustive_option_only_none_error_wado ... ignored, set CI/WADO_FULL_TEST to run
test fixture_test_os::match_exhaustive_option_only_null_error_wado ... ignored, set CI/WADO_FULL_TEST to run
test fixture_test_os::match_exhaustive_variant_error_wado ... ignored, set CI/WADO_FULL_TEST to run
test fixture_test_os::match_expr_scope_error_wado ... ignored, set CI/WADO_FULL_TEST to run
test fixture_test_os::match_global_constant_pattern_wado ... ignored, set CI/WADO_FULL_TEST to run
test fixture_test_os::match_literal_f32_wado ... ignored, set CI/WADO_FULL_TEST to run
test fixture_test_os::match_literal_f64_wado ... ignored, set CI/WADO_FULL_TEST to run
test fixture_test_os::match_literal_i128_guarded_wado ... ignored, set CI/WADO_FULL_TEST to run
test fixture_test_os::match_literal_i128_large_wado ... ignored, set CI/WADO_FULL_TEST to run
test fixture_test_os::match_literal_i128_side_effect_wado ... ignored, set CI/WADO_FULL_TEST to run
test fixture_test_os::match_literal_wado ... ignored, set CI/WADO_FULL_TEST to run
test fixture_test_os::match_nested_guard_variant_in_tuple_wado ... ignored, set CI/WADO_FULL_TEST to run
test fixture_test_os::match_nested_patterns_wado ... ignored, set CI/WADO_FULL_TEST to run
test fixture_test_os::match_nested_struct_in_variant_wado ... ignored, set CI/WADO_FULL_TEST to run
test fixture_test_os::match_nested_three_level_wado ... ignored, set CI/WADO_FULL_TEST to run
test fixture_test_os::match_nested_variant_in_variant_wado ... ignored, set CI/WADO_FULL_TEST to run
test fixture_test_os::match_nested_variant_tuple_payload_wado ... ignored, set CI/WADO_FULL_TEST to run
test fixture_test_os::match_null_arm_infers_option_inner_wado ... ignored, set CI/WADO_FULL_TEST to run
test fixture_test_os::match_null_arm_vs_concrete_error_wado ... ignored, set CI/WADO_FULL_TEST to run
test fixture_test_os::match_or_pattern_1_wado ... ignored, set CI/WADO_FULL_TEST to run
test fixture_test_os::match_or_pattern_2_wado ... ignored, set CI/WADO_FULL_TEST to run
test fixture_test_os::match_or_pattern_3_wado ... ignored, set CI/WADO_FULL_TEST to run
test fixture_test_os::match_or_pattern_4_wado ... ignored, set CI/WADO_FULL_TEST to run
test fixture_test_os::match_or_pattern_5_wado ... ignored, set CI/WADO_FULL_TEST to run
test fixture_test_os::match_or_pattern_6_wado ... ignored, set CI/WADO_FULL_TEST to run
test fixture_test_os::match_or_pattern_iflet_1_wado ... ignored, set CI/WADO_FULL_TEST to run
test fixture_test_os::match_or_pattern_string_wado ... ignored, set CI/WADO_FULL_TEST to run
test fixture_test_os::match_return_from_arm_wado ... ignored, set CI/WADO_FULL_TEST to run
test fixture_test_os::match_tuple_pattern_on_array_error_wado ... ignored, set CI/WADO_FULL_TEST to run
test fixture_test_os::match_tuple_pattern_on_array_iflet_error_wado ... ignored, set CI/WADO_FULL_TEST to run
test fixture_test_os::match_variant_1_wado ... ignored, set CI/WADO_FULL_TEST to run
test fixture_test_os::match_variant_2_wado ... ignored, set CI/WADO_FULL_TEST to run
test fixture_test_os::match_variant_array_struct_in_arm_wado ... ignored, set CI/WADO_FULL_TEST to run
test fixture_test_os::match_variant_import_module_wado ... ignored, set CI/WADO_FULL_TEST to run
test fixture_test_os::match_variant_import_wado ... ignored, set CI/WADO_FULL_TEST to run
test fixture_test_os::matches_guard_non_bool_error_wado ... ignored, set CI/WADO_FULL_TEST to run
test fixture_test_os::matches_merged_wado ... ignored, set CI/WADO_FULL_TEST to run
test fixture_test_os::matches_option_string_literal_wado ... ignored, set CI/WADO_FULL_TEST to run
test fixture_test_os::matches_prefix_error_wado ... ignored, set CI/WADO_FULL_TEST to run
test fixture_test_os::matches_scope_error_wado ... ignored, set CI/WADO_FULL_TEST to run
test fixture_test_os::method_turbofish_non_generic_struct_wado ... ignored, set CI/WADO_FULL_TEST to run
test fixture_test_os::missing_return_closure_partial_if_wado ... ignored, set CI/WADO_FULL_TEST to run
test fixture_test_os::missing_return_closure_semicolon_wado ... ignored, set CI/WADO_FULL_TEST to run
test fixture_test_os::missing_return_closure_wado ... ignored, set CI/WADO_FULL_TEST to run
test fixture_test_os::missing_return_definite_exit_paths_wado ... ignored, set CI/WADO_FULL_TEST to run
test fixture_test_os::missing_return_fn_semicolon_wado ... ignored, set CI/WADO_FULL_TEST to run
test fixture_test_os::missing_return_fn_wado ... ignored, set CI/WADO_FULL_TEST to run
test fixture_test_os::missing_return_if_panic_no_else_wado ... ignored, set CI/WADO_FULL_TEST to run
test fixture_test_os::missing_return_method_wado ... ignored, set CI/WADO_FULL_TEST to run
test fixture_test_os::missing_return_partial_if_wado ... ignored, set CI/WADO_FULL_TEST to run
test fixture_test_os::mixed_int_float_arithmetic_wado ... ignored, set CI/WADO_FULL_TEST to run
test fixture_test_os::module_attr_generated_meta_wado ... ignored, set CI/WADO_FULL_TEST to run
test fixture_test_os::module_attr_generated_wado ... ignored, set CI/WADO_FULL_TEST to run
test fixture_test_os::module_attr_todo_compile_error_wado ... ignored, set CI/WADO_FULL_TEST to run
test fixture_test_os::module_attr_todo_wado ... ignored, set CI/WADO_FULL_TEST to run
test fixture_test_os::monotonic_clock_now_wado ... ignored, set CI/WADO_FULL_TEST to run
test fixture_test_os::multiple_effect_imports_wado ... ignored, set CI/WADO_FULL_TEST to run
test fixture_test_os::multiple_println_wado ... ignored, set CI/WADO_FULL_TEST to run
test fixture_test_os::mut_param_error_assign_wado ... ignored, set CI/WADO_FULL_TEST to run
test fixture_test_os::mut_param_merged_wado ... ignored, set CI/WADO_FULL_TEST to run
test fixture_test_os::mut_param_wado ... ignored, set CI/WADO_FULL_TEST to run
test fixture_test_os::mut_ref_if_return_wado ... ignored, set CI/WADO_FULL_TEST to run
test fixture_test_os::namespace_import_core_wado ... ignored, set CI/WADO_FULL_TEST to run
test fixture_test_os::namespace_import_enum_wado ... ignored, set CI/WADO_FULL_TEST to run
test fixture_test_os::namespace_import_struct_wado ... ignored, set CI/WADO_FULL_TEST to run
test fixture_test_os::namespace_import_wado ... ignored, set CI/WADO_FULL_TEST to run
test fixture_test_os::nested_array_wado ... ignored, set CI/WADO_FULL_TEST to run
test fixture_test_os::nested_variant_match_ref_test_wado ... ignored, set CI/WADO_FULL_TEST to run
test fixture_test_os::never_binary_op_trap_wado ... ignored, set CI/WADO_FULL_TEST to run
test fixture_test_os::never_global_trap_wado ... ignored, set CI/WADO_FULL_TEST to run
test fixture_test_os::never_let_binding_trap_wado ... ignored, set CI/WADO_FULL_TEST to run
test fixture_test_os::never_let_local_via_closure_wado ... ignored, set CI/WADO_FULL_TEST to run
test fixture_test_os::never_merged_wado ... ignored, set CI/WADO_FULL_TEST to run
test fixture_test_os::never_return_wado ... ignored, set CI/WADO_FULL_TEST to run
test fixture_test_os::newtype_array_sort_wado ... ignored, set CI/WADO_FULL_TEST to run
test fixture_test_os::newtype_basic_wado ... ignored, set CI/WADO_FULL_TEST to run
test fixture_test_os::newtype_chained_method_wado ... ignored, set CI/WADO_FULL_TEST to run
test fixture_test_os::newtype_chained_wado ... ignored, set CI/WADO_FULL_TEST to run
test fixture_test_os::newtype_closure_coercion_wado ... ignored, set CI/WADO_FULL_TEST to run
test fixture_test_os::newtype_float_types_wado ... ignored, set CI/WADO_FULL_TEST to run
test fixture_test_os::newtype_generic_container_return_wado ... ignored, set CI/WADO_FULL_TEST to run
test fixture_test_os::newtype_generic_trait_dispatch_wado ... ignored, set CI/WADO_FULL_TEST to run
test fixture_test_os::newtype_generic_wado ... ignored, set CI/WADO_FULL_TEST to run
test fixture_test_os::newtype_impl_not_on_base_wado ... ignored, set CI/WADO_FULL_TEST to run
test fixture_test_os::newtype_impl_wado ... ignored, set CI/WADO_FULL_TEST to run
test fixture_test_os::newtype_index_trait_wado ... ignored, set CI/WADO_FULL_TEST to run
test fixture_test_os::newtype_integer_types_wado ... ignored, set CI/WADO_FULL_TEST to run
test fixture_test_os::newtype_method_inheritance_wado ... ignored, set CI/WADO_FULL_TEST to run
test fixture_test_os::newtype_multiple_params_wado ... ignored, set CI/WADO_FULL_TEST to run
test fixture_test_os::newtype_operator_trait_wado ... ignored, set CI/WADO_FULL_TEST to run
test fixture_test_os::newtype_option_pattern_wado ... ignored, set CI/WADO_FULL_TEST to run
test fixture_test_os::newtype_return_type_wado ... ignored, set CI/WADO_FULL_TEST to run
test fixture_test_os::newtype_static_method_wado ... ignored, set CI/WADO_FULL_TEST to run
test fixture_test_os::newtype_string_coercion_wado ... ignored, set CI/WADO_FULL_TEST to run
test fixture_test_os::newtype_trait_bounds_wado ... ignored, set CI/WADO_FULL_TEST to run
test fixture_test_os::newtype_trait_method_wado ... ignored, set CI/WADO_FULL_TEST to run
test fixture_test_os::newtype_wasi_wado ... ignored, set CI/WADO_FULL_TEST to run
test fixture_test_os::niri_branch_hint_const_fold_wado ... ignored, set CI/WADO_FULL_TEST to run
test fixture_test_os::niri_if_arm_meet_nested_match_arm_wado ... ignored, set CI/WADO_FULL_TEST to run
test fixture_test_os::niri_if_arm_meet_preserves_fields_wado ... ignored, set CI/WADO_FULL_TEST to run
test fixture_test_os::niri_if_bool_arms_collapse_wado ... ignored, set CI/WADO_FULL_TEST to run
test fixture_test_os::niri_labeled_block_non_tail_break_wado ... ignored, set CI/WADO_FULL_TEST to run
test fixture_test_os::niri_loop_invariant_array_len_wado ... ignored, set CI/WADO_FULL_TEST to run
test fixture_test_os::niri_loop_writes_drop_field_env_wado ... ignored, set CI/WADO_FULL_TEST to run
test fixture_test_os::niri_match_const_fold_wado ... ignored, set CI/WADO_FULL_TEST to run
test fixture_test_os::niri_match_enum_discriminator_wado ... ignored, set CI/WADO_FULL_TEST to run
test fixture_test_os::niri_pure_call_fold_wado ... ignored, set CI/WADO_FULL_TEST to run
test fixture_test_os::niri_trapping_then_preserves_fields_wado ... ignored, set CI/WADO_FULL_TEST to run
test fixture_test_os::number_literal_decimal_not_int_wado ... ignored, set CI/WADO_FULL_TEST to run
test fixture_test_os::number_literal_neg_exp_not_int_wado ... ignored, set CI/WADO_FULL_TEST to run
test fixture_test_os::number_literal_overflow_wado ... ignored, set CI/WADO_FULL_TEST to run
test fixture_test_os::number_literal_wado ... ignored, set CI/WADO_FULL_TEST to run
test fixture_test_os::operator_missing_trait_error_wado ... ignored, set CI/WADO_FULL_TEST to run
test fixture_test_os::operator_not_applicable_mixed_wado ... ignored, set CI/WADO_FULL_TEST to run
test fixture_test_os::operator_not_applicable_string_wado ... ignored, set CI/WADO_FULL_TEST to run
test fixture_test_os::opt_codewriter_miscompile_wado ... ignored, set CI/WADO_FULL_TEST to run
test fixture_test_os::opt_const_fold_aliased_field_wado ... ignored, set CI/WADO_FULL_TEST to run
test fixture_test_os::opt_const_fold_div_zero_wado ... ignored, set CI/WADO_FULL_TEST to run
test fixture_test_os::opt_const_wado ... ignored, set CI/WADO_FULL_TEST to run
test fixture_test_os::opt_container_sroa_edge_wado ... ignored, set CI/WADO_FULL_TEST to run
test fixture_test_os::opt_container_sroa_nondup_idx_wado ... ignored, set CI/WADO_FULL_TEST to run
test fixture_test_os::opt_container_sroa_struct_wado ... ignored, set CI/WADO_FULL_TEST to run
test fixture_test_os::opt_container_sroa_tuple_wado ... ignored, set CI/WADO_FULL_TEST to run
test fixture_test_os::opt_copy_prop_multi_field_wado ... ignored, set CI/WADO_FULL_TEST to run
test fixture_test_os::opt_copy_prop_nested_variant_wado ... ignored, set CI/WADO_FULL_TEST to run
test fixture_test_os::opt_copy_prop_while_let_wado ... ignored, set CI/WADO_FULL_TEST to run
test fixture_test_os::opt_crossmod_array_wado ... ignored, set CI/WADO_FULL_TEST to run
test fixture_test_os::opt_dce_break_then_unreachable_wado ... ignored, set CI/WADO_FULL_TEST to run
test fixture_test_os::opt_dce_tail_break_flatten_wado ... ignored, set CI/WADO_FULL_TEST to run
test fixture_test_os::opt_dce_trap_preserved_unread_let_wado ... ignored, set CI/WADO_FULL_TEST to run
test fixture_test_os::opt_elide_adjacent_struct_local_intervening_copy_wado ... ignored, set CI/WADO_FULL_TEST to run
test fixture_test_os::opt_elide_adjacent_struct_local_wado ... ignored, set CI/WADO_FULL_TEST to run
test fixture_test_os::opt_elide_box_local_expr_clobbers_intervening_wado ... ignored, set CI/WADO_FULL_TEST to run
test fixture_test_os::opt_elide_box_local_observable_before_field_wado ... ignored, set CI/WADO_FULL_TEST to run
test fixture_test_os::opt_elide_box_local_shortcircuit_right_arm_wado ... ignored, set CI/WADO_FULL_TEST to run
test fixture_test_os::opt_eqz_wado ... ignored, set CI/WADO_FULL_TEST to run
test fixture_test_os::opt_fusion_no_dead_break_wado ... ignored, set CI/WADO_FULL_TEST to run
test fixture_test_os::opt_hfs_immut_ref_method_reread_wado ... ignored, set CI/WADO_FULL_TEST to run
test fixture_test_os::opt_hfs_immut_ref_no_reread_wado ... ignored, set CI/WADO_FULL_TEST to run
test fixture_test_os::opt_hfs_immut_ref_sync_wado ... ignored, set CI/WADO_FULL_TEST to run
test fixture_test_os::opt_hfs_labeled_block_match_wado ... ignored, set CI/WADO_FULL_TEST to run
test fixture_test_os::opt_hfs_loop_exit_no_writeback_wado ... ignored, set CI/WADO_FULL_TEST to run
test fixture_test_os::opt_hfs_mixed_ref_sync_wado ... ignored, set CI/WADO_FULL_TEST to run
test fixture_test_os::opt_hfs_mut_ref_reread_wado ... ignored, set CI/WADO_FULL_TEST to run
test fixture_test_os::opt_hfs_stores_ref_sync_wado ... ignored, set CI/WADO_FULL_TEST to run
test fixture_test_os::opt_inline_backtrack_miscompile_wado ... ignored, set CI/WADO_FULL_TEST to run
test fixture_test_os::opt_inline_duplicate_fn_wado ... ignored, set CI/WADO_FULL_TEST to run
test fixture_test_os::opt_inline_wado ... ignored, set CI/WADO_FULL_TEST to run
test fixture_test_os::opt_labeled_block_copy_mutation_wado ... ignored, set CI/WADO_FULL_TEST to run
test fixture_test_os::opt_labeled_block_fusion_wado ... ignored, set CI/WADO_FULL_TEST to run
test fixture_test_os::opt_licm_aliased_field_via_call_wado ... ignored, set CI/WADO_FULL_TEST to run
test fixture_test_os::opt_licm_aliased_mut_ref_params_wado ... ignored, set CI/WADO_FULL_TEST to run
test fixture_test_os::opt_licm_aliased_ref_fields_wado ... ignored, set CI/WADO_FULL_TEST to run
test fixture_test_os::opt_licm_immut_ref_method_wado ... ignored, set CI/WADO_FULL_TEST to run
test fixture_test_os::opt_licm_immut_ref_mixed_wado ... ignored, set CI/WADO_FULL_TEST to run
test fixture_test_os::opt_licm_immut_ref_multi_wado ... ignored, set CI/WADO_FULL_TEST to run
test fixture_test_os::opt_licm_immut_ref_wado ... ignored, set CI/WADO_FULL_TEST to run
test fixture_test_os::opt_licm_mut_ref_no_hoist_wado ... ignored, set CI/WADO_FULL_TEST to run
test fixture_test_os::opt_licm_nested_ref_chain_wado ... ignored, set CI/WADO_FULL_TEST to run
test fixture_test_os::opt_multi_value_user_struct_break_wado ... ignored, set CI/WADO_FULL_TEST to run
test fixture_test_os::opt_multi_value_user_struct_escape_wado ... ignored, set CI/WADO_FULL_TEST to run
test fixture_test_os::opt_multi_value_user_struct_match_wado ... ignored, set CI/WADO_FULL_TEST to run
test fixture_test_os::opt_multi_value_user_struct_wado ... ignored, set CI/WADO_FULL_TEST to run
test fixture_test_os::opt_ref_elim_inline_shadow_wado ... ignored, set CI/WADO_FULL_TEST to run
test fixture_test_os::opt_ref_elim_rebound_local_wado ... ignored, set CI/WADO_FULL_TEST to run
test fixture_test_os::opt_sroa_box_parameter_wado ... ignored, set CI/WADO_FULL_TEST to run
test fixture_test_os::opt_sroa_edge_cases_wado ... ignored, set CI/WADO_FULL_TEST to run
test fixture_test_os::opt_sroa_intraprocedural_wado ... ignored, set CI/WADO_FULL_TEST to run
test fixture_test_os::opt_sroa_newtype_param_wado ... ignored, set CI/WADO_FULL_TEST to run
test fixture_test_os::opt_sroa_param_aliased_ref_wado ... ignored, set CI/WADO_FULL_TEST to run
test fixture_test_os::opt_sroa_param_nested_same_field_wado ... ignored, set CI/WADO_FULL_TEST to run
test fixture_test_os::opt_sroa_return_match_wado ... ignored, set CI/WADO_FULL_TEST to run
test fixture_test_os::opt_sroa_single_field_wado ... ignored, set CI/WADO_FULL_TEST to run
test fixture_test_os::opt_sroa_stores_ref_blocked_wado ... ignored, set CI/WADO_FULL_TEST to run
test fixture_test_os::opt_sroa_stores_ref_mixed_wado ... ignored, set CI/WADO_FULL_TEST to run
test fixture_test_os::opt_sroa_stores_ref_mut_wado ... ignored, set CI/WADO_FULL_TEST to run
test fixture_test_os::opt_sroa_stores_ref_wado ... ignored, set CI/WADO_FULL_TEST to run
test fixture_test_os::opt_sroa_variant_br_exit_wado ... ignored, set CI/WADO_FULL_TEST to run
test fixture_test_os::opt_sroa_variant_per_case_wado ... ignored, set CI/WADO_FULL_TEST to run
test fixture_test_os::opt_sroa_variant_prefix_overinvalidate_wado ... ignored, set CI/WADO_FULL_TEST to run
test fixture_test_os::opt_sroa_variant_return_if_descent_wado ... ignored, set CI/WADO_FULL_TEST to run
test fixture_test_os::opt_sroa_variant_return_temp_elide_wado ... ignored, set CI/WADO_FULL_TEST to run
test fixture_test_os::opt_sroa_variant_tail_call_wado ... ignored, set CI/WADO_FULL_TEST to run
test fixture_test_os::opt_sroa_variant_wado ... ignored, set CI/WADO_FULL_TEST to run
test fixture_test_os::opt_sroa_wado ... ignored, set CI/WADO_FULL_TEST to run
test fixture_test_os::opt_string_push_short_literal_wado ... ignored, set CI/WADO_FULL_TEST to run
test fixture_test_os::opt_walk_fn_miscompile_wado ... ignored, set CI/WADO_FULL_TEST to run
test fixture_test_os::opt_wir_dead_if_zero_wado ... ignored, set CI/WADO_FULL_TEST to run
test fixture_test_os::optimize_bce_field_access_equiv_wado ... ignored, set CI/WADO_FULL_TEST to run
test fixture_test_os::optimize_bce_if_guard_wado ... ignored, set CI/WADO_FULL_TEST to run
test fixture_test_os::optimize_bce_ref_param_wado ... ignored, set CI/WADO_FULL_TEST to run
test fixture_test_os::optimize_bitmask_bce_wado ... ignored, set CI/WADO_FULL_TEST to run
test fixture_test_os::option_construct_wado ... ignored, set CI/WADO_FULL_TEST to run
test fixture_test_os::option_i32_struct_field_wado ... ignored, set CI/WADO_FULL_TEST to run
test fixture_test_os::option_match_invalid_wado ... ignored, set CI/WADO_FULL_TEST to run
test fixture_test_os::option_match_wado ... ignored, set CI/WADO_FULL_TEST to run
test fixture_test_os::ordering_basic_wado ... ignored, set CI/WADO_FULL_TEST to run
test fixture_test_os::orphan_rule_allowed_local_generic_self_wado ... ignored, set CI/WADO_FULL_TEST to run
test fixture_test_os::orphan_rule_allowed_local_self_wado ... ignored, set CI/WADO_FULL_TEST to run
test fixture_test_os::orphan_rule_allowed_local_trait_wado ... ignored, set CI/WADO_FULL_TEST to run
test fixture_test_os::orphan_rule_allowed_rfc2451_wado ... ignored, set CI/WADO_FULL_TEST to run
test fixture_test_os::orphan_rule_error_both_foreign_wado ... ignored, set CI/WADO_FULL_TEST to run
test fixture_test_os::orphan_rule_error_foreign_generic_self_wado ... ignored, set CI/WADO_FULL_TEST to run
test fixture_test_os::orphan_rule_error_rfc2451_no_local_wado ... ignored, set CI/WADO_FULL_TEST to run
test fixture_test_os::orphan_rule_error_uncovered_param_before_local_wado ... ignored, set CI/WADO_FULL_TEST to run
test fixture_test_os::orphan_rule_error_uncovered_type_param_wado ... ignored, set CI/WADO_FULL_TEST to run
test fixture_test_os::panic_basic_wado ... ignored, set CI/WADO_FULL_TEST to run
test fixture_test_os::panic_stack_trace_names_wado ... ignored, set CI/WADO_FULL_TEST to run
test fixture_test_os::pattern_match_exhaustive_variant_last_arm_wado ... ignored, set CI/WADO_FULL_TEST to run
test fixture_test_os::pattern_match_non_exhaustive_keeps_fallback_wado ... ignored, set CI/WADO_FULL_TEST to run
test fixture_test_os::pattern_mut_binding_wado ... ignored, set CI/WADO_FULL_TEST to run
test fixture_test_os::precedence_error_chain_mixed_direction_wado ... ignored, set CI/WADO_FULL_TEST to run
test fixture_test_os::precedence_error_chain_mixed_equality_wado ... ignored, set CI/WADO_FULL_TEST to run
test fixture_test_os::precedence_error_chain_not_equal_wado ... ignored, set CI/WADO_FULL_TEST to run
test fixture_test_os::precedence_merged_wado ... ignored, set CI/WADO_FULL_TEST to run
test fixture_test_os::prelude_type_collision_wado ... ignored, set CI/WADO_FULL_TEST to run
test fixture_test_os::primitive_arithmetic_wado ... ignored, set CI/WADO_FULL_TEST to run
test fixture_test_os::pub_struct_field_access_ok_wado ... ignored, set CI/WADO_FULL_TEST to run
test fixture_test_os::pub_struct_field_access_wado ... ignored, set CI/WADO_FULL_TEST to run
test fixture_test_os::pub_struct_field_literal_error_wado ... ignored, set CI/WADO_FULL_TEST to run
test fixture_test_os::pub_struct_field_same_module_wado ... ignored, set CI/WADO_FULL_TEST to run
test fixture_test_os::pub_use_alias_facade_wado ... ignored, set CI/WADO_FULL_TEST to run
test fixture_test_os::pub_use_alias_wado ... ignored, set CI/WADO_FULL_TEST to run
test fixture_test_os::pub_use_chain_a_wado ... ignored, set CI/WADO_FULL_TEST to run
test fixture_test_os::pub_use_chain_b_wado ... ignored, set CI/WADO_FULL_TEST to run
test fixture_test_os::pub_use_chain_c_wado ... ignored, set CI/WADO_FULL_TEST to run
test fixture_test_os::pub_use_chain_wado ... ignored, set CI/WADO_FULL_TEST to run
test fixture_test_os::pub_use_facade_wado ... ignored, set CI/WADO_FULL_TEST to run
test fixture_test_os::pub_use_lib_wado ... ignored, set CI/WADO_FULL_TEST to run
test fixture_test_os::pub_use_prelude_mod_wado ... ignored, set CI/WADO_FULL_TEST to run
test fixture_test_os::pub_use_prelude_types_wado ... ignored, set CI/WADO_FULL_TEST to run
test fixture_test_os::pub_use_prelude_wado ... ignored, set CI/WADO_FULL_TEST to run
test fixture_test_os::pub_use_wado ... ignored, set CI/WADO_FULL_TEST to run
test fixture_test_os::range_match_assoc_const_wado ... ignored, set CI/WADO_FULL_TEST to run
test fixture_test_os::range_match_basic_wado ... ignored, set CI/WADO_FULL_TEST to run
test fixture_test_os::range_match_char_wado ... ignored, set CI/WADO_FULL_TEST to run
test fixture_test_os::range_match_empty_pattern_error_wado ... ignored, set CI/WADO_FULL_TEST to run
test fixture_test_os::range_match_exhaustive_error_wado ... ignored, set CI/WADO_FULL_TEST to run
test fixture_test_os::range_match_exhaustive_u8_wado ... ignored, set CI/WADO_FULL_TEST to run
test fixture_test_os::range_match_overlap_error_wado ... ignored, set CI/WADO_FULL_TEST to run
test fixture_test_os::range_match_reversed_char_pattern_error_wado ... ignored, set CI/WADO_FULL_TEST to run
test fixture_test_os::range_match_reversed_inclusive_pattern_error_wado ... ignored, set CI/WADO_FULL_TEST to run
test fixture_test_os::range_match_reversed_pattern_error_wado ... ignored, set CI/WADO_FULL_TEST to run
test fixture_test_os::range_matches_operator_wado ... ignored, set CI/WADO_FULL_TEST to run
test fixture_test_os::range_non_ord_error_wado ... ignored, set CI/WADO_FULL_TEST to run
test fixture_test_os::range_precedence_wado ... ignored, set CI/WADO_FULL_TEST to run
test fixture_test_os::range_reversed_char_error_wado ... ignored, set CI/WADO_FULL_TEST to run
test fixture_test_os::range_reversed_error_wado ... ignored, set CI/WADO_FULL_TEST to run
test fixture_test_os::range_reversed_inclusive_error_wado ... ignored, set CI/WADO_FULL_TEST to run
test fixture_test_os::range_reversed_negative_error_wado ... ignored, set CI/WADO_FULL_TEST to run
test fixture_test_os::range_type_mismatch_error_wado ... ignored, set CI/WADO_FULL_TEST to run
test fixture_test_os::recursive_generic_struct_wado ... ignored, set CI/WADO_FULL_TEST to run
test fixture_test_os::ref_1_wado ... ignored, set CI/WADO_FULL_TEST to run
test fixture_test_os::ref_2_wado ... ignored, set CI/WADO_FULL_TEST to run
test fixture_test_os::ref_3_wado ... ignored, set CI/WADO_FULL_TEST to run
test fixture_test_os::ref_edge_immut_assign_wado ... ignored, set CI/WADO_FULL_TEST to run
test fixture_test_os::ref_edge_mut_immut_wado ... ignored, set CI/WADO_FULL_TEST to run
test fixture_test_os::ref_equality_error_arithmetic_wado ... ignored, set CI/WADO_FULL_TEST to run
test fixture_test_os::ref_equality_error_ordering_wado ... ignored, set CI/WADO_FULL_TEST to run
test fixture_test_os::ref_equality_no_eq_wado ... ignored, set CI/WADO_FULL_TEST to run
test fixture_test_os::ref_equality_struct_with_ref_wado ... ignored, set CI/WADO_FULL_TEST to run
test fixture_test_os::ref_equality_wado ... ignored, set CI/WADO_FULL_TEST to run
test fixture_test_os::ref_field_ref_wado ... ignored, set CI/WADO_FULL_TEST to run
test fixture_test_os::ref_impl_dispatch_list_vs_array_wado ... ignored, set CI/WADO_FULL_TEST to run
test fixture_test_os::ref_method_receivers_error_self_by_value_wado ... ignored, set CI/WADO_FULL_TEST to run
test fixture_test_os::resolver_error_unknown_identifier_wado ... ignored, set CI/WADO_FULL_TEST to run
test fixture_test_os::resource_method_instance_wado ... ignored, set CI/WADO_FULL_TEST to run
test fixture_test_os::resource_method_static_wado ... ignored, set CI/WADO_FULL_TEST to run
test fixture_test_os::result_basic_wado ... ignored, set CI/WADO_FULL_TEST to run
test fixture_test_os::result_if_let_err_wado ... ignored, set CI/WADO_FULL_TEST to run
test fixture_test_os::result_if_let_mismatch_wado ... ignored, set CI/WADO_FULL_TEST to run
test fixture_test_os::result_if_let_ok_wado ... ignored, set CI/WADO_FULL_TEST to run
test fixture_test_os::result_match_payload_wado ... ignored, set CI/WADO_FULL_TEST to run
test fixture_test_os::result_match_wado ... ignored, set CI/WADO_FULL_TEST to run
test fixture_test_os::result_mut_ref_side_effect_wado ... ignored, set CI/WADO_FULL_TEST to run
test fixture_test_os::result_unit_cm_variant_passthrough_wado ... ignored, set CI/WADO_FULL_TEST to run
test fixture_test_os::result_unit_variant_passthrough_wado ... ignored, set CI/WADO_FULL_TEST to run
test fixture_test_os::result_unwrap_fresh_elision_wado ... ignored, set CI/WADO_FULL_TEST to run
test fixture_test_os::return_merged_wado ... ignored, set CI/WADO_FULL_TEST to run
test fixture_test_os::scalarize_chain_wado ... ignored, set CI/WADO_FULL_TEST to run
test fixture_test_os::scope_block_var_not_visible_wado ... ignored, set CI/WADO_FULL_TEST to run
test fixture_test_os::scope_for_loop_var_not_visible_wado ... ignored, set CI/WADO_FULL_TEST to run
test fixture_test_os::scope_nested_blocks_wado ... ignored, set CI/WADO_FULL_TEST to run
test fixture_test_os::scope_shadow_field_not_self_ref_wado ... ignored, set CI/WADO_FULL_TEST to run
test fixture_test_os::scope_shadow_no_self_ref_wado ... ignored, set CI/WADO_FULL_TEST to run
test fixture_test_os::scope_shadow_param_not_self_ref_wado ... ignored, set CI/WADO_FULL_TEST to run
test fixture_test_os::scope_shadow_self_ref_closure_wado ... ignored, set CI/WADO_FULL_TEST to run
test fixture_test_os::scope_shadow_self_ref_wado ... ignored, set CI/WADO_FULL_TEST to run
test fixture_test_os::scope_shadowing_in_block_wado ... ignored, set CI/WADO_FULL_TEST to run
test fixture_test_os::scope_shadowing_same_block_wado ... ignored, set CI/WADO_FULL_TEST to run
test fixture_test_os::scope_while_loop_var_not_visible_wado ... ignored, set CI/WADO_FULL_TEST to run
test fixture_test_os::select_basic_wado ... ignored, set CI/WADO_FULL_TEST to run
test fixture_test_os::select_extended_arms_wado ... ignored, set CI/WADO_FULL_TEST to run
test fixture_test_os::select_no_opt_trapping_arms_wado ... ignored, set CI/WADO_FULL_TEST to run
test fixture_test_os::select_no_opt_wado ... ignored, set CI/WADO_FULL_TEST to run
test fixture_test_os::sequence_literal_custom_wado ... ignored, set CI/WADO_FULL_TEST to run
test fixture_test_os::sequence_literal_fn_arg_wado ... ignored, set CI/WADO_FULL_TEST to run
test fixture_test_os::sequence_literal_immutable_wado ... ignored, set CI/WADO_FULL_TEST to run
test fixture_test_os::sequence_literal_newtype_wado ... ignored, set CI/WADO_FULL_TEST to run
test fixture_test_os::serde_compile_error_no_deser_wado ... ignored, set CI/WADO_FULL_TEST to run
test fixture_test_os::serde_compile_error_no_impl_wado ... ignored, set CI/WADO_FULL_TEST to run
test fixture_test_os::serde_default_init_wado ... ignored, set CI/WADO_FULL_TEST to run
test fixture_test_os::serde_deserialize_trait_wado ... ignored, set CI/WADO_FULL_TEST to run
test fixture_test_os::serde_error_types_wado ... ignored, set CI/WADO_FULL_TEST to run
test fixture_test_os::serde_full_json_serialize_wado ... ignored, set CI/WADO_FULL_TEST to run
test fixture_test_os::serde_generic_trait_method_wado ... ignored, set CI/WADO_FULL_TEST to run
test fixture_test_os::serde_json_array_string_wado ... ignored, set CI/WADO_FULL_TEST to run
test fixture_test_os::serde_json_default_wado ... ignored, set CI/WADO_FULL_TEST to run
test fixture_test_os::serde_json_deser_error_edge_wado ... ignored, set CI/WADO_FULL_TEST to run
test fixture_test_os::serde_json_deser_error_wado ... ignored, set CI/WADO_FULL_TEST to run
test fixture_test_os::serde_json_duplicate_fields_wado ... ignored, set CI/WADO_FULL_TEST to run
test fixture_test_os::serde_json_error_kind_wado ... ignored, set CI/WADO_FULL_TEST to run
test fixture_test_os::serde_json_int_types_wado ... ignored, set CI/WADO_FULL_TEST to run
test fixture_test_os::serde_json_large_int_wado ... ignored, set CI/WADO_FULL_TEST to run
test fixture_test_os::serde_json_multi_type_deser_wado ... ignored, set CI/WADO_FULL_TEST to run
test fixture_test_os::serde_json_nested_struct_wado ... ignored, set CI/WADO_FULL_TEST to run
test fixture_test_os::serde_json_option_array_fields_wado ... ignored, set CI/WADO_FULL_TEST to run
test fixture_test_os::serde_json_primitives_wado ... ignored, set CI/WADO_FULL_TEST to run
test fixture_test_os::serde_json_rename_all_wado ... ignored, set CI/WADO_FULL_TEST to run
test fixture_test_os::serde_json_rename_wado ... ignored, set CI/WADO_FULL_TEST to run
test fixture_test_os::serde_json_result_wado ... ignored, set CI/WADO_FULL_TEST to run
test fixture_test_os::serde_json_roundtrip_complex_wado ... ignored, set CI/WADO_FULL_TEST to run
test fixture_test_os::serde_json_scientific_notation_wado ... ignored, set CI/WADO_FULL_TEST to run
test fixture_test_os::serde_json_ser_error_wado ... ignored, set CI/WADO_FULL_TEST to run
test fixture_test_os::serde_json_string_escape_wado ... ignored, set CI/WADO_FULL_TEST to run
test fixture_test_os::serde_json_struct_deser_o2_wado ... ignored, set CI/WADO_FULL_TEST to run
test fixture_test_os::serde_json_struct_no_closure_wado ... ignored, set CI/WADO_FULL_TEST to run
test fixture_test_os::serde_json_synth_enum_wado ... ignored, set CI/WADO_FULL_TEST to run
test fixture_test_os::serde_json_synth_flags_wado ... ignored, set CI/WADO_FULL_TEST to run
test fixture_test_os::serde_json_synth_variant_wado ... ignored, set CI/WADO_FULL_TEST to run
test fixture_test_os::serde_json_treemap_wado ... ignored, set CI/WADO_FULL_TEST to run
test fixture_test_os::serde_json_tuple_wado ... ignored, set CI/WADO_FULL_TEST to run
test fixture_test_os::serde_json_unknown_fields_wado ... ignored, set CI/WADO_FULL_TEST to run
test fixture_test_os::serde_ndjson_wrapper_wado ... ignored, set CI/WADO_FULL_TEST to run
test fixture_test_os::serde_serialize_array_wado ... ignored, set CI/WADO_FULL_TEST to run
test fixture_test_os::serde_serialize_enum_wado ... ignored, set CI/WADO_FULL_TEST to run
test fixture_test_os::serde_serialize_option_wado ... ignored, set CI/WADO_FULL_TEST to run
test fixture_test_os::serde_serialize_struct_wado ... ignored, set CI/WADO_FULL_TEST to run
test fixture_test_os::serde_serialize_trait_wado ... ignored, set CI/WADO_FULL_TEST to run
test fixture_test_os::serde_serialize_variant_wado ... ignored, set CI/WADO_FULL_TEST to run
test fixture_test_os::serde_sub_serializer_wado ... ignored, set CI/WADO_FULL_TEST to run
test fixture_test_os::serde_synth_propagates_begin_struct_error_wado ... ignored, set CI/WADO_FULL_TEST to run
test fixture_test_os::serde_synth_wado ... ignored, set CI/WADO_FULL_TEST to run
test fixture_test_os::shebang_basic_wado ... ignored, set CI/WADO_FULL_TEST to run
test fixture_test_os::short_circuit_wado ... ignored, set CI/WADO_FULL_TEST to run
test fixture_test_os::simd_basic_wado ... ignored, set CI/WADO_FULL_TEST to run
test fixture_test_os::simd_v128_inspect_wado ... ignored, set CI/WADO_FULL_TEST to run
test fixture_test_os::single_module_variant_iter_wado ... ignored, set CI/WADO_FULL_TEST to run
test fixture_test_os::static_1_wado ... ignored, set CI/WADO_FULL_TEST to run
test fixture_test_os::static_2_wado ... ignored, set CI/WADO_FULL_TEST to run
test fixture_test_os::static_method_in_generic_context_wado ... ignored, set CI/WADO_FULL_TEST to run
test fixture_test_os::static_method_trait_bound_error_wado ... ignored, set CI/WADO_FULL_TEST to run
test fixture_test_os::store_to_load_forwarding_wado ... ignored, set CI/WADO_FULL_TEST to run
test fixture_test_os::stores_basic_wado ... ignored, set CI/WADO_FULL_TEST to run
test fixture_test_os::stores_fn_type_with_effect_param_wado ... ignored, set CI/WADO_FULL_TEST to run
test fixture_test_os::stores_grammar_relaxed_wado ... ignored, set CI/WADO_FULL_TEST to run
test fixture_test_os::stores_optimize_field_forward_wado ... ignored, set CI/WADO_FULL_TEST to run
test fixture_test_os::stores_optimize_mixed_calls_wado ... ignored, set CI/WADO_FULL_TEST to run
test fixture_test_os::stores_optimize_multiple_non_stores_wado ... ignored, set CI/WADO_FULL_TEST to run
test fixture_test_os::stores_optimize_with_stores_no_forward_wado ... ignored, set CI/WADO_FULL_TEST to run
test fixture_test_os::stores_self_violation_wado ... ignored, set CI/WADO_FULL_TEST to run
test fixture_test_os::stores_self_wado ... ignored, set CI/WADO_FULL_TEST to run
test fixture_test_os::stores_validation_error_wado ... ignored, set CI/WADO_FULL_TEST to run
test fixture_test_os::stores_validation_unknown_wado ... ignored, set CI/WADO_FULL_TEST to run
test fixture_test_os::stores_violation_global_wado ... ignored, set CI/WADO_FULL_TEST to run
test fixture_test_os::stores_violation_return_wado ... ignored, set CI/WADO_FULL_TEST to run
test fixture_test_os::stores_violation_struct_wado ... ignored, set CI/WADO_FULL_TEST to run
test fixture_test_os::stores_with_effects_wado ... ignored, set CI/WADO_FULL_TEST to run
test fixture_test_os::stream_cm_future_drop_wado ... ignored, set CI/WADO_FULL_TEST to run
test fixture_test_os::stream_cm_stderr_write_wado ... ignored, set CI/WADO_FULL_TEST to run
test fixture_test_os::stream_cm_stdin_pipe_wado ... ignored, set CI/WADO_FULL_TEST to run
test fixture_test_os::stream_cm_stdin_read_wado ... ignored, set CI/WADO_FULL_TEST to run
test fixture_test_os::stream_future_types_wado ... ignored, set CI/WADO_FULL_TEST to run
test fixture_test_os::stream_http_echo_wado ... ignored, set CI/WADO_FULL_TEST to run
test fixture_test_os::stream_http_read_request_body_wado ... ignored, set CI/WADO_FULL_TEST to run
test fixture_test_os::stream_http_response_body_multi_wado ... ignored, set CI/WADO_FULL_TEST to run
test fixture_test_os::stream_http_response_body_string_wado ... ignored, set CI/WADO_FULL_TEST to run
test fixture_test_os::stream_http_response_body_wado ... ignored, set CI/WADO_FULL_TEST to run
test fixture_test_os::stream_new_pair_wado ... ignored, set CI/WADO_FULL_TEST to run
test fixture_test_os::stream_read_basic_wado ... ignored, set CI/WADO_FULL_TEST to run
test fixture_test_os::stream_read_eof_wado ... ignored, set CI/WADO_FULL_TEST to run
test fixture_test_os::stream_read_multiple_wado ... ignored, set CI/WADO_FULL_TEST to run
test fixture_test_os::stream_readable_close_wado ... ignored, set CI/WADO_FULL_TEST to run
test fixture_test_os::stream_writable_close_wado ... ignored, set CI/WADO_FULL_TEST to run
test fixture_test_os::stream_writable_type_wado ... ignored, set CI/WADO_FULL_TEST to run
test fixture_test_os::stream_write_hello_wado ... ignored, set CI/WADO_FULL_TEST to run
test fixture_test_os::stream_write_multiple_wado ... ignored, set CI/WADO_FULL_TEST to run
test fixture_test_os::stream_write_via_stream_wado ... ignored, set CI/WADO_FULL_TEST to run
test fixture_test_os::string_from_utf8_lossy_newtype_wado ... ignored, set CI/WADO_FULL_TEST to run
test fixture_test_os::string_insert_panic_boundary_wado ... ignored, set CI/WADO_FULL_TEST to run
test fixture_test_os::string_insert_str_panic_boundary_wado ... ignored, set CI/WADO_FULL_TEST to run
test fixture_test_os::string_multiline_wado ... ignored, set CI/WADO_FULL_TEST to run
test fixture_test_os::string_remove_panic_boundary_wado ... ignored, set CI/WADO_FULL_TEST to run
test fixture_test_os::string_remove_panic_oob_wado ... ignored, set CI/WADO_FULL_TEST to run
test fixture_test_os::string_substr_bytes_panic_boundary_wado ... ignored, set CI/WADO_FULL_TEST to run
test fixture_test_os::string_substr_bytes_panic_oob_wado ... ignored, set CI/WADO_FULL_TEST to run
test fixture_test_os::string_truncate_panic_wado ... ignored, set CI/WADO_FULL_TEST to run
test fixture_test_os::struct_1_wado ... ignored, set CI/WADO_FULL_TEST to run
test fixture_test_os::struct_2_wado ... ignored, set CI/WADO_FULL_TEST to run
test fixture_test_os::struct_destruct_exhaustive_error_wado ... ignored, set CI/WADO_FULL_TEST to run
test fixture_test_os::struct_destruct_named_type_error_wado ... ignored, set CI/WADO_FULL_TEST to run
test fixture_test_os::struct_eq_auto_generic_wado ... ignored, set CI/WADO_FULL_TEST to run
test fixture_test_os::struct_eq_auto_ord_wado ... ignored, set CI/WADO_FULL_TEST to run
test fixture_test_os::struct_eq_auto_user_override_wado ... ignored, set CI/WADO_FULL_TEST to run
test fixture_test_os::struct_eq_auto_variant_field_wado ... ignored, set CI/WADO_FULL_TEST to run
test fixture_test_os::struct_eq_auto_wado ... ignored, set CI/WADO_FULL_TEST to run
test fixture_test_os::struct_field_rebind_in_export_run_wado ... ignored, set CI/WADO_FULL_TEST to run
test fixture_test_os::struct_implicit_error_no_type_wado ... ignored, set CI/WADO_FULL_TEST to run
test fixture_test_os::struct_import_alias_wado ... ignored, set CI/WADO_FULL_TEST to run
test fixture_test_os::struct_import_collision_wado ... ignored, set CI/WADO_FULL_TEST to run
test fixture_test_os::struct_literal_restrict_error_wado ... ignored, set CI/WADO_FULL_TEST to run
test fixture_test_os::struct_literal_string_key_destructure_wado ... ignored, set CI/WADO_FULL_TEST to run
test fixture_test_os::struct_literal_string_key_expr_error_wado ... ignored, set CI/WADO_FULL_TEST to run
test fixture_test_os::struct_literal_string_key_int_error_wado ... ignored, set CI/WADO_FULL_TEST to run
test fixture_test_os::struct_literal_string_key_keyword_wado ... ignored, set CI/WADO_FULL_TEST to run
test fixture_test_os::struct_literal_string_key_treemap_wado ... ignored, set CI/WADO_FULL_TEST to run
test fixture_test_os::struct_literal_string_key_wado ... ignored, set CI/WADO_FULL_TEST to run
test fixture_test_os::struct_literal_unknown_field_error_wado ... ignored, set CI/WADO_FULL_TEST to run
test fixture_test_os::struct_literal_unknown_field_implicit_error_wado ... ignored, set CI/WADO_FULL_TEST to run
test fixture_test_os::struct_name_conflict_wado ... ignored, set CI/WADO_FULL_TEST to run
test fixture_test_os::switch_default_binding_wado ... ignored, set CI/WADO_FULL_TEST to run
test fixture_test_os::template_inspect_default_cap_wado ... ignored, set CI/WADO_FULL_TEST to run
test fixture_test_os::template_string_generic_wado ... ignored, set CI/WADO_FULL_TEST to run
test fixture_test_os::template_string_option_loop_wado ... ignored, set CI/WADO_FULL_TEST to run
test fixture_test_os::template_string_precision_wado ... ignored, set CI/WADO_FULL_TEST to run
test fixture_test_os::template_string_wado ... ignored, set CI/WADO_FULL_TEST to run
test fixture_test_os::temporary_mut_array_arg_wado ... ignored, set CI/WADO_FULL_TEST to run
test fixture_test_os::test_decl_wado ... ignored, set CI/WADO_FULL_TEST to run
test fixture_test_os::test_expect_trap_wado ... ignored, set CI/WADO_FULL_TEST to run
test fixture_test_os::test_fail_wado ... ignored, set CI/WADO_FULL_TEST to run
test fixture_test_os::test_imported_test_block_skipped_wado ... ignored, set CI/WADO_FULL_TEST to run
test fixture_test_os::test_special_names_wado ... ignored, set CI/WADO_FULL_TEST to run
test fixture_test_os::test_todo_wado ... ignored, set CI/WADO_FULL_TEST to run
test fixture_test_os::test_unicode_names_wado ... ignored, set CI/WADO_FULL_TEST to run
test fixture_test_os::test_world_variant_generic_run_wado ... ignored, set CI/WADO_FULL_TEST to run
test fixture_test_os::test_world_variant_generic_wado ... ignored, set CI/WADO_FULL_TEST to run
test fixture_test_os::test_world_variant_group_wado ... ignored, set CI/WADO_FULL_TEST to run
test fixture_test_os::tir_optimize_bool_identity_wado ... ignored, set CI/WADO_FULL_TEST to run
test fixture_test_os::tir_optimize_early_exit_guard_wado ... ignored, set CI/WADO_FULL_TEST to run
test fixture_test_os::tir_optimize_short_circuit_bounds_wado ... ignored, set CI/WADO_FULL_TEST to run
test fixture_test_os::tmpl_hoist_escape_mixed_wado ... ignored, set CI/WADO_FULL_TEST to run
test fixture_test_os::tmpl_hoist_escape_safe_wado ... ignored, set CI/WADO_FULL_TEST to run
test fixture_test_os::tmpl_hoist_escape_unsafe_wado ... ignored, set CI/WADO_FULL_TEST to run
test fixture_test_os::tmpl_hoist_fmt_default_wado ... ignored, set CI/WADO_FULL_TEST to run
test fixture_test_os::tmpl_hoist_fmt_edge_wado ... ignored, set CI/WADO_FULL_TEST to run
test fixture_test_os::tmpl_hoist_fmt_mixed_wado ... ignored, set CI/WADO_FULL_TEST to run
test fixture_test_os::tmpl_hoist_fmt_multi_default_wado ... ignored, set CI/WADO_FULL_TEST to run
test fixture_test_os::tmpl_hoist_fmt_params_wado ... ignored, set CI/WADO_FULL_TEST to run
test fixture_test_os::tmpl_hoist_fmt_specifier_wado ... ignored, set CI/WADO_FULL_TEST to run
test fixture_test_os::tmpl_hoist_fmt_struct_wado ... ignored, set CI/WADO_FULL_TEST to run
test fixture_test_os::tmpl_hoist_formatter_wado ... ignored, set CI/WADO_FULL_TEST to run
test fixture_test_os::tmpl_hoist_loop_wado ... ignored, set CI/WADO_FULL_TEST to run
test fixture_test_os::trait_basic_wado ... ignored, set CI/WADO_FULL_TEST to run
test fixture_test_os::trait_bound_1_wado ... ignored, set CI/WADO_FULL_TEST to run
test fixture_test_os::trait_bound_2_wado ... ignored, set CI/WADO_FULL_TEST to run
test fixture_test_os::trait_bound_3_wado ... ignored, set CI/WADO_FULL_TEST to run
test fixture_test_os::trait_bound_4_wado ... ignored, set CI/WADO_FULL_TEST to run
test fixture_test_os::trait_bound_5_wado ... ignored, set CI/WADO_FULL_TEST to run
test fixture_test_os::trait_bound_6_wado ... ignored, set CI/WADO_FULL_TEST to run
test fixture_test_os::trait_bound_7_wado ... ignored, set CI/WADO_FULL_TEST to run
test fixture_test_os::trait_bound_add_generic_wado ... ignored, set CI/WADO_FULL_TEST to run
test fixture_test_os::trait_bound_array_ord_wado ... ignored, set CI/WADO_FULL_TEST to run
test fixture_test_os::trait_bound_crossmod_fn_violation_wado ... ignored, set CI/WADO_FULL_TEST to run
test fixture_test_os::trait_bound_crossmod_violation_wado ... ignored, set CI/WADO_FULL_TEST to run
test fixture_test_os::trait_bound_crossmod_wado ... ignored, set CI/WADO_FULL_TEST to run
test fixture_test_os::trait_bound_fn_violation_wado ... ignored, set CI/WADO_FULL_TEST to run
test fixture_test_os::trait_bound_impl_block_violation_wado ... ignored, set CI/WADO_FULL_TEST to run
test fixture_test_os::trait_bound_method_on_type_param_builtin_wado ... ignored, set CI/WADO_FULL_TEST to run
test fixture_test_os::trait_bound_method_on_type_param_ref_wado ... ignored, set CI/WADO_FULL_TEST to run
test fixture_test_os::trait_bound_multi_violation_wado ... ignored, set CI/WADO_FULL_TEST to run
test fixture_test_os::trait_bound_ord_wado ... ignored, set CI/WADO_FULL_TEST to run
test fixture_test_os::trait_bound_reason_field_wado ... ignored, set CI/WADO_FULL_TEST to run
test fixture_test_os::trait_bound_reason_nested_wado ... ignored, set CI/WADO_FULL_TEST to run
test fixture_test_os::trait_bound_sort_no_ord_wado ... ignored, set CI/WADO_FULL_TEST to run
test fixture_test_os::trait_bound_struct_field_bounded_violation_wado ... ignored, set CI/WADO_FULL_TEST to run
test fixture_test_os::trait_bound_violation_wado ... ignored, set CI/WADO_FULL_TEST to run
test fixture_test_os::trait_default_assert_self_call_wado ... ignored, set CI/WADO_FULL_TEST to run
test fixture_test_os::trait_default_assoc_type_wado ... ignored, set CI/WADO_FULL_TEST to run
test fixture_test_os::trait_default_method_calls_t_default_crossmod_wado ... ignored, set CI/WADO_FULL_TEST to run
test fixture_test_os::trait_default_method_calls_t_default_wado ... ignored, set CI/WADO_FULL_TEST to run
test fixture_test_os::trait_default_method_generic_self_call_wado ... ignored, set CI/WADO_FULL_TEST to run
test fixture_test_os::trait_default_method_type_param_wado ... ignored, set CI/WADO_FULL_TEST to run
test fixture_test_os::trait_default_wado ... ignored, set CI/WADO_FULL_TEST to run
test fixture_test_os::trait_generic_assoc_type_return_wado ... ignored, set CI/WADO_FULL_TEST to run
test fixture_test_os::trait_generic_option_return_wado ... ignored, set CI/WADO_FULL_TEST to run
test fixture_test_os::trait_inherent_priority_wado ... ignored, set CI/WADO_FULL_TEST to run
test fixture_test_os::trait_method_calls_method_wado ... ignored, set CI/WADO_FULL_TEST to run
test fixture_test_os::trait_method_generic_concrete_trait_arg_wado ... ignored, set CI/WADO_FULL_TEST to run
test fixture_test_os::trait_method_generic_return_on_assoc_type_wado ... ignored, set CI/WADO_FULL_TEST to run
test fixture_test_os::trait_multiple_traits_wado ... ignored, set CI/WADO_FULL_TEST to run
test fixture_test_os::trait_multiple_wado ... ignored, set CI/WADO_FULL_TEST to run
test fixture_test_os::trait_mut_self_wado ... ignored, set CI/WADO_FULL_TEST to run
test fixture_test_os::trait_option_return_wado ... ignored, set CI/WADO_FULL_TEST to run
test fixture_test_os::trait_static_method_via_type_path_wado ... ignored, set CI/WADO_FULL_TEST to run
test fixture_test_os::trait_unit_return_wado ... ignored, set CI/WADO_FULL_TEST to run
test fixture_test_os::treemap_btree2_wado ... ignored, set CI/WADO_FULL_TEST to run
test fixture_test_os::treemap_btree_wado ... ignored, set CI/WADO_FULL_TEST to run
test fixture_test_os::treemap_literal_basic_wado ... ignored, set CI/WADO_FULL_TEST to run
test fixture_test_os::treemap_literal_cast_wado ... ignored, set CI/WADO_FULL_TEST to run
test fixture_test_os::treemap_literal_empty_wado ... ignored, set CI/WADO_FULL_TEST to run
test fixture_test_os::treemap_literal_error_non_string_key_wado ... ignored, set CI/WADO_FULL_TEST to run
test fixture_test_os::treemap_literal_fn_arg_wado ... ignored, set CI/WADO_FULL_TEST to run
test fixture_test_os::treemap_literal_mutable_wado ... ignored, set CI/WADO_FULL_TEST to run
test fixture_test_os::treemap_literal_string_values_wado ... ignored, set CI/WADO_FULL_TEST to run
test fixture_test_os::treeset_mut_ref_deep_wado ... ignored, set CI/WADO_FULL_TEST to run
test fixture_test_os::try_merged_wado ... ignored, set CI/WADO_FULL_TEST to run
test fixture_test_os::try_op_error_non_result_fn_wado ... ignored, set CI/WADO_FULL_TEST to run
test fixture_test_os::try_op_error_on_non_result_wado ... ignored, set CI/WADO_FULL_TEST to run
test fixture_test_os::try_op_error_option_in_result_fn_wado ... ignored, set CI/WADO_FULL_TEST to run
test fixture_test_os::try_op_error_result_in_option_fn_wado ... ignored, set CI/WADO_FULL_TEST to run
test fixture_test_os::try_op_generic_method_call_wado ... ignored, set CI/WADO_FULL_TEST to run
test fixture_test_os::tuple_1_wado ... ignored, set CI/WADO_FULL_TEST to run
test fixture_test_os::tuple_2_wado ... ignored, set CI/WADO_FULL_TEST to run
test fixture_test_os::tuple_destruct_error_mismatch_wado ... ignored, set CI/WADO_FULL_TEST to run
test fixture_test_os::tuple_destruct_rest_wado ... ignored, set CI/WADO_FULL_TEST to run
test fixture_test_os::tuple_elision_multivalue_wado ... ignored, set CI/WADO_FULL_TEST to run
test fixture_test_os::tuple_error_index_out_of_bounds_wado ... ignored, set CI/WADO_FULL_TEST to run
test fixture_test_os::tuple_error_length_mismatch_wado ... ignored, set CI/WADO_FULL_TEST to run
test fixture_test_os::tuple_error_variable_index_wado ... ignored, set CI/WADO_FULL_TEST to run
test fixture_test_os::tuple_for_of_break_wado ... ignored, set CI/WADO_FULL_TEST to run
test fixture_test_os::tuple_for_of_continue_wado ... ignored, set CI/WADO_FULL_TEST to run
test fixture_test_os::tuple_for_of_ref_wado ... ignored, set CI/WADO_FULL_TEST to run
test fixture_test_os::tuple_for_of_return_wado ... ignored, set CI/WADO_FULL_TEST to run
test fixture_test_os::tuple_for_of_wado ... ignored, set CI/WADO_FULL_TEST to run
test fixture_test_os::tuple_literal_expected_type_in_branch_wado ... ignored, set CI/WADO_FULL_TEST to run
test fixture_test_os::tuple_name_collision_2_wado ... ignored, set CI/WADO_FULL_TEST to run
test fixture_test_os::tuple_name_collision_wado ... ignored, set CI/WADO_FULL_TEST to run
test fixture_test_os::tuple_zip_wado ... ignored, set CI/WADO_FULL_TEST to run
test fixture_test_os::type_cast_wado ... ignored, set CI/WADO_FULL_TEST to run
test fixture_test_os::type_param_omission_cross_module_wado ... ignored, set CI/WADO_FULL_TEST to run
test fixture_test_os::type_param_omission_free_fn_wado ... ignored, set CI/WADO_FULL_TEST to run
test fixture_test_os::type_param_omission_instance_method_wado ... ignored, set CI/WADO_FULL_TEST to run
test fixture_test_os::type_param_omission_static_method_wado ... ignored, set CI/WADO_FULL_TEST to run
test fixture_test_os::type_param_omission_two_t_coerce_wado ... ignored, set CI/WADO_FULL_TEST to run
test fixture_test_os::typecheck_assignment_wrong_type_wado ... ignored, set CI/WADO_FULL_TEST to run
test fixture_test_os::typecheck_auto_deref_array_elem_wado ... ignored, set CI/WADO_FULL_TEST to run
test fixture_test_os::typecheck_auto_deref_assign_wado ... ignored, set CI/WADO_FULL_TEST to run
test fixture_test_os::typecheck_auto_deref_binary_op_wado ... ignored, set CI/WADO_FULL_TEST to run
test fixture_test_os::typecheck_auto_deref_closure_arg_wado ... ignored, set CI/WADO_FULL_TEST to run
test fixture_test_os::typecheck_auto_deref_comparison_wado ... ignored, set CI/WADO_FULL_TEST to run
test fixture_test_os::typecheck_auto_deref_fn_arg_wado ... ignored, set CI/WADO_FULL_TEST to run
test fixture_test_os::typecheck_auto_deref_generic_fn_wado ... ignored, set CI/WADO_FULL_TEST to run
test fixture_test_os::typecheck_auto_deref_index_wado ... ignored, set CI/WADO_FULL_TEST to run
test fixture_test_os::typecheck_auto_deref_let_binding_wado ... ignored, set CI/WADO_FULL_TEST to run
test fixture_test_os::typecheck_auto_deref_nested_wado ... ignored, set CI/WADO_FULL_TEST to run
test fixture_test_os::typecheck_auto_deref_return_wado ... ignored, set CI/WADO_FULL_TEST to run
test fixture_test_os::typecheck_auto_deref_struct_field_wado ... ignored, set CI/WADO_FULL_TEST to run
test fixture_test_os::typecheck_binop_add_f32_f64_wado ... ignored, set CI/WADO_FULL_TEST to run
test fixture_test_os::typecheck_binop_add_i32_f32_wado ... ignored, set CI/WADO_FULL_TEST to run
test fixture_test_os::typecheck_binop_add_i32_i64_wado ... ignored, set CI/WADO_FULL_TEST to run
test fixture_test_os::typecheck_binop_add_i32_u32_wado ... ignored, set CI/WADO_FULL_TEST to run
test fixture_test_os::typecheck_binop_add_u32_u64_wado ... ignored, set CI/WADO_FULL_TEST to run
test fixture_test_os::typecheck_binop_eq_generic_vs_primitive_wado ... ignored, set CI/WADO_FULL_TEST to run
test fixture_test_os::typecheck_binop_eq_i32_i64_wado ... ignored, set CI/WADO_FULL_TEST to run
test fixture_test_os::typecheck_binop_fn_eq_wado ... ignored, set CI/WADO_FULL_TEST to run
test fixture_test_os::typecheck_binop_shl_u64_i32_wado ... ignored, set CI/WADO_FULL_TEST to run
test fixture_test_os::typecheck_binop_shr_i64_u32_wado ... ignored, set CI/WADO_FULL_TEST to run
test fixture_test_os::typecheck_deref_nonref_wado ... ignored, set CI/WADO_FULL_TEST to run
test fixture_test_os::typecheck_fn_arg_wrong_struct_wado ... ignored, set CI/WADO_FULL_TEST to run
test fixture_test_os::typecheck_fn_arg_wrong_type_wado ... ignored, set CI/WADO_FULL_TEST to run
test fixture_test_os::typecheck_generic_instance_mismatch_wado ... ignored, set CI/WADO_FULL_TEST to run
test fixture_test_os::typecheck_global_init_wrong_type_wado ... ignored, set CI/WADO_FULL_TEST to run
test fixture_test_os::typecheck_if_expr_branch_wado ... ignored, set CI/WADO_FULL_TEST to run
test fixture_test_os::typecheck_if_expr_missing_else_wado ... ignored, set CI/WADO_FULL_TEST to run
test fixture_test_os::typecheck_let_annotation_wrong_type_wado ... ignored, set CI/WADO_FULL_TEST to run
test fixture_test_os::typecheck_newtype_assign_base_wado ... ignored, set CI/WADO_FULL_TEST to run
test fixture_test_os::typecheck_newtype_assign_to_base_wado ... ignored, set CI/WADO_FULL_TEST to run
test fixture_test_os::typecheck_newtype_chained_method_wado ... ignored, set CI/WADO_FULL_TEST to run
test fixture_test_os::typecheck_newtype_method_byvalue_reverse_wado ... ignored, set CI/WADO_FULL_TEST to run
test fixture_test_os::typecheck_newtype_method_byvalue_wado ... ignored, set CI/WADO_FULL_TEST to run
test fixture_test_os::typecheck_newtype_method_ref_reverse_wado ... ignored, set CI/WADO_FULL_TEST to run
test fixture_test_os::typecheck_newtype_method_ref_wado ... ignored, set CI/WADO_FULL_TEST to run
test fixture_test_os::typecheck_newtype_mix_types_wado ... ignored, set CI/WADO_FULL_TEST to run
test fixture_test_os::typecheck_newtype_multiple_params_wado ... ignored, set CI/WADO_FULL_TEST to run
test fixture_test_os::typecheck_newtype_operator_mix_wado ... ignored, set CI/WADO_FULL_TEST to run
test fixture_test_os::typecheck_newtype_return_type_wado ... ignored, set CI/WADO_FULL_TEST to run
test fixture_test_os::typecheck_newtype_string_coercion_wado ... ignored, set CI/WADO_FULL_TEST to run
test fixture_test_os::typecheck_option_coerce_struct_field_wado ... ignored, set CI/WADO_FULL_TEST to run
test fixture_test_os::typecheck_option_mismatch_struct_field_wado ... ignored, set CI/WADO_FULL_TEST to run
test fixture_test_os::typecheck_ref_deref_shared_yields_mut_wado ... ignored, set CI/WADO_FULL_TEST to run
test fixture_test_os::typecheck_return_cross_module_wado ... ignored, set CI/WADO_FULL_TEST to run
test fixture_test_os::typecheck_return_type_wado ... ignored, set CI/WADO_FULL_TEST to run
test fixture_test_os::typecheck_struct_field_wrong_type_wado ... ignored, set CI/WADO_FULL_TEST to run
test fixture_test_os::typecheck_submodule_generic_type_wado ... ignored, set CI/WADO_FULL_TEST to run
test fixture_test_os::typecheck_submodule_type_wado ... ignored, set CI/WADO_FULL_TEST to run
test fixture_test_os::typecheck_treemap_literal_hetero_values_wado ... ignored, set CI/WADO_FULL_TEST to run
test fixture_test_os::typecheck_tuple_type_wado ... ignored, set CI/WADO_FULL_TEST to run
test fixture_test_os::typecheck_variant_ref_coercion_wado ... ignored, set CI/WADO_FULL_TEST to run
test fixture_test_os::u64_arithmetic_wado ... ignored, set CI/WADO_FULL_TEST to run
test fixture_test_os::unary_neg_float_wado ... ignored, set CI/WADO_FULL_TEST to run
test fixture_test_os::unicode_incomplete_surrogate_pair_wado ... ignored, set CI/WADO_FULL_TEST to run
test fixture_test_os::unicode_invalid_codepoint_wado ... ignored, set CI/WADO_FULL_TEST to run
test fixture_test_os::unicode_lone_surrogate_braces_wado ... ignored, set CI/WADO_FULL_TEST to run
test fixture_test_os::unicode_surrogate_not_followed_by_low_wado ... ignored, set CI/WADO_FULL_TEST to run
test fixture_test_os::use_invalid_module_path_wado ... ignored, set CI/WADO_FULL_TEST to run
test fixture_test_os::use_local_module_wado ... ignored, set CI/WADO_FULL_TEST to run
test fixture_test_os::use_unknown_namespace_wado ... ignored, set CI/WADO_FULL_TEST to run
test fixture_test_os::user_effect_smoke_wado ... ignored, set CI/WADO_FULL_TEST to run
test fixture_test_os::user_func_wado ... ignored, set CI/WADO_FULL_TEST to run
test fixture_test_os::user_function_call_wado ... ignored, set CI/WADO_FULL_TEST to run
test fixture_test_os::user_resource_smoke_wado ... ignored, set CI/WADO_FULL_TEST to run
test fixture_test_os::user_world_smoke_wado ... ignored, set CI/WADO_FULL_TEST to run
test fixture_test_os::value_copy_builtin_array_wado ... ignored, set CI/WADO_FULL_TEST to run
test fixture_test_os::value_copy_demote_element_mut_wado ... ignored, set CI/WADO_FULL_TEST to run
test fixture_test_os::value_copy_demote_mixed_sites_wado ... ignored, set CI/WADO_FULL_TEST to run
test fixture_test_os::value_copy_demote_wado ... ignored, set CI/WADO_FULL_TEST to run
test fixture_test_os::value_copy_elide_qmark_wado ... ignored, set CI/WADO_FULL_TEST to run
test fixture_test_os::value_copy_iterator_fresh_elision_wado ... ignored, set CI/WADO_FULL_TEST to run
test fixture_test_os::value_copy_nested_array_helper_chain_wado ... ignored, set CI/WADO_FULL_TEST to run
test fixture_test_os::value_copy_nested_struct_wado ... ignored, set CI/WADO_FULL_TEST to run
test fixture_test_os::value_semantics_wado ... ignored, set CI/WADO_FULL_TEST to run
test fixture_test_os::var_uninit_loop_not_guaranteed_error_wado ... ignored, set CI/WADO_FULL_TEST to run
test fixture_test_os::var_uninit_missing_else_error_wado ... ignored, set CI/WADO_FULL_TEST to run
test fixture_test_os::var_uninit_no_assign_error_wado ... ignored, set CI/WADO_FULL_TEST to run
test fixture_test_os::var_uninit_no_type_annotation_error_wado ... ignored, set CI/WADO_FULL_TEST to run
test fixture_test_os::var_uninit_partial_match_error_wado ... ignored, set CI/WADO_FULL_TEST to run
test fixture_test_os::var_uninit_valid_wado ... ignored, set CI/WADO_FULL_TEST to run
test fixture_test_os::variadic_1_wado ... ignored, set CI/WADO_FULL_TEST to run
test fixture_test_os::variadic_2_wado ... ignored, set CI/WADO_FULL_TEST to run
test fixture_test_os::variadic_3_wado ... ignored, set CI/WADO_FULL_TEST to run
test fixture_test_os::variadic_concat_wado ... ignored, set CI/WADO_FULL_TEST to run
test fixture_test_os::variadic_deserialize_wado ... ignored, set CI/WADO_FULL_TEST to run
test fixture_test_os::variadic_ellipsis_error_wado ... ignored, set CI/WADO_FULL_TEST to run
test fixture_test_os::variadic_for_of_generic_method_wado ... ignored, set CI/WADO_FULL_TEST to run
test fixture_test_os::variadic_for_of_ref_wado ... ignored, set CI/WADO_FULL_TEST to run
test fixture_test_os::variadic_impl_method_type_param_wado ... ignored, set CI/WADO_FULL_TEST to run
test fixture_test_os::variadic_parse_error_effect_pack_wado ... ignored, set CI/WADO_FULL_TEST to run
test fixture_test_os::variadic_parse_error_two_packs_wado ... ignored, set CI/WADO_FULL_TEST to run
test fixture_test_os::variadic_trait_bound_wado ... ignored, set CI/WADO_FULL_TEST to run
test fixture_test_os::variant_construct_wado ... ignored, set CI/WADO_FULL_TEST to run
test fixture_test_os::variant_construct_with_payload_wado ... ignored, set CI/WADO_FULL_TEST to run
test fixture_test_os::variant_cross_module_pattern_wado ... ignored, set CI/WADO_FULL_TEST to run
test fixture_test_os::variant_custom_decl_wado ... ignored, set CI/WADO_FULL_TEST to run
test fixture_test_os::variant_deref_cross_module_wado ... ignored, set CI/WADO_FULL_TEST to run
test fixture_test_os::variant_eq_auto_generic_wado ... ignored, set CI/WADO_FULL_TEST to run
test fixture_test_os::variant_eq_auto_recursive_wado ... ignored, set CI/WADO_FULL_TEST to run
test fixture_test_os::variant_eq_auto_wado ... ignored, set CI/WADO_FULL_TEST to run
test fixture_test_os::variant_eq_user_impl_wado ... ignored, set CI/WADO_FULL_TEST to run
test fixture_test_os::variant_f64_payload_wado ... ignored, set CI/WADO_FULL_TEST to run
test fixture_test_os::variant_if_let_basic_wado ... ignored, set CI/WADO_FULL_TEST to run
test fixture_test_os::variant_import_module_wado ... ignored, set CI/WADO_FULL_TEST to run
test fixture_test_os::variant_import_mut_wado ... ignored, set CI/WADO_FULL_TEST to run
test fixture_test_os::variant_import_struct_module_wado ... ignored, set CI/WADO_FULL_TEST to run
test fixture_test_os::variant_import_struct_simple_wado ... ignored, set CI/WADO_FULL_TEST to run
test fixture_test_os::variant_import_struct_wado ... ignored, set CI/WADO_FULL_TEST to run
test fixture_test_os::variant_import_value_wado ... ignored, set CI/WADO_FULL_TEST to run
test fixture_test_os::variant_import_wado ... ignored, set CI/WADO_FULL_TEST to run
test fixture_test_os::variant_in_struct_field_wado ... ignored, set CI/WADO_FULL_TEST to run
test fixture_test_os::variant_in_struct_match_module_wado ... ignored, set CI/WADO_FULL_TEST to run
test fixture_test_os::variant_in_struct_match_wado ... ignored, set CI/WADO_FULL_TEST to run
test fixture_test_os::variant_in_struct_simple_module_wado ... ignored, set CI/WADO_FULL_TEST to run
test fixture_test_os::variant_in_struct_simple_wado ... ignored, set CI/WADO_FULL_TEST to run
test fixture_test_os::variant_infer_wado ... ignored, set CI/WADO_FULL_TEST to run
test fixture_test_os::variant_option_of_variant_wado ... ignored, set CI/WADO_FULL_TEST to run
test fixture_test_os::variant_qualified_pattern_wado ... ignored, set CI/WADO_FULL_TEST to run
test fixture_test_os::variant_recursive_struct_payload_constructor_wado ... ignored, set CI/WADO_FULL_TEST to run
test fixture_test_os::variant_struct_concat_module_wado ... ignored, set CI/WADO_FULL_TEST to run
test fixture_test_os::variant_struct_concat_wado ... ignored, set CI/WADO_FULL_TEST to run
test fixture_test_os::variant_struct_string_module_wado ... ignored, set CI/WADO_FULL_TEST to run
test fixture_test_os::variant_struct_string_wado ... ignored, set CI/WADO_FULL_TEST to run
test fixture_test_os::variant_value_semantics_wado ... ignored, set CI/WADO_FULL_TEST to run
test fixture_test_os::wasi_cli_terminal_wado ... ignored, set CI/WADO_FULL_TEST to run
test fixture_test_os::wasi_cli_wado ... ignored, set CI/WADO_FULL_TEST to run
test fixture_test_os::wasi_clocks_full_wado ... ignored, set CI/WADO_FULL_TEST to run
test fixture_test_os::wasi_clocks_timezone_wado ... ignored, set CI/WADO_FULL_TEST to run
test fixture_test_os::wasi_clocks_wado ... ignored, set CI/WADO_FULL_TEST to run
test fixture_test_os::wasi_filesystem_advise_sync_wado ... ignored, set CI/WADO_FULL_TEST to run
test fixture_test_os::wasi_filesystem_append_stream_wado ... ignored, set CI/WADO_FULL_TEST to run
test fixture_test_os::wasi_filesystem_dir_ops_wado ... ignored, set CI/WADO_FULL_TEST to run
test fixture_test_os::wasi_filesystem_get_type_wado ... ignored, set CI/WADO_FULL_TEST to run
test fixture_test_os::wasi_filesystem_metadata_hash_wado ... ignored, set CI/WADO_FULL_TEST to run
test fixture_test_os::wasi_filesystem_open_at_wado ... ignored, set CI/WADO_FULL_TEST to run
test fixture_test_os::wasi_filesystem_open_flags_wado ... ignored, set CI/WADO_FULL_TEST to run
test fixture_test_os::wasi_filesystem_read_stream_wado ... ignored, set CI/WADO_FULL_TEST to run
test fixture_test_os::wasi_filesystem_read_transform_stream_wado ... ignored, set CI/WADO_FULL_TEST to run
test fixture_test_os::wasi_filesystem_rename_unlink_wado ... ignored, set CI/WADO_FULL_TEST to run
test fixture_test_os::wasi_filesystem_set_size_wado ... ignored, set CI/WADO_FULL_TEST to run
test fixture_test_os::wasi_filesystem_set_times_wado ... ignored, set CI/WADO_FULL_TEST to run
test fixture_test_os::wasi_filesystem_stat_wado ... ignored, set CI/WADO_FULL_TEST to run
test fixture_test_os::wasi_filesystem_symlink_wado ... ignored, set CI/WADO_FULL_TEST to run
test fixture_test_os::wasi_filesystem_wado ... ignored, set CI/WADO_FULL_TEST to run
test fixture_test_os::wasi_filesystem_write_stream_wado ... ignored, set CI/WADO_FULL_TEST to run
test fixture_test_os::wasi_newtype_literal_wado ... ignored, set CI/WADO_FULL_TEST to run
test fixture_test_os::wasi_random_wado ... ignored, set CI/WADO_FULL_TEST to run
test fixture_test_os::wasi_sockets_import_wado ... ignored, set CI/WADO_FULL_TEST to run
test fixture_test_os::wasi_tls_import_wado ... ignored, set CI/WADO_FULL_TEST to run
test fixture_test_os::wasi_tls_mock_error_wado ... ignored, set CI/WADO_FULL_TEST to run
test fixture_test_os::wasi_tls_mock_recv_wado ... ignored, set CI/WADO_FULL_TEST to run
test fixture_test_os::wasi_tls_result_error_wado ... ignored, set CI/WADO_FULL_TEST to run
test fixture_test_os::wasm_import_bad_import_wado ... ignored, set CI/WADO_FULL_TEST to run
test fixture_test_os::wasm_import_has_start_wado ... ignored, set CI/WADO_FULL_TEST to run
test fixture_test_os::wasm_import_invalid_wasm_wado ... ignored, set CI/WADO_FULL_TEST to run
test fixture_test_os::wasm_import_invalid_wat_wado ... ignored, set CI/WADO_FULL_TEST to run
test fixture_test_os::wasm_import_user_wasm_wado ... ignored, set CI/WADO_FULL_TEST to run
test fixture_test_os::wasm_import_user_wat_wado ... ignored, set CI/WADO_FULL_TEST to run
test fixture_test_os::wasm_instructions_float_math_wado ... ignored, set CI/WADO_FULL_TEST to run
test fixture_test_os::wasm_name_conflict_closure_wado ... ignored, set CI/WADO_FULL_TEST to run
test fixture_test_os::wasm_name_conflict_entry_struct_wado ... ignored, set CI/WADO_FULL_TEST to run
test fixture_test_os::wasm_name_conflict_enum_wado ... ignored, set CI/WADO_FULL_TEST to run
test fixture_test_os::wasm_name_conflict_free_fn_wado ... ignored, set CI/WADO_FULL_TEST to run
test fixture_test_os::wasm_name_conflict_generic_fn_wado ... ignored, set CI/WADO_FULL_TEST to run
test fixture_test_os::wasm_name_conflict_global_wado ... ignored, set CI/WADO_FULL_TEST to run
test fixture_test_os::wasm_name_conflict_method_wado ... ignored, set CI/WADO_FULL_TEST to run
test fixture_test_os::wasm_name_conflict_newtype_wado ... ignored, set CI/WADO_FULL_TEST to run
test fixture_test_os::wasm_name_conflict_pub_use_alias_wado ... ignored, set CI/WADO_FULL_TEST to run
test fixture_test_os::wasm_name_conflict_struct_wado ... ignored, set CI/WADO_FULL_TEST to run
test fixture_test_os::wasm_name_conflict_trait_wado ... ignored, set CI/WADO_FULL_TEST to run
test fixture_test_os::wasm_name_conflict_variant_wado ... ignored, set CI/WADO_FULL_TEST to run
test fixture_test_os::while_merged_wado ... ignored, set CI/WADO_FULL_TEST to run
test fixture_test_os::wildcard_import_no_bind_wado ... ignored, set CI/WADO_FULL_TEST to run
test fixture_test_os::wildcard_import_wado ... ignored, set CI/WADO_FULL_TEST to run
test fixture_test_os::wir_issue6_circular_struct_variant_wado ... ignored, set CI/WADO_FULL_TEST to run
test fixture_test_os::wir_issue8_cross_module_variant_wado ... ignored, set CI/WADO_FULL_TEST to run
test fixture_test_os::wir_optimize_branchless_increment_wado ... ignored, set CI/WADO_FULL_TEST to run
test fixture_test_os::wir_optimize_copy_prop_destructure_wado ... ignored, set CI/WADO_FULL_TEST to run
test fixture_test_os::wir_optimize_cse_wado ... ignored, set CI/WADO_FULL_TEST to run
test fixture_test_os::wir_optimize_dae_wado ... ignored, set CI/WADO_FULL_TEST to run
test fixture_test_os::wir_optimize_dce_orphan_push_wado ... ignored, set CI/WADO_FULL_TEST to run
test fixture_test_os::wir_optimize_labeled_block_copy_prop_safety_wado ... ignored, set CI/WADO_FULL_TEST to run
test fixture_test_os::wir_optimize_labeled_block_copy_prop_wado ... ignored, set CI/WADO_FULL_TEST to run
test fixture_test_os::wir_optimize_negate_eqz_wado ... ignored, set CI/WADO_FULL_TEST to run
test fixture_test_os::wir_optimize_unwrap_fresh_elision_edge_wado ... ignored, set CI/WADO_FULL_TEST to run
test fixture_test_os::wir_optimize_unwrap_fresh_elision_wado ... ignored, set CI/WADO_FULL_TEST to run
test fixture_test_os::wir_optimize_value_copy_call_arg_needed_wado ... ignored, set CI/WADO_FULL_TEST to run
test fixture_test_os::wir_optimize_value_copy_chained_field_wado ... ignored, set CI/WADO_FULL_TEST to run
test fixture_test_os::wir_optimize_value_copy_if_fresh_wado ... ignored, set CI/WADO_FULL_TEST to run
test fixture_test_os::wir_optimize_value_copy_match_fresh_wado ... ignored, set CI/WADO_FULL_TEST to run
test fixture_test_os::wir_optimize_value_copy_multivalue_fresh_wado ... ignored, set CI/WADO_FULL_TEST to run
test fixture_test_os::wir_optimize_value_copy_mutation_needed_wado ... ignored, set CI/WADO_FULL_TEST to run
test fixture_test_os::wir_optimize_value_copy_str_bytes_loop_wado ... ignored, set CI/WADO_FULL_TEST to run
test fixture_test_os::wir_optimize_value_copy_variant_read_wado ... ignored, set CI/WADO_FULL_TEST to run
test fixture_test_os::wir_optimize_vcopy_deref_snapshot_wado ... ignored, set CI/WADO_FULL_TEST to run
test fixture_test_os::wir_optimize_vcopy_into_struct_wado ... ignored, set CI/WADO_FULL_TEST to run
test fixture_test_os::wir_optimize_vcopy_return_struct_wado ... ignored, set CI/WADO_FULL_TEST to run
test fixture_test_os::with_handler_body_return_is_definite_exit_wado ... ignored, set CI/WADO_FULL_TEST to run
test fixture_test_o2::wir_optimize_vcopy_into_struct_wado ... ok
test fixture_test_o2::wir_optimize_vcopy_return_struct_wado ... ok
test fixture_test_o2::with_handler_body_return_is_definite_exit_wado ... ok
test module_todo_with_passing_test_hard_fails - should panic ... ok
test run_test_world_signals_resolved_todo_via_sentinel ... ok

failures:

---- fixture_test_o0::struct_import_alias_wado stdout ----

thread 'fixture_test_o0::struct_import_alias_wado' (3386) panicked at wado-compiler/tests/e2e.rs:807:9:
[struct_import_alias.wado (O0)] compilation failed: /home/user/wado/wado-compiler/tests/fixtures/struct_import_alias.wado:8:5: analysis error: missing effect 'Stdout' required by 'println'; missing effect 'Stdout' required by 'println'
stack backtrace:
   0: __rustc::rust_begin_unwind
             at /rustc/59807616e1fa2540724bfbac14d7976d7e4a3860/library/std/src/panicking.rs:689:5
   1: core::panicking::panic_fmt
             at /rustc/59807616e1fa2540724bfbac14d7976d7e4a3860/library/core/src/panicking.rs:80:14
   2: e2e::run_normal_test::{{closure}}
             at ./tests/e2e.rs:807:9
   3: unwrap_or_else<wado_compiler::CompileResult, wado_compiler::CompileError, e2e::run_normal_test::{closure_env#1}>
             at /rustc/59807616e1fa2540724bfbac14d7976d7e4a3860/library/core/src/result.rs:1622:23
   4: run_normal_test
             at ./tests/e2e.rs:806:41
   5: run_fixture_test_with_opt
             at ./tests/e2e.rs:742:5
   6: fixture_test_o0
             at ./tests/e2e.rs:961:5
   7: struct_import_alias_wado
             at ./tests/e2e.rs:1030:1
   8: {closure#0}
             at ./tests/e2e.rs:1046:2
   9: call_once<e2e::fixture_test_o0::struct_import_alias_wado::{closure_env#0}, ()>
             at /rustc/59807616e1fa2540724bfbac14d7976d7e4a3860/library/core/src/ops/function.rs:250:5
  10: <fn() -> core::result::Result<(), alloc::string::String> as core::ops::function::FnOnce<()>>::call_once
             at /rustc/59807616e1fa2540724bfbac14d7976d7e4a3860/library/core/src/ops/function.rs:250:5
note: Some details are omitted, run with `RUST_BACKTRACE=full` for a verbose backtrace.

---- fixture_test_o0::struct_import_collision_wado stdout ----

thread 'fixture_test_o0::struct_import_collision_wado' (3387) panicked at wado-compiler/tests/e2e.rs:807:9:
[struct_import_collision.wado (O0)] compilation failed: /home/user/wado/wado-compiler/tests/fixtures/struct_import_collision.wado:21:5: analysis error: missing effect 'Stdout' required by 'println'; missing effect 'Stdout' required by 'println'; missing effect 'Stdout' required by 'println'
stack backtrace:
   0: __rustc::rust_begin_unwind
             at /rustc/59807616e1fa2540724bfbac14d7976d7e4a3860/library/std/src/panicking.rs:689:5
   1: core::panicking::panic_fmt
             at /rustc/59807616e1fa2540724bfbac14d7976d7e4a3860/library/core/src/panicking.rs:80:14
   2: e2e::run_normal_test::{{closure}}
             at ./tests/e2e.rs:807:9
   3: unwrap_or_else<wado_compiler::CompileResult, wado_compiler::CompileError, e2e::run_normal_test::{closure_env#1}>
             at /rustc/59807616e1fa2540724bfbac14d7976d7e4a3860/library/core/src/result.rs:1622:23
   4: run_normal_test
             at ./tests/e2e.rs:806:41
   5: run_fixture_test_with_opt
             at ./tests/e2e.rs:742:5
   6: fixture_test_o0
             at ./tests/e2e.rs:961:5
   7: struct_import_collision_wado
             at ./tests/e2e.rs:1030:1
   8: {closure#0}
             at ./tests/e2e.rs:1046:2
   9: call_once<e2e::fixture_test_o0::struct_import_collision_wado::{closure_env#0}, ()>
             at /rustc/59807616e1fa2540724bfbac14d7976d7e4a3860/library/core/src/ops/function.rs:250:5
  10: <fn() -> core::result::Result<(), alloc::string::String> as core::ops::function::FnOnce<()>>::call_once
             at /rustc/59807616e1fa2540724bfbac14d7976d7e4a3860/library/core/src/ops/function.rs:250:5
note: Some details are omitted, run with `RUST_BACKTRACE=full` for a verbose backtrace.

---- fixture_test_o2::struct_import_alias_wado stdout ----

thread 'fixture_test_o2::struct_import_alias_wado' (7122) panicked at wado-compiler/tests/e2e.rs:807:9:
[struct_import_alias.wado (O2)] compilation failed: /home/user/wado/wado-compiler/tests/fixtures/struct_import_alias.wado:8:5: analysis error: missing effect 'Stdout' required by 'println'; missing effect 'Stdout' required by 'println'
stack backtrace:
   0: __rustc::rust_begin_unwind
             at /rustc/59807616e1fa2540724bfbac14d7976d7e4a3860/library/std/src/panicking.rs:689:5
   1: core::panicking::panic_fmt
             at /rustc/59807616e1fa2540724bfbac14d7976d7e4a3860/library/core/src/panicking.rs:80:14
   2: e2e::run_normal_test::{{closure}}
             at ./tests/e2e.rs:807:9
   3: unwrap_or_else<wado_compiler::CompileResult, wado_compiler::CompileError, e2e::run_normal_test::{closure_env#1}>
             at /rustc/59807616e1fa2540724bfbac14d7976d7e4a3860/library/core/src/result.rs:1622:23
   4: run_normal_test
             at ./tests/e2e.rs:806:41
   5: run_fixture_test_with_opt
             at ./tests/e2e.rs:742:5
   6: fixture_test_o2
             at ./tests/e2e.rs:967:5
   7: struct_import_alias_wado
             at ./tests/e2e.rs:1030:1
   8: {closure#0}
             at ./tests/e2e.rs:1046:2
   9: call_once<e2e::fixture_test_o2::struct_import_alias_wado::{closure_env#0}, ()>
             at /rustc/59807616e1fa2540724bfbac14d7976d7e4a3860/library/core/src/ops/function.rs:250:5
  10: <fn() -> core::result::Result<(), alloc::string::String> as core::ops::function::FnOnce<()>>::call_once
             at /rustc/59807616e1fa2540724bfbac14d7976d7e4a3860/library/core/src/ops/function.rs:250:5
note: Some details are omitted, run with `RUST_BACKTRACE=full` for a verbose backtrace.

---- fixture_test_o2::struct_import_collision_wado stdout ----

thread 'fixture_test_o2::struct_import_collision_wado' (7123) panicked at wado-compiler/tests/e2e.rs:807:9:
[struct_import_collision.wado (O2)] compilation failed: /home/user/wado/wado-compiler/tests/fixtures/struct_import_collision.wado:21:5: analysis error: missing effect 'Stdout' required by 'println'; missing effect 'Stdout' required by 'println'; missing effect 'Stdout' required by 'println'
stack backtrace:
   0: __rustc::rust_begin_unwind
             at /rustc/59807616e1fa2540724bfbac14d7976d7e4a3860/library/std/src/panicking.rs:689:5
   1: core::panicking::panic_fmt
             at /rustc/59807616e1fa2540724bfbac14d7976d7e4a3860/library/core/src/panicking.rs:80:14
   2: e2e::run_normal_test::{{closure}}
             at ./tests/e2e.rs:807:9
   3: unwrap_or_else<wado_compiler::CompileResult, wado_compiler::CompileError, e2e::run_normal_test::{closure_env#1}>
             at /rustc/59807616e1fa2540724bfbac14d7976d7e4a3860/library/core/src/result.rs:1622:23
   4: run_normal_test
             at ./tests/e2e.rs:806:41
   5: run_fixture_test_with_opt
             at ./tests/e2e.rs:742:5
   6: fixture_test_o2
             at ./tests/e2e.rs:967:5
   7: struct_import_collision_wado
             at ./tests/e2e.rs:1030:1
   8: {closure#0}
             at ./tests/e2e.rs:1046:2
   9: call_once<e2e::fixture_test_o2::struct_import_collision_wado::{closure_env#0}, ()>
             at /rustc/59807616e1fa2540724bfbac14d7976d7e4a3860/library/core/src/ops/function.rs:250:5
  10: <fn() -> core::result::Result<(), alloc::string::String> as core::ops::function::FnOnce<()>>::call_once
             at /rustc/59807616e1fa2540724bfbac14d7976d7e4a3860/library/core/src/ops/function.rs:250:5
note: Some details are omitted, run with `RUST_BACKTRACE=full` for a verbose backtrace.


failures:
    fixture_test_o0::struct_import_alias_wado
    fixture_test_o0::struct_import_collision_wado
    fixture_test_o2::struct_import_alias_wado
    fixture_test_o2::struct_import_collision_wado

test result: FAILED. 2782 passed; 4 failed; 4176 ignored; 0 measured; 0 filtered out; finished in 512.99s

error: test failed, to rerun pass `-p wado-compiler --test e2e`
E2E_EXIT=101
